id,loyalty_account_id,transaction_type,points,reward_id,related_checkout_id,occurred_at
2c7350b5-9ee4-4ffe-97a9-ed0610fd3cba,76ff50b9-de80-4187-9307-53dfff1888ec,earn,100,,,2025-10-09T16:42:10
e2d0c473-1211-4e1a-827e-821d2c933c04,1660f1d4-fb0e-4061-b76b-1a3ca369d663,earn,100,,,2026-02-25T16:42:10
6b59205c-275f-48eb-be7d-14d714b159eb,824bb7a0-8249-4bed-99ae-5fdf330a32fd,earn,100,,,2025-07-18T16:42:10
0d8dc773-48a9-4c80-a8bd-354cf2a26b78,f6dc4747-aa9f-431b-a43f-257dbfe27464,earn,100,,,2026-03-29T16:42:10
1847565a-32ce-412c-891d-78153aa47a8b,f6dc4747-aa9f-431b-a43f-257dbfe27464,expire,-100,,,2026-08-06T16:42:10
6ed15311-5ad9-4984-b262-5f22e8307790,084fe83e-3f8f-4cd3-a2fc-3d9d1e066b46,earn,100,,,2024-08-27T16:42:10
18bc5230-03a1-449f-b579-3c61abf601cd,b22c7234-f186-4182-978d-623bc030aa97,earn,100,,,2026-02-25T16:42:10
8a4037b8-da4b-4423-9b57-8cdff25ead01,b22c7234-f186-4182-978d-623bc030aa97,earn,36,,8d41557f-4454-449a-886b-2f0ec1be9680,2026-05-08T04:11:04
bd4b19e8-dd60-4e81-8173-869bd65bb0d2,b22c7234-f186-4182-978d-623bc030aa97,earn,28,,9204eef5-a92b-4c47-9d34-3cbbf1842398,2026-05-05T20:09:01
c8ada2f5-6bca-41c9-9995-12fcbe54d96c,3b30c2a0-218b-405e-aeb3-685c29cd31bd,earn,100,,,2025-01-23T16:42:10
9590e665-d90c-43a9-965d-058d37f2056f,b85ad004-129a-4cf4-bef7-eed3afa99962,earn,100,,,2024-12-14T16:42:10
cfc9051e-b6e8-4616-87ac-bf282ef1b07d,a1f00d42-e390-40b8-9b4e-5a3b39d2d14b,earn,100,,,2025-09-29T16:42:10
ea6e7c80-ab19-42f3-97b1-c979a5781040,516c697a-6911-4c07-9c15-c4a50962e0e8,earn,100,,,2026-06-06T16:42:10
f1ada441-a6a4-4538-8638-caa2cac9838d,2f043407-e8ca-4e9b-a3f0-f10b94145ed1,earn,100,,,2024-12-22T16:42:10
dc347f8b-2a63-4677-92c6-f417c9bfcacc,38ce3193-7500-4244-bd30-583d9111e3d6,earn,100,,,2025-05-30T16:42:10
8cc2ae74-edfa-455a-b041-a74327cca19f,17b7dd19-a6a6-47e9-adfb-3790f66d77ed,earn,100,,,2026-07-16T16:42:10
d016c091-7390-404a-9611-ee692ef22374,101f5522-b830-4973-b89b-27a074a38d9c,earn,100,,,2026-05-21T16:42:10
7af5589b-b0cf-429b-aeb4-7922cd94a2e3,101f5522-b830-4973-b89b-27a074a38d9c,earn,6,,1d38cb36-4a5d-4019-8bd7-8af6fdf6ec58,2026-08-02T07:02:04
e1d81705-80c5-47d0-859b-209c1701ee2f,52d78e7e-3912-4978-a9bc-713e2a7e235e,earn,100,,,2025-01-03T16:42:10
f3ad7adb-48dc-4dbf-a0bf-3ae4d2918705,52d78e7e-3912-4978-a9bc-713e2a7e235e,earn,1,,671b6a01-0a22-4dda-b767-60b2cde9de39,2026-06-11T07:25:47
741cd3e5-3b4d-4a55-b747-bd08e8558314,374df976-cfb4-463f-b4a7-33dde01ae0dc,earn,100,,,2025-07-10T16:42:10
9f687bf4-8540-4f74-8c82-88c2dc035564,374df976-cfb4-463f-b4a7-33dde01ae0dc,earn,14,,ce852f53-dee0-4a82-baec-e5532d3f91d4,2026-02-22T00:25:38
8807f54a-1bd6-44c4-aa78-68c884620ee8,44a89b26-82c6-4f1f-a1c8-51abeba7a346,earn,100,,,2026-05-05T16:42:10
4b44f658-8ba4-4b67-bd59-499d23d1d01d,44a89b26-82c6-4f1f-a1c8-51abeba7a346,earn,39,,8b94c4b7-6cca-4321-bf97-d1b058dabcc4,2026-04-07T04:14:04
89eaf69d-a637-4f30-9820-d74386d63b95,32b82605-0c38-4801-b837-e351a5556d38,earn,100,,,2025-03-01T16:42:10
44f705e6-b90d-490c-93ca-5f9f41629b47,783c7a65-12a7-438d-bb42-c0b02672f8f8,earn,100,,,2025-07-15T16:42:10
5f09f9fa-6ebb-4e77-bc8c-e92d3216bdc2,d2c61985-ce6a-424a-b6d2-cf945fcd0af6,earn,100,,,2026-03-04T16:42:10
bd55a678-32e8-4a31-b326-05cc18cdac59,bcf7b803-d1af-435e-8d7f-01b4188f90d3,earn,100,,,2024-11-14T16:42:10
a34deb86-3ccc-413a-98a0-5e2ea6420b78,3164ff78-eb12-4d71-affa-a28f6b982396,earn,100,,,2026-06-10T16:42:10
5f55ba4d-6c63-4ccb-bf54-9f058c627858,6d45c665-3d84-4172-a6f3-d5399870ff13,earn,100,,,2025-03-24T16:42:10
b0b60679-c095-437d-ad6a-0d81b8ab0b91,55dbbd4d-b62b-464d-9809-7cccba78ef24,earn,100,,,2026-07-14T16:42:10
89f53217-3aa4-4ab0-8d86-7d397b7a96de,0419e8b1-a1f1-4f53-9089-5a1a518eb487,earn,100,,,2024-12-19T16:42:10
2d3ffbb3-7c54-4e3b-99d3-de0540ac60b9,40b941b6-c608-4fa4-a3bc-40100cff3428,earn,100,,,2026-05-10T16:42:10
b05a271d-ae6a-4343-9cdf-2ad7a516def4,40b941b6-c608-4fa4-a3bc-40100cff3428,earn,32,,2fd3d01f-825a-4129-87b6-b1f916ed7176,2026-06-07T09:45:11
96499c67-e753-40b2-9004-5e3252049372,80e64b9e-5662-41ba-aa7b-f5d13e7e62df,earn,100,,,2024-10-06T16:42:10
0189ef97-6e01-48a2-a442-1b0f03de4d5b,56f1dac3-4f3d-4683-b923-ea9197849691,earn,100,,,2026-07-14T16:42:10
152d047e-f28c-4f1f-896a-ae06aa1a557d,629f34e4-c3be-4c15-a3c6-23dd3eeed13a,earn,100,,,2024-11-22T16:42:10
8dc10fc6-a701-4a5c-ab08-c873aa39804a,7ec1dfed-76c9-4a4e-8bc4-adf160c84871,earn,100,,,2025-02-06T16:42:10
d18e0f06-5907-496f-8ea4-69eb970e0f4a,51f6af71-9f54-4489-8b13-2dfba23ad0d4,earn,100,,,2025-11-07T16:42:10
ea546567-083b-44c3-885d-168d50bc8b23,c9b9eda0-abb9-48b3-80ac-9273f32c442c,earn,100,,,2025-10-14T16:42:10
e92ec73b-f887-4bde-833f-27e40611c157,902e449c-3e36-4ba2-b467-bdb2401d541a,earn,100,,,2025-06-14T16:42:10
d843d7df-1186-4cc9-a18c-2cd6d885a9ce,01adf6b3-6e04-4439-9f2f-f1d55892d490,earn,100,,,2026-02-28T16:42:10
02e2456e-0e20-4e1a-9e0f-7c2296aa2448,01adf6b3-6e04-4439-9f2f-f1d55892d490,earn,53,,51c8e52d-a43d-449d-b927-deef8853935d,2026-04-22T02:06:54
b6237074-eb71-43fe-b1ae-ad4688205933,f27f50cf-1c43-4f6c-ade8-2e6950d2faf4,earn,100,,,2025-06-09T16:42:10
6fc2c12e-2cfa-46b1-a14b-cbaa4351b5ae,f27f50cf-1c43-4f6c-ade8-2e6950d2faf4,earn,12,,8ca92c1c-838f-4163-8436-e1706d5d9e49,2026-02-22T12:33:30
77f6c764-0c8a-46a2-a102-8ca83c186600,534a137c-70cf-4e12-adc2-5af60ed8e9ff,earn,100,,,2025-09-14T16:42:10
accb0912-8e9d-46c5-9d5e-de62dd0b871b,534a137c-70cf-4e12-adc2-5af60ed8e9ff,expire,-100,,,2026-07-31T16:42:10
1f88f9b1-22fc-4738-b227-ea5c8a940545,602164f0-ad2a-4ffe-9c45-7f18eeb53e3e,earn,100,,,2025-06-16T16:42:10
6323f85e-e19b-489f-bfa7-8f31c4b7ddcd,63394fb7-52c8-4b83-8b88-232af280e544,earn,100,,,2026-06-13T16:42:10
d65cdd57-7246-421a-8ef2-e742848295d8,cf7669ff-ba73-41b5-af23-38711680e64f,earn,100,,,2025-07-20T16:42:10
d2ff9ad8-874f-4984-b35e-2bff49a76dd2,435a20a1-2e75-438a-b40a-624c18a0b847,earn,100,,,2025-12-27T16:42:10
10bd12c1-cffe-4f26-b7d9-d827d9304c19,5c14aa22-aead-4467-af32-f5bbe325b5e5,earn,100,,,2024-11-08T16:42:10
fd1c9589-92ca-4062-8083-69043bb5bb1e,5c14aa22-aead-4467-af32-f5bbe325b5e5,earn,6,,f45ef13f-3ea8-451d-86d8-95b59d7108de,2026-06-19T14:44:14
141da344-0558-4811-8bfe-dda2403d6a3c,eeef9fd6-ee90-4065-8b12-cb490686a4fe,earn,100,,,2026-06-14T16:42:10
37f02d39-dc29-4249-853e-1cb8a30da135,5c0a21f9-9933-4518-9623-c37dc7d3e1ac,earn,100,,,2026-01-04T16:42:10
d066810b-025e-4722-88fe-088a30aba63d,5c0a21f9-9933-4518-9623-c37dc7d3e1ac,earn,12,,4cdcbcc1-ac4d-4f3f-a5a9-e3e1b8f2684d,2026-04-01T11:29:59
19f84317-2468-4e6c-b747-f812327efb14,19bfd7f2-20b0-42d1-a745-5d1d1af9548a,earn,100,,,2025-03-12T16:42:10
a52c1f7e-c988-44d0-bc8e-80035a245270,7d94d322-41d0-44fc-bbe7-32ed161e3c33,earn,100,,,2025-11-03T16:42:10
7e52d0e8-3c9a-4249-ac18-c1ee154cae7c,daf2ce6e-557f-4ede-9e1c-014e58566c7e,earn,100,,,2024-09-12T16:42:10
9bd86281-0494-4164-86ca-fdaa90951183,6f14ad1e-cd2e-4e7c-bd81-427b16c91417,earn,100,,,2025-09-28T16:42:10
e5c54026-078d-47f0-b8fc-39a06b926aa1,ef628c27-89f5-46a2-9a96-4921d6503589,earn,100,,,2025-10-09T16:42:10
a21a27ad-61f7-4019-9a0a-fc8f3e20e0ef,309c44f8-1d6a-4dd4-a302-c7114df1c919,earn,100,,,2024-09-04T16:42:10
bd68b243-043d-4a12-9522-c817f3346e1a,90179c3b-c045-4bdd-8f79-78376be659ea,earn,100,,,2025-04-23T16:42:10
e515e191-6041-44ea-8ec6-38224d911932,90179c3b-c045-4bdd-8f79-78376be659ea,earn,6,,97fa50be-01b2-4a4f-9c47-0eeb3e21cd18,2026-07-09T22:57:30
23ac99ff-f36d-43bc-a202-7ffb99649193,4ee365e7-798a-4379-b60c-03137f612247,earn,100,,,2025-01-05T16:42:10
ed061e93-a318-40ec-ac61-ef6f7a78178a,acefd013-1eb3-4582-8471-c5b94949d8ba,earn,100,,,2024-10-04T16:42:10
aafb9aac-dcff-4b95-b357-c2c8e4a3ff80,638d56c2-0d58-4151-82b8-f5e0f1e9d0d9,earn,100,,,2024-12-25T16:42:10
07a1b0a3-72cc-4ed7-bd73-7414181e01f3,e1d25178-0b09-4b33-92a6-ea1752e4b35c,earn,100,,,2025-09-24T16:42:10
0d0eedfd-1995-4043-9602-5a6d065c91c1,7a9cb750-4dd4-4e72-b5a4-cf858c61672d,earn,100,,,2026-03-07T16:42:10
c3df9d3a-adc4-4648-924b-c2ba930e4ba7,237eedca-e39d-4fd5-9aaa-2976134978d3,earn,100,,,2025-01-23T16:42:10
5fd1788a-ce5b-419e-95ee-02c58b8b85dc,b82257d8-9f6f-44e5-a922-6508082e5fe3,earn,100,,,2025-09-12T16:42:10
5e0dc9b5-399f-40c6-aae3-b1718a0429d3,96b5c499-336e-4485-8263-986e766286b8,earn,100,,,2025-03-09T16:42:10
e134e41d-4d95-42de-ac1a-4d6e5b8e2c38,96b5c499-336e-4485-8263-986e766286b8,expire,-100,,,2026-08-13T16:42:10
b7b7471e-8612-4a1b-95f9-f7c562fdf07a,904dc33e-3b02-4862-9c01-1fdf1b2dd669,earn,100,,,2025-11-27T16:42:10
d9824953-f672-4632-a759-df355cba3ba3,a28cd0a6-3da4-46da-87b2-89079fe71d1e,earn,100,,,2024-09-01T16:42:10
215e8c37-5643-42fa-8aed-676a7a091533,6a7fe44a-8164-4d3e-86cb-ae9c2ec251ea,earn,100,,,2024-11-28T16:42:10
81eb6a1a-7e43-4970-b6b7-4fc185d96299,36c4cd60-6918-4c94-84e8-ef8a22ab8f1c,earn,100,,,2026-03-29T16:42:10
cb60e3cf-8974-4319-b2df-7e6a30143346,38a7c6a9-82b3-4f30-a400-c41c68431b53,earn,100,,,2025-09-17T16:42:10
e6fa7285-b76a-4178-9790-24b26094d2d8,38a7c6a9-82b3-4f30-a400-c41c68431b53,earn,14,,69d47978-74a6-409f-8507-3c829dc5c98a,2026-07-02T00:44:11
d91b091e-a1ff-40eb-b564-fe54750c791d,81604057-e66a-451b-bb81-d44efaaf67f6,earn,100,,,2025-02-01T16:42:10
dfa00b5d-c547-485b-89e0-fef48e9b986c,7e5a36e7-47e4-441f-a734-a533cab907ef,earn,100,,,2026-03-10T16:42:10
0391cbe0-ea7e-428a-ad24-396a8e9cd1b6,f4773a9e-e912-49d8-99fd-64ff73c8fc9d,earn,100,,,2025-11-13T16:42:10
87066ec9-66dc-493f-bf51-ee70e9e0fbaf,5fd10669-f2e4-4ecc-b0c8-e87d6635486f,earn,100,,,2025-09-27T16:42:10
69740d9b-84d6-4c81-b11a-c8dc64c37809,a543240e-9145-4d00-a65f-885658d23ab5,earn,100,,,2024-10-22T16:42:10
0f0709f5-5ad2-4b8f-93b6-e3111082cce4,da45b898-c943-434f-9c58-0becc0b9a337,earn,100,,,2025-05-05T16:42:10
a1264030-2abc-482d-bafe-7b01668b2698,da45b898-c943-434f-9c58-0becc0b9a337,earn,14,,0b328781-f171-4bc0-81c1-7f80ac82282b,2026-07-17T12:00:45
10ae1cb8-ce16-4d7d-93f4-4ee22f546811,da45b898-c943-434f-9c58-0becc0b9a337,expire,-69,,,2026-07-25T16:42:10
1e4249c8-f79d-47d2-8d58-609f8e2bf5d3,ba790303-a743-4bf7-b30e-299f886676da,earn,100,,,2024-12-07T16:42:10
bb1ebf37-1d99-4adf-9ab8-42d39982c262,27c59177-a01a-4a7f-9a88-2eb37f8fd3fc,earn,100,,,2025-11-10T16:42:10
749878d4-f544-4c23-a2cc-b90aa499791d,27c59177-a01a-4a7f-9a88-2eb37f8fd3fc,earn,6,,2fdede09-005e-4e94-9d24-743050673091,2026-02-19T15:34:42
71e2b8ed-437d-4cb0-b08b-e414d885a481,cd553c1f-5cce-4388-816a-f165b9f45425,earn,100,,,2025-08-07T16:42:10
19c70f29-96e8-486a-a645-dd85cde376c2,b741f648-ffd5-4b95-8a12-9ceeacd72b68,earn,100,,,2025-08-31T16:42:10
a65a7746-9c47-4196-a067-c0b914cc9438,501ce210-ffc1-49f9-ab03-b532bace5430,earn,100,,,2024-09-10T16:42:10
5a26c9d9-6c46-4b2d-aa84-8996f6bb13f0,3377ce8d-674d-4210-9648-26602bc64598,earn,100,,,2026-01-15T16:42:10
6070f5e5-a0dc-41b2-837a-1ccd408c56a4,fd712e11-3ae2-4621-a819-9e28db30eea5,earn,100,,,2024-12-19T16:42:10
6f7c7cc8-14b8-4578-91fb-f8eb02567beb,a57dd037-687b-425d-8aa8-a07df4cc456c,earn,100,,,2026-05-26T16:42:10
a8fd0ef9-e66b-4cfe-9253-db5104d87e58,311a8a0e-9d96-4e3f-905c-ac3acc84a162,earn,100,,,2026-05-14T16:42:10
990ba146-d2d8-4c56-a2a1-031aabaad28a,acb050e2-5b72-4ca7-b8ad-0e16c7ef4c95,earn,100,,,2025-03-25T16:42:10
9bf4c035-b3cb-406f-a559-bb11ce6e4115,6bf27b0e-a912-4668-ada8-faa34a67fc15,earn,100,,,2026-01-14T16:42:10
aa587a5f-37bc-47d9-8353-65316b90e5a5,6bf27b0e-a912-4668-ada8-faa34a67fc15,earn,35,,43b564c5-1735-4e4c-bb18-b5a4834f99cf,2026-04-01T15:44:50
34ade871-135d-43c4-aae9-15f3f1d70667,3e5427e8-dca6-486e-8261-793a05867634,earn,100,,,2025-07-05T16:42:10
49cc20f5-1e18-44a1-a6f2-e56059a97839,07dfcf4a-eacb-4d54-bb16-451e19196ef6,earn,100,,,2026-02-04T16:42:10
93e587d7-c018-4ec5-81c0-565af0ad00f6,8d3f7890-2246-44a0-bd7b-8014994751ba,earn,100,,,2025-09-04T16:42:10
e235b3a4-2d4e-4832-b820-f524da73209e,64c6ada7-e78e-4e7d-883d-c661e77878dc,earn,100,,,2025-11-23T16:42:10
d9bd9b72-591c-4f29-bf59-f9ad630cfd54,223e6b78-a40c-45b6-87e8-e166e31a2d27,earn,100,,,2025-12-12T16:42:10
4122082e-8c7f-4656-9df6-eef3ceb3bf7b,759315a1-778a-4321-83da-0cfd02da5642,earn,100,,,2025-01-01T16:42:10
334ef75f-260d-43be-8e0a-60719c0a78da,7e85bf7a-1ca3-47e5-93da-79bab3ef747b,earn,100,,,2025-07-29T16:42:10
fe5e50ea-07bb-436a-9764-f4cbefd2ce21,7e85bf7a-1ca3-47e5-93da-79bab3ef747b,earn,29,,7d2f7fc8-28a5-423d-aa04-1feabd721464,2026-03-02T23:50:01
3193ef34-e2b4-4282-83cd-f82b167c05ae,7e85bf7a-1ca3-47e5-93da-79bab3ef747b,earn,24,,a18271ab-80cf-470c-bea9-5f4e51148ff9,2026-04-13T01:27:29
3a3008ae-51f8-490d-a44a-f6aaa6762694,2463cf71-d2c9-4da2-8d33-8e5729ba8def,earn,100,,,2025-03-16T16:42:10
98adccf1-f761-4e9f-bc83-7655b82736de,8cc4fe12-8cad-42db-bc9b-e2212a6bbc87,earn,100,,,2025-01-04T16:42:10
0d743ea0-6413-46db-a342-ed6dc8d31955,61f85416-10cb-4d47-9fbd-6196ab650919,earn,100,,,2025-12-19T16:42:10
772936cb-bb45-4203-8b60-60a7780dad4f,85bc5d49-4a59-4529-94a1-37fcb4062fcc,earn,100,,,2025-02-26T16:42:10
d79f9f74-b9e1-4fd5-b089-533427f2bd75,85bc5d49-4a59-4529-94a1-37fcb4062fcc,earn,12,,a0a9aca5-a2b2-4314-b074-3d4ab437d3f9,2026-06-15T17:06:31
adbec1de-abbc-46e6-a383-dfd804f52370,a30d5f08-f06f-445b-a9ea-2cd058d98096,earn,100,,,2025-12-27T16:42:10
6d9b7474-f871-4ea4-b819-35288e44f9be,7493ad06-ef37-4a17-bc82-f434a584366b,earn,100,,,2026-06-13T16:42:10
8f280f85-5a5d-4caf-86a1-07e0f3e4c377,261dd0da-1a72-4d1a-8c95-acbcbc40a285,earn,100,,,2024-09-09T16:42:10
7eebb42f-6871-4114-86dc-3853fe361d85,261dd0da-1a72-4d1a-8c95-acbcbc40a285,earn,12,,afda4288-304d-4828-acdb-80d4f560bb27,2026-05-12T01:57:54
eabd43dc-1539-4520-9d06-fa05fd24bff5,a72d0bb1-033e-4277-9ff9-7c7e0b967eff,earn,100,,,2025-03-05T16:42:10
a26f7f12-8f3b-472f-bebf-b73d9c5e6650,13ee9659-22d7-4c96-90ba-f3e9ac0b146a,earn,100,,,2025-03-31T16:42:10
fe3e5775-0414-46f4-baa9-f8a528726a00,0294ba29-ba9a-4591-97e8-125cb8265d1f,earn,100,,,2026-05-28T16:42:10
97c3d95b-728e-4b10-910e-9a9b901a9252,0294ba29-ba9a-4591-97e8-125cb8265d1f,earn,7,,b68a9b74-c293-40be-9fa0-f97f4b2e4075,2026-06-03T00:34:26
2f229837-f2c9-44f6-9b36-ab7da3200506,1f84c74e-c86c-4d93-a61d-1518c91c9674,earn,100,,,2026-01-30T16:42:10
1bef40d2-d75a-4ff6-939d-b0612a9746b3,24c93a7f-9d2c-4945-950c-4d0cb1984e48,earn,100,,,2025-03-11T16:42:10
78c31528-6205-4dab-a689-4a0c7b769735,24c93a7f-9d2c-4945-950c-4d0cb1984e48,earn,43,,1f91b07b-e349-4e3a-aa24-c8e8b94970d6,2026-07-15T06:31:11
f4396c9d-7b6c-45bc-9c57-3caca5c4dc4e,d9a6596b-e3d5-48d2-862f-5fc1f0f90076,earn,100,,,2026-03-06T16:42:10
7191e00b-b8d2-40a9-9989-8c0d66fdd435,584397c7-6b9e-4e0e-810a-b2fa83ce11b3,earn,100,,,2024-09-16T16:42:10
23eaea9b-5204-40e0-ab98-092509fbe15f,b0c71f70-cb28-4012-9bd8-9362001a6e3f,earn,100,,,2026-06-21T16:42:10
b7b02a25-4fbe-46c9-b6de-a127a9d69610,701f9a2f-a270-4153-b9c5-0f6669b9d11c,earn,100,,,2024-08-29T16:42:10
ce90fa54-5fa8-48a1-a4b6-66a740e02b44,701f9a2f-a270-4153-b9c5-0f6669b9d11c,earn,36,,75928a6c-c3d1-4a85-937c-11c489c9c921,2026-07-02T10:06:19
13296d2f-e204-4cf1-aa09-c26b72a08df4,532a41e6-f50c-487b-9239-5bd6d8377a99,earn,100,,,2025-06-14T16:42:10
a35e202d-5132-4f73-9020-991c1fa9d5b0,18741462-7b19-4538-90b0-9731e9db25b3,earn,100,,,2025-09-26T16:42:10
85d48bc3-b7a4-48fe-96eb-7730bd134159,ba81d5d6-b236-4cab-a99c-0e22562a022d,earn,100,,,2024-12-08T16:42:10
873760b7-7e8a-4d12-b916-54bd675c9fd2,ba81d5d6-b236-4cab-a99c-0e22562a022d,expire,-87,,,2026-08-02T16:42:10
bd24e994-f73b-4fb3-8d75-5ccf409553ac,602a1fa2-531a-471f-9728-c393b4c7bd81,earn,100,,,2025-10-04T16:42:10
82e6293b-488b-4697-a3eb-80b377392be7,bc0557cd-18ea-4a8e-b932-b7b273444595,earn,100,,,2026-06-25T16:42:10
5130e185-c71e-42e8-9be8-9988bf6ede00,9942ed9d-b9ec-4c1a-b550-86a2ad0e4877,earn,100,,,2026-04-24T16:42:10
ef943556-6f6d-4388-8ee9-cf7de80d1338,f91f38ad-b29a-4c56-826d-504a1e19a929,earn,100,,,2025-01-03T16:42:10
4b070439-6198-468c-8afb-f20f9d5cf031,194b3135-e2f3-4ca8-9097-1b9ce4666691,earn,100,,,2024-10-25T16:42:10
f8de9e33-fcfa-422d-a1d8-cbd11c34e04f,194b3135-e2f3-4ca8-9097-1b9ce4666691,earn,6,,4c6f812a-9e6c-4051-bb58-de0c8d48b36d,2026-06-19T13:12:03
15158132-5fcc-4036-9ac2-dc605798e5c8,194b3135-e2f3-4ca8-9097-1b9ce4666691,earn,28,,775437b1-d549-41bd-bfa4-83e9a472d52d,2026-05-17T21:16:24
406550d9-a78a-4783-a3a0-2ced86b7c3a7,194b3135-e2f3-4ca8-9097-1b9ce4666691,earn,14,,416a9ffb-85c5-408e-aba0-728c2bb20346,2026-03-20T11:59:45
7be80ffa-fad5-45a7-8370-07910cb5828b,726ca976-d9d6-45e5-98b3-893c52ab3a90,earn,100,,,2025-03-31T16:42:10
5203c0fa-f72e-4722-9601-214e0af061c7,726ca976-d9d6-45e5-98b3-893c52ab3a90,earn,38,,c239366f-2f12-47c8-be98-83258ae7555e,2026-04-16T17:48:20
0f6630e9-0f97-452b-b70a-a06425268999,04915e55-99d3-4f46-ba91-bc05707d6e00,earn,100,,,2026-04-21T16:42:10
3d3a95a0-cfbc-480b-98eb-1ba21bfb5768,e4a3b0f8-d76e-4660-91b4-3c64d3238a4e,earn,100,,,2026-01-31T16:42:10
ee298f94-b531-4f0c-9cd6-0140457a147a,c007d7a9-5dcb-4232-aab3-b4285e7f262a,earn,100,,,2025-04-19T16:42:10
f55ec36d-cfce-4f43-8f21-1c6ca3283bde,8146743e-439c-4f21-a281-35cbc092b41d,earn,100,,,2026-04-25T16:42:10
4ba0e8d0-900b-45a4-8fcc-e21484632b60,8146743e-439c-4f21-a281-35cbc092b41d,earn,39,,a4424dea-5fee-465b-93a4-9cb2817e1f5d,2026-04-29T18:06:09
f09e23cc-58e4-4fcf-a8c0-ba2d37f4d566,8146743e-439c-4f21-a281-35cbc092b41d,earn,33,,036dfe4f-93eb-4e6d-8f67-0cdfaf3a043f,2026-02-20T07:38:37
b6bf3b03-a9df-467e-9cee-1f44315baeb5,85b6b2f6-b628-438b-be12-9cd9b1565cfa,earn,100,,,2025-02-01T16:42:10
54e9f1c2-21d6-4371-a077-4b7343dcbe40,85b6b2f6-b628-438b-be12-9cd9b1565cfa,earn,26,,3796752e-8bdc-464c-ad1e-ede308d15bc2,2026-05-25T08:22:08
6c6b00d3-8572-4c9f-843c-d0f3245d4518,3fa8b319-170c-4831-a675-47ac1baff6b2,earn,100,,,2025-07-06T16:42:10
ca606792-29b9-4771-a5ac-d5f2d7c31c82,6bbdcd44-425f-4e5f-94c7-e3f743877d05,earn,100,,,2024-11-15T16:42:10
fdbf4cfe-b351-4222-8175-9d42bd3d88e5,9caf2f9b-e3a3-4e00-a972-fa96afba4b52,earn,100,,,2025-10-29T16:42:10
9018b886-32c6-453c-ac2d-783f6d59707c,c608ae5d-5e1b-4842-83cb-2f87fae40a0e,earn,100,,,2025-05-06T16:42:10
6f822980-6d73-4cbe-ba4b-3bfd45a5f99a,497af7a7-307a-4201-8434-5feff56a324d,earn,100,,,2025-04-22T16:42:10
96ba3757-5a75-426e-befa-984859b70e19,7fa284df-f883-417e-9f24-9e237e1679e1,earn,100,,,2025-02-06T16:42:10
6f4d2ac0-31b7-4b14-9d42-3dd149f369c1,31267331-3b9b-439f-be7d-316a27aa0dee,earn,100,,,2025-05-08T16:42:10
e699f433-fe51-45d3-9521-29fe0a5344a0,31267331-3b9b-439f-be7d-316a27aa0dee,earn,22,,9ad28bc4-c3f6-4063-9281-879d7062b21e,2026-07-17T21:56:08
794680e1-ca21-4d11-92f4-05cf156afc33,6eae5eae-b810-410d-932c-e25786583ddf,earn,100,,,2026-05-16T16:42:10
f028a865-c3f5-441e-bc09-cf9dc61b8efe,5f4005c9-69b4-46d6-8baa-77cf3bf7bac6,earn,100,,,2026-02-27T16:42:10
4e0fb391-c19c-4f78-a0dd-a04d08e37a02,5f4005c9-69b4-46d6-8baa-77cf3bf7bac6,earn,20,,8cd00b1e-a4bc-4d3f-beea-787da58dbb88,2026-04-19T12:36:00
f31c3e87-2f29-4dcb-b88d-256f4da0ef03,5f4005c9-69b4-46d6-8baa-77cf3bf7bac6,expire,-120,,,2026-07-21T16:42:10
5253e398-1277-440e-ae79-098fc4078c92,74bb89c2-f905-40bc-92bd-04f6f99de7d0,earn,100,,,2025-12-05T16:42:10
b50e093e-bebf-40f2-9df5-13caf7e56173,74bb89c2-f905-40bc-92bd-04f6f99de7d0,earn,18,,e5316120-a579-43be-b2d1-a1d90cfa6d06,2026-06-07T06:51:58
100311d3-fbe9-4200-8d43-fc889cb858d6,74bb89c2-f905-40bc-92bd-04f6f99de7d0,earn,11,,90fe9d55-3a62-4e3c-b9e5-fa7c6ca62305,2026-07-14T15:01:36
c437762d-c9a5-4fd1-8b56-ee9455f6e92a,d78842f6-5ad7-4bbd-8a08-bfa9adc70773,earn,100,,,2026-04-14T16:42:10
1309a900-339c-499d-bd84-088274229cd8,0fc8602c-80eb-42df-ac87-505d91da7711,earn,100,,,2024-09-23T16:42:10
582c397c-b0cc-4f28-bea3-9535d0b30d33,49803e3c-156e-4d2a-af9a-177add07fd2b,earn,100,,,2025-03-16T16:42:10
1dbd4f30-f221-4b2e-8592-6cb3e1e34a15,3908bf11-d501-4f3f-8e30-b42f3f0f3796,earn,100,,,2026-01-29T16:42:10
b4d6f378-0b15-49d6-af48-066e41a3c728,c833161b-d6ec-4f0b-b434-ec0d4ecd768e,earn,100,,,2024-08-28T16:42:10
64af1305-652e-4297-a64f-20621a067cd7,e44a4a6e-6eae-438c-801c-b6e8253e00cc,earn,100,,,2025-02-09T16:42:10
999fe5ad-a1db-4686-8276-3758c31643da,33051893-747b-4d14-98ae-d33719fb504c,earn,100,,,2026-01-18T16:42:10
32257623-75b7-400c-8461-e88c1c9cf5f6,2be0cf5f-9d1d-481f-9067-39cd0c4d037a,earn,100,,,2024-09-19T16:42:10
9047518a-7a80-46b5-a34f-13d343f2f192,92d57286-c0a0-4783-8b66-f70ba9bfb9c5,earn,100,,,2024-09-28T16:42:10
5e524cbc-2461-489e-b3d7-4b3d721cbf8a,92d57286-c0a0-4783-8b66-f70ba9bfb9c5,earn,21,,5d2f0819-690a-440a-a17a-b362dfba8b5c,2026-07-03T08:42:13
4790730c-bf82-4855-bd1b-3086e7fe8d21,15ded0c1-1b8d-4cbc-b16c-61a89d74aea3,earn,100,,,2024-12-22T16:42:10
bd045d64-2550-4c9d-aabf-9073672ef2f6,7220441a-0d6c-4ce8-bbfe-e8946a79b204,earn,100,,,2025-07-27T16:42:10
fbffb78c-346c-4a5c-8079-72cee129ee66,7220441a-0d6c-4ce8-bbfe-e8946a79b204,earn,16,,b8138734-be83-48ce-884f-a6f37b7e598c,2026-04-02T11:34:15
305a25a7-8d97-42d4-b377-83d5e8185107,58fad450-052a-435e-ac20-7481dc0828b4,earn,100,,,2026-02-01T16:42:10
c5414378-dff7-4cba-a041-a29beee2a1fc,58fad450-052a-435e-ac20-7481dc0828b4,earn,11,,6e1ad76b-7283-4c87-ac18-ed95d26eb3c9,2026-05-26T23:04:14
07c9703a-60bd-4708-83ff-766ba0b3b3bb,de49a0bb-66a0-4631-ad08-d35460c324c8,earn,100,,,2026-01-11T16:42:10
c7ada8fc-dbf4-40ca-b86f-276092a75a44,fe3fe3ad-9ced-4c86-b9fa-ee7747460f65,earn,100,,,2025-06-27T16:42:10
ece31ebf-cb27-4a14-a0f5-878adf4f9679,7e6c894d-48c4-4183-818e-8e42adcbd127,earn,100,,,2025-03-04T16:42:10
e9c314f3-9823-4400-bc2d-231255aa6f70,cbc11c43-bcb6-4002-af30-2f570843e3ea,earn,100,,,2026-02-09T16:42:10
bf86b310-0da3-426f-bdce-df72872f452f,667c56a2-98b8-46b7-b596-7ac686f66d5d,earn,100,,,2026-05-13T16:42:10
fd4a8a69-a076-4f9c-b767-0afc9e0030fd,667c56a2-98b8-46b7-b596-7ac686f66d5d,earn,14,,dcff6de2-05fa-4bc4-afd2-a3e47bc96aaa,2026-06-12T20:10:02
68c0fc94-0f53-4a36-90a4-34e14343fe15,0f3f30fa-4409-47f5-9750-26e6a65daaf3,earn,100,,,2026-05-09T16:42:10
726b4d5f-7f50-47dc-a378-3b20d1c84301,6db1f6ca-edd0-43ef-a6fa-55d1b6789c8b,earn,100,,,2025-12-26T16:42:10
6b86b983-ad6e-4785-94d3-8c68a565257f,6db1f6ca-edd0-43ef-a6fa-55d1b6789c8b,expire,-100,,,2026-08-03T16:42:10
ba3340e8-1595-4c8f-a73a-cb88cf5931fb,886bcee5-48ef-4b45-8303-05eb9dd9b99d,earn,100,,,2026-07-06T16:42:10
7b2c524b-0272-4ce7-b67f-fac648da8b07,886bcee5-48ef-4b45-8303-05eb9dd9b99d,earn,33,,b1675349-4004-4de4-8eb6-32f65635e6d2,2026-02-22T08:48:22
6c79e3ed-687e-40f4-bd00-944151d9fa54,054f0bdd-5906-4278-b58b-1502bddea4e5,earn,100,,,2024-10-28T16:42:10
c7ac7fc4-d5f8-4ae1-b4e9-7b63cea79447,09ade14b-4281-47c6-9a15-3b9572d4c899,earn,100,,,2025-11-17T16:42:10
4f33cae6-21f3-4792-aeb5-653fdfd5dabb,09ade14b-4281-47c6-9a15-3b9572d4c899,earn,42,,048d6f6d-ff89-4dde-b6c3-b8c4ceef3b87,2026-06-03T04:17:47
2afb477b-bceb-484c-bb5c-5682dce823d7,09ade14b-4281-47c6-9a15-3b9572d4c899,earn,22,,f9c5c835-4a98-47c0-8bb5-719f77436bc9,2026-07-06T22:12:46
3df83cd3-8763-46c9-9ffe-4de81ee8a179,1828878f-f555-4968-bc3f-1e19e377ee96,earn,100,,,2025-08-07T16:42:10
b80bc1c9-3fd0-4983-bc39-0106426f42fa,0020d77b-61d1-4125-9324-17a1e0e84f50,earn,100,,,2024-12-24T16:42:10
67cca382-89c4-4dd9-afb7-81ab0516759a,74e62f61-978d-4237-afd3-7f969194be8b,earn,100,,,2026-02-25T16:42:10
d3730ceb-e356-4239-8612-91e9735c3b04,d366b3a8-d655-43f3-a3d9-2ff819cf4f33,earn,100,,,2026-06-23T16:42:10
af48ddf8-caca-4b2f-9ba1-06114a63dc31,c8a2dc14-e1a4-4035-a45d-16ee15951266,earn,100,,,2024-12-19T16:42:10
dcbec31f-d031-4b19-a229-317570a9465a,8cae55b0-10e6-4e11-a0ea-5832962b5f3d,earn,100,,,2026-06-27T16:42:10
fed2bc05-8075-465c-8736-7388fec9f576,8cae55b0-10e6-4e11-a0ea-5832962b5f3d,earn,12,,475a8ad6-d8aa-4a17-8047-dfbdb3a25822,2026-07-10T02:52:37
4b3e837b-5a1f-4a3e-9e96-20562ef99ed7,8cae55b0-10e6-4e11-a0ea-5832962b5f3d,earn,29,,5183c9e1-6766-4b74-ba79-04366757a1f1,2026-03-18T13:41:23
8b610f0a-1865-4e31-b929-57b9f6c739b2,9754bdcb-8844-421d-aeb9-f1e8fd5553bf,earn,100,,,2026-06-29T16:42:10
a51180a1-504f-452a-9970-8ef2f40e46ae,9754bdcb-8844-421d-aeb9-f1e8fd5553bf,earn,29,,07da5825-95f9-4e45-b944-9c25c53c5583,2026-04-08T02:56:43
1eae448c-271a-4369-8efb-745bbffff271,a9dcfe06-e717-4d1a-8c06-1e6e3ff26774,earn,100,,,2025-12-04T16:42:10
4f046038-62f5-4ce0-9969-4a1ffa15085e,3718db97-16bd-4dd5-b192-0cb08e2b2ac8,earn,100,,,2025-06-06T16:42:10
384b2fe6-2eb5-4b53-a4fa-3287cc89db69,f4e2faf3-d818-4c9f-b685-adb91b8f1701,earn,100,,,2025-09-13T16:42:10
dd879966-739d-4bed-9438-924349b86b51,22a566da-8e6a-4aeb-9a12-9a1073c9a130,earn,100,,,2026-02-06T16:42:10
58c043b6-54b4-46bc-82b5-c54e7373ebd6,22a566da-8e6a-4aeb-9a12-9a1073c9a130,earn,17,,077dfc5e-0bb2-47c8-a515-68336ee54c26,2026-03-19T23:45:24
8a732fe3-d732-49aa-8c76-c89fa0fe3e96,74e13822-29f8-4c57-bee4-00b28a5c933f,earn,100,,,2024-11-04T16:42:10
7f469f7e-c820-454b-a4c1-20b7d7092069,74e13822-29f8-4c57-bee4-00b28a5c933f,expire,-57,,,2026-07-24T16:42:10
d0e29974-e975-4790-a4de-861312941b22,55744526-4cfa-417d-92f2-00524d04070e,earn,100,,,2025-02-28T16:42:10
ac76876e-5857-4b84-a368-0a6f085d25e1,55744526-4cfa-417d-92f2-00524d04070e,earn,29,,96c00355-cf89-4b6b-b421-01326a6c3ae5,2026-06-26T13:01:01
a4e34df1-e02b-406f-9557-4f67b34e67a1,e65af9df-8ce9-45ff-b223-63f3d9599fca,earn,100,,,2024-11-28T16:42:10
785ecb0a-2fb9-478c-820b-268c760b92b7,e65af9df-8ce9-45ff-b223-63f3d9599fca,expire,-100,,,2026-07-21T16:42:10
59845657-7ac0-4c5f-8e7f-cdbe6a5d5457,a1c3668b-0925-4b75-ac1f-107a2d64da9f,earn,100,,,2025-02-10T16:42:10
fbbf4b11-7ea7-4de7-a175-f1b2ab6f67fa,814ef075-6f97-4559-8cd5-ecd7869b5b3b,earn,100,,,2026-01-15T16:42:10
bb4c93e8-401b-49f7-8746-24619fb3aae9,814ef075-6f97-4559-8cd5-ecd7869b5b3b,expire,-68,,,2026-07-22T16:42:10
eaf74e19-9fde-403c-90c6-483bb9606a84,b45185f0-2537-4e56-a26d-970b8155a436,earn,100,,,2025-11-11T16:42:10
2f9ddcd7-d306-49f9-8f3d-e69df944b000,174c817e-eda0-4811-96ee-52c1261d5220,earn,100,,,2024-11-02T16:42:10
bd5024e8-eeaa-4836-a141-abe4c720ef92,2e0f6834-9ce0-458a-8bcb-08de918a377a,earn,100,,,2024-12-04T16:42:10
832cfd1d-ab4d-4ebf-b46f-65458010890c,2e0f6834-9ce0-458a-8bcb-08de918a377a,earn,34,,4d974546-91ca-4526-8c18-2245159ce8b4,2026-08-16T10:28:03
dab29ae9-7bc3-4a90-a6ae-7544e870a45e,730eb2f8-b37a-43d2-bdd2-34f4aa1126b4,earn,100,,,2026-03-04T16:42:10
2de6f1cc-aa98-4944-859d-c4bb0fdfc05a,730eb2f8-b37a-43d2-bdd2-34f4aa1126b4,earn,62,,27571885-ec10-4b63-9ef6-019a3b9a15d1,2026-05-22T02:09:14
447baf5d-6fbe-47ab-a9e6-b844e9c3ee5c,909bcd90-0ea3-48fb-9abf-aa775ebd5cf1,earn,100,,,2026-02-28T16:42:10
e69703a1-e04e-4be1-8257-eec10f940721,909bcd90-0ea3-48fb-9abf-aa775ebd5cf1,earn,4,,38c4b00a-d279-4183-88e0-55f70899a71b,2026-03-08T01:20:52
a0319492-1e9c-4ee6-bec4-60ba151a600a,8f183b80-a6c8-451b-8c52-42bab4470389,earn,100,,,2025-07-21T16:42:10
c8a68a0a-99f7-489b-b7fb-1adce4378c3e,8f183b80-a6c8-451b-8c52-42bab4470389,earn,34,,8da6809e-f357-44e9-99f8-570dc6dfdfbb,2026-06-28T03:27:09
18fd2335-8544-4efe-a6a6-88a005072a57,a8eb26b9-50a9-445e-be4c-6b2d0ff35a0f,earn,100,,,2024-11-15T16:42:10
a8e5862b-fc6f-4ba6-b787-ad1ff9962b26,a8eb26b9-50a9-445e-be4c-6b2d0ff35a0f,earn,6,,e1523113-2408-47fe-b8f4-cb38467b02ed,2026-08-11T00:42:03
fff4aaf2-6a07-41d3-a708-71d17ea33715,bb0fcdcd-9288-48b7-ada7-fc9b96a08ce5,earn,100,,,2025-11-14T16:42:10
2f303d8a-f594-46f9-80db-f8d101a5758b,bb0fcdcd-9288-48b7-ada7-fc9b96a08ce5,expire,-100,,,2026-07-26T16:42:10
a3453b0a-4de1-415b-8a5f-a01a5845156f,59b7ee77-d676-4c52-919e-e9a35e22865e,earn,100,,,2024-09-07T16:42:10
e3a5b730-49e2-4549-8850-308b85236593,59b7ee77-d676-4c52-919e-e9a35e22865e,earn,32,,31d0db05-c20f-411b-b7a8-4e9d2d61f930,2026-04-12T02:11:42
291149c2-ae88-4068-8ad7-1c2b265041c0,89e18939-5417-461b-a46b-bf7205b76b0e,earn,100,,,2025-11-30T16:42:10
438d5531-6208-4fe6-8ea0-4919495c3737,ddcd9901-11a9-43e4-8565-b1902a20500d,earn,100,,,2026-05-09T16:42:10
d2abce3e-9e34-4096-a2b0-fe16d41ba9d8,861950e1-0593-489d-a9d0-96ce8f47f722,earn,100,,,2025-02-15T16:42:10
e55b2629-9b5e-458b-b903-941b996e2682,d9055e18-f7b3-43c8-bf65-fd03472efbb5,earn,100,,,2024-12-15T16:42:10
6d9372d2-8c3c-44b3-aa18-d9f808f77e75,0476492b-976a-492f-b614-000915e1c6f1,earn,100,,,2024-12-30T16:42:10
3ce7ccb1-4beb-4eb3-900b-baf0e42de000,0476492b-976a-492f-b614-000915e1c6f1,earn,75,,81f25385-cefb-4d60-aa59-8ce2837620ca,2026-06-11T20:24:33
a8ed6aa1-63a6-4e1a-8139-c3cbffb163d4,0476492b-976a-492f-b614-000915e1c6f1,expire,-170,,,2026-07-30T16:42:10
b5d6fc1f-8eb5-429e-b9ca-c43f8bf3b124,0d63b651-e644-4ae7-87b7-16cf32476ad3,earn,100,,,2025-07-15T16:42:10
e6afd77f-da64-4487-9446-5336cc295eb1,3697ad55-baf6-4358-8077-f63fa0b71acf,earn,100,,,2025-04-14T16:42:10
6d2d6249-a203-4b3d-8fa9-d33e26448530,040f3a1b-ff6f-4aa9-b54b-54cf2bad50eb,earn,100,,,2025-05-07T16:42:10
d2b0d8dc-aea9-46bc-9d59-8c926eb5608f,d58adce2-affd-48e1-99a3-15eaf2ab8753,earn,100,,,2025-03-29T16:42:10
fdc39922-6154-49ba-949b-7725e337b3d5,d58adce2-affd-48e1-99a3-15eaf2ab8753,expire,-83,,,2026-07-24T16:42:10
4d44ccab-a5e7-4e9b-9727-6a972aa4f5ac,250144ca-1852-4d73-b041-044f46713bf5,earn,100,,,2024-09-07T16:42:10
23f85d7b-a033-4590-8c6b-8270681bbf47,2581b4e3-02f2-4d4c-b90c-a47f8e8742d6,earn,100,,,2025-02-10T16:42:10
3e7e3e61-5a0b-4e29-a1c4-e14ac3cbb149,2581b4e3-02f2-4d4c-b90c-a47f8e8742d6,expire,-100,,,2026-07-29T16:42:10
d6f96d8e-53cd-457e-a3ab-b625cf344e71,05471bb1-69ec-4cd7-9e5e-042ef9a9989d,earn,100,,,2025-11-28T16:42:10
a8afb0be-e1f1-4789-ae42-e758aaac1d36,05471bb1-69ec-4cd7-9e5e-042ef9a9989d,earn,1,,643cdcac-c4c3-46d3-904c-4a44aa24481b,2026-03-09T00:13:05
24d77f28-f478-48ac-a9b8-bd69c4a75047,12aa0ef5-8af1-4ae5-bbe9-46c3927dba60,earn,100,,,2026-04-15T16:42:10
8a28dcb1-f0d8-4ba5-8d34-1e88232f1540,454e8f6c-7888-437d-a447-95dd9aa489ff,earn,100,,,2026-07-01T16:42:10
8ea229bf-78ab-46c6-8a21-dd824903a094,9dd551be-8b8f-4ea2-b17f-dd34dfa9bc92,earn,100,,,2024-12-07T16:42:10
37fcffb5-1187-4c12-8e99-670ce5951f5b,04310eea-a525-47bd-9e40-8155b5e4a173,earn,100,,,2024-12-31T16:42:10
6263f858-d611-49c6-ad73-0a4b22e3d81f,04310eea-a525-47bd-9e40-8155b5e4a173,expire,-100,,,2026-07-24T16:42:10
78e4dee9-8e89-40ee-8121-70dfdbcd9aa4,64a38aee-4586-4122-92f9-a45efd92e6fe,earn,100,,,2025-11-23T16:42:10
cd1fd67d-c6c8-436f-8824-d77c5eb3ef57,2d3d6680-fb44-41ef-ad2d-c493506e5dc0,earn,100,,,2024-12-22T16:42:10
71ad8af4-6319-4500-82c4-0b89dd9bb0d8,2d3d6680-fb44-41ef-ad2d-c493506e5dc0,earn,36,,25d36682-893a-40b4-b118-ea290d1142fa,2026-02-20T03:49:04
a56a30de-d07d-42b0-a343-35089074992c,267104b9-d6e5-4089-8a47-665e91d64498,earn,100,,,2026-04-25T16:42:10
cc877fc8-ad53-42fb-b158-3e8042ee5e0c,3f671f4f-909d-49eb-b051-5ad89aaa0f19,earn,100,,,2026-01-01T16:42:10
66c7c41f-f6db-468c-9ba4-b886f9e1ebc0,459913a1-4688-47fa-ac36-4f422d454fc6,earn,100,,,2025-01-23T16:42:10
5dba63ca-7891-4186-b804-562bf0cd94f3,5c3a3028-74ec-437a-981b-9eeea95fc975,earn,100,,,2026-06-04T16:42:10
e0da68ef-7580-4cd9-8793-1ebeddf61c35,0c138ce2-cce6-4968-bbde-aac391044803,earn,100,,,2026-06-22T16:42:10
493df81a-f218-4cea-8554-c0b1c944e7b8,b0ecfb32-c927-4358-925f-0e8851fe5a70,earn,100,,,2024-09-29T16:42:10
81ad8bb9-4cac-4dbd-9318-569b84a05473,e8405189-63e2-49d3-9e8b-45e09459532e,earn,100,,,2025-07-01T16:42:10
688bf5bb-ead7-4149-9632-339ac724b1ed,5d2e9a46-48b2-4afe-b9ad-8a3323ff70a5,earn,100,,,2024-12-14T16:42:10
39d25c8c-9086-4e3c-9ce0-a21b7586b864,9adf9fd2-e356-4fc7-9200-f82dca481798,earn,100,,,2024-10-04T16:42:10
abb96174-7c25-4fa8-a8cb-1a249eddfccd,9adf9fd2-e356-4fc7-9200-f82dca481798,expire,-100,,,2026-08-08T16:42:10
7eb12799-4fd5-4d76-8a50-8e40567dc320,e962f76a-d058-489f-b808-c4bf83fabb50,earn,100,,,2026-06-30T16:42:10
b9c9e384-9db0-44d0-8a74-67f784cd784d,6be37a3e-3155-4bcc-a874-ad122d7b0797,earn,100,,,2026-04-28T16:42:10
91af0082-309e-4aef-81f6-f8725cf358c4,d97679c6-2b66-4f21-866c-a2215eb71974,earn,100,,,2026-01-30T16:42:10
5be2ef12-441d-4ae7-b011-4685338c4ad6,7940dd84-d73b-4d18-b68b-eba8f5158fd9,earn,100,,,2025-11-08T16:42:10
1a50b076-956e-46b5-8202-62d078fa4f38,38990387-42ae-41be-ad0f-5edf877b113d,earn,100,,,2025-06-29T16:42:10
86d63857-9cc6-4c17-9c1b-e7778526cab2,38990387-42ae-41be-ad0f-5edf877b113d,earn,30,,a7eb73fd-e44e-4cf0-b320-985f6da24df8,2026-06-08T09:22:45
04bdb346-5707-4ef2-ace5-23bf3c4c8604,0b7bbbb8-6006-4c7f-9765-d8c7e30b3c3c,earn,100,,,2024-12-14T16:42:10
a53e237c-3f19-4a22-be08-63c088163ca7,0b7bbbb8-6006-4c7f-9765-d8c7e30b3c3c,expire,-55,,,2026-08-05T16:42:10
d8cf87ee-7bc3-44b9-87dc-4e751a6fb37d,468573fb-f375-4169-b2a5-b822673eefc0,earn,100,,,2026-05-27T16:42:10
4909f0f8-1861-4a2d-a51a-75a84c9f5ea5,2ed05b07-39be-46fe-8eb3-5c20da58fc3e,earn,100,,,2024-11-24T16:42:10
deea75b6-b490-409c-a73e-f390846153c4,33def351-42dc-4c2a-8d9f-cb7ead0f20fb,earn,100,,,2024-11-30T16:42:10
0526599b-dbff-4477-b135-afdb4612d1c4,d5b27642-b526-49bd-af78-39879cf3ea8d,earn,100,,,2025-09-03T16:42:10
8b68a7ce-03ed-4a52-85b7-6922117db4ed,23935cb0-daf7-415f-b1ec-b8aa2763eefe,earn,100,,,2025-07-20T16:42:10
8dc7ed77-0018-48f3-8cc6-4df176cbfc7c,23935cb0-daf7-415f-b1ec-b8aa2763eefe,earn,38,,3a6286c7-62e1-431d-b2ac-abfb67cf0b59,2026-07-29T19:53:49
e7ac7bdc-9871-418a-9210-14d61a91f025,f4a3d2d1-02f0-4bb4-a3bd-a3f34f95dc0e,earn,100,,,2025-08-14T16:42:10
d6e00365-fc69-4af8-a592-8a74ae0ecf36,4549e0bd-3012-4ab7-8fee-d50216237606,earn,100,,,2026-02-03T16:42:10
b4319616-65bd-45f1-aef9-92cf03cd9a5f,62139cf5-2c88-4143-99e6-d8f0a4e6d3c4,earn,100,,,2025-06-19T16:42:10
374d7a54-7c0a-4d50-aab1-ea244aa12cb9,c2cabddb-46e4-4d94-b3ad-0c79fb68a39f,earn,100,,,2026-07-15T16:42:10
66f7d427-722a-46fd-9e54-271ed9aba4ce,2fe421c9-b560-47b8-aa7f-706785a31b17,earn,100,,,2025-09-05T16:42:10
f6830e38-7f3a-4441-b1d2-c5e783c055a6,e01e30c1-f966-4381-8767-0ddfabdfe371,earn,100,,,2025-07-02T16:42:10
d161a8ab-94d1-4f16-be04-d07c7911868d,712fb3b1-6e4a-42e4-8278-df83f87595c3,earn,100,,,2026-05-27T16:42:10
5b659f78-fadd-4dc8-aedc-0ddb29bfd97d,43440ae6-d031-4b05-8e6f-0c02a88f9864,earn,100,,,2025-03-08T16:42:10
e56e55ce-8205-4e23-bfb2-c2435e7a0097,e693e187-a2e2-4306-a055-acf6479626a8,earn,100,,,2026-05-16T16:42:10
009882a5-9b7a-49e1-8f7a-e50e28913689,e693e187-a2e2-4306-a055-acf6479626a8,earn,39,,21fc58e9-9674-4c1b-bb56-a7ba435e3afe,2026-08-15T07:16:12
ec2f54f3-d158-4a60-a893-13610765cda1,ad37a8fd-5aef-4b2c-8413-805809a6a600,earn,100,,,2026-04-12T16:42:10
41af5e66-343f-4fcd-834b-5db2263fbfc6,ad37a8fd-5aef-4b2c-8413-805809a6a600,earn,12,,b72cbcc0-c3b0-4d1e-825e-605e4a2e696e,2026-05-20T18:30:22
33944da9-3954-410e-9359-2e83a4cd4cc8,a1c125df-4f6e-4e31-8daf-9cab1a4862ba,earn,100,,,2026-04-28T16:42:10
e8364de7-ec66-4f0e-82f2-909cf95e034e,dad2290c-b3d4-4d90-b3c2-634fdc2bba8b,earn,100,,,2026-06-17T16:42:10
47af1ddd-c299-4058-ad86-934be3d4926e,77696530-0dee-4bef-8f69-1feb74657d35,earn,100,,,2025-07-10T16:42:10
5fffd9b8-d218-49a1-966a-e32f0a46e8ad,94b94111-2254-43c9-a0e3-392c566ff560,earn,100,,,2025-05-10T16:42:10
3327b58d-a8be-47cc-b15b-6a168963828b,94b94111-2254-43c9-a0e3-392c566ff560,earn,28,,5b6dcc44-3266-4809-9242-b528f04cd566,2026-07-09T09:20:29
3988e8ce-ec51-4c33-972d-85cc0c1f41db,6ad392f2-dd75-49b6-b340-47ecd80a5d9a,earn,100,,,2024-12-16T16:42:10
8f5542fc-24e7-4ae4-a9cf-09310c06e2bb,da61035c-65a8-42bc-bd57-ffe33782edec,earn,100,,,2026-02-13T16:42:10
28c52f0b-8ad8-4169-bbc9-ae4dcd547361,9287724d-caaa-410b-8023-62e6a0afdaaf,earn,100,,,2026-05-10T16:42:10
5f316d96-9258-4b94-9d8a-cded56ae85f6,9287724d-caaa-410b-8023-62e6a0afdaaf,earn,42,,be93624f-f891-425e-8013-fa0dbe8dace6,2026-03-15T18:55:02
a3f24378-0bf6-46fa-9ddb-39e54d110496,b30b687a-d135-40d8-b9c3-337219cedd02,earn,100,,,2024-10-16T16:42:10
31c2f721-e982-4307-8998-2b16b747a37d,b4fd265c-2079-4e4e-8b21-5171606ac83e,earn,100,,,2025-09-30T16:42:10
2f06e32a-085c-48dd-b323-9120515a4f07,c9c2e6a7-2a38-4590-88e6-05f271f8c8e1,earn,100,,,2026-03-29T16:42:10
daea5784-9517-4d85-8c74-0d186f744553,363714a4-c9be-4a9e-ba01-d7ff296f64a0,earn,100,,,2025-02-08T16:42:10
3e276060-a929-4af4-a070-5b8f838daa91,e1e15d05-0a53-41e8-9641-996a2e837ba3,earn,100,,,2025-05-20T16:42:10
28197124-bc9d-4362-89dd-18e7eb266640,46227556-38c6-43f8-a899-4f827d71f72c,earn,100,,,2024-09-24T16:42:10
307d4ebe-4adf-436f-ba9f-254962d0df0a,66d3e14d-06d8-4778-b721-2ce7a2a0853d,earn,100,,,2026-02-25T16:42:10
a60270f0-bf68-4f94-b011-b9784dd4bd3f,27125b95-1868-4213-af62-c7a0fe3b44fd,earn,100,,,2025-12-13T16:42:10
a19d3016-5838-49f9-9aa4-4303ecd2ca28,e9e293fb-e89d-488e-95c1-ad38d48f2e5f,earn,100,,,2026-06-10T16:42:10
d94a76ff-c325-415c-b8d1-75188496ce95,3779a08a-7234-4510-812e-82cac8a210c9,earn,100,,,2025-05-12T16:42:10
b7ac5727-7f09-4025-b078-9e6c86de6a87,3779a08a-7234-4510-812e-82cac8a210c9,earn,14,,ce99ecb8-a883-4816-9a66-435aa072f2f8,2026-04-05T05:39:32
87da8e77-0dc5-468e-b58d-382067f4387c,3b910127-0f7c-4004-9b38-78a6864f7103,earn,100,,,2026-02-23T16:42:10
12ff943b-f167-40e1-860e-bb69582afce0,a2871765-6df1-40af-856c-3239fe6e6705,earn,100,,,2026-04-02T16:42:10
d75e1306-8966-4c99-9392-1a360d61123f,805d2619-21fc-4701-97f9-7a8dafdd7bf4,earn,100,,,2024-08-27T16:42:10
75ed8967-97a4-4280-a819-e834a20d1b64,18e23690-a011-40cc-a132-2ba5fb378f65,earn,100,,,2025-05-06T16:42:10
025be833-c9e8-4962-b136-c9c29e2bfae9,f271f606-bdad-4fe1-bda3-4fc364ec6fe9,earn,100,,,2025-07-09T16:42:10
fa9667f5-052d-4822-b65c-b138e9933efd,f271f606-bdad-4fe1-bda3-4fc364ec6fe9,expire,-84,,,2026-08-10T16:42:10
659a537b-2ef3-44b1-ae3c-e2af36235925,01a56b07-8082-4116-9555-c5e913cdf3ef,earn,100,,,2025-10-29T16:42:10
4360bfe7-cf0e-494f-87fb-daf24c35afc7,a763980b-aadb-400a-b7fd-e279dd1f2ea6,earn,100,,,2025-10-02T16:42:10
46ccee50-5d5a-488e-87a0-80db10f09dd8,a763980b-aadb-400a-b7fd-e279dd1f2ea6,expire,-100,,,2026-07-22T16:42:10
1ea70bae-6c98-4a5e-89ac-795c28cb8bae,e1215f76-3cf7-41d0-84f6-7dfafe7f4225,earn,100,,,2024-10-14T16:42:10
9ad228a9-8ade-420c-bf2d-0f395c39b88c,e1215f76-3cf7-41d0-84f6-7dfafe7f4225,expire,-100,,,2026-07-21T16:42:10
ecabe3c7-c10b-40e1-a0ba-2ad4fc253267,40f3edb4-65ef-4284-9bcc-f0918674838f,earn,100,,,2026-06-19T16:42:10
271b507a-7891-411d-9449-7af38cd0b888,40f3edb4-65ef-4284-9bcc-f0918674838f,earn,6,,0c1858c3-5ceb-4f6d-b981-311741ca9ed5,2026-04-06T07:00:05
315536a4-b221-40ea-a49d-88038615e500,7acbd345-0f86-4f53-b868-de3f980030cf,earn,100,,,2026-03-08T16:42:10
9515448a-ba6c-45dd-8136-fc4d21a55ae7,6baa16f3-ce56-4905-a7e8-62508ea259d9,earn,100,,,2025-04-14T16:42:10
dc620a6a-e6d3-43c3-884a-c4cbbdfb2ac3,93b9f677-85ed-49ff-945e-fc05442c162e,earn,100,,,2025-10-31T16:42:10
19964434-2957-4a82-abb7-a9e5304a5d2a,93b9f677-85ed-49ff-945e-fc05442c162e,expire,-100,,,2026-08-06T16:42:10
ab22313c-4637-4373-954b-e2ad5eac6aba,db211313-2467-4663-be16-9d4c532a4a67,earn,100,,,2025-09-19T16:42:10
32f3b583-75db-414a-9c30-ec26aab6f5ce,2950c414-92b3-489c-987d-b4b91b97c54b,earn,100,,,2025-02-12T16:42:10
5e0e0762-3f75-484a-9faa-28c24fdd3c21,2950c414-92b3-489c-987d-b4b91b97c54b,earn,63,,63597562-ff17-4061-b4e4-c98e09674dc9,2026-03-06T10:12:15
71efecd5-fc25-4ca6-9f6b-690757fe0769,55dbc837-3c04-4acf-a3a1-018c4c6585bc,earn,100,,,2024-11-25T16:42:10
00cfd180-592c-463d-95eb-494607563d78,90661c2a-43cc-482e-82e6-ea6e4f1f03d3,earn,100,,,2025-06-11T16:42:10
b2a5c1ac-f7c1-4bbb-b6e0-03130e6b9909,e4d38150-7b51-47bc-9de0-d64a6ca7ccb0,earn,100,,,2026-05-26T16:42:10
8b8b1df6-3039-48ef-8831-77aa1b2cc2f0,c067f713-38f2-4257-ac22-fdb59ea0fb7f,earn,100,,,2025-05-10T16:42:10
11dc87c6-139b-44ba-9f2a-f71d030f3dfa,93c9123f-4ce2-424e-a4b7-76d45eb27ebe,earn,100,,,2026-03-19T16:42:10
28f2d164-3ca6-4117-98ca-3a59a1c2b8b5,cdf04f48-7c28-4775-9d8a-e717c7ae4381,earn,100,,,2025-12-28T16:42:10
0ef0bc11-cc92-498f-bf61-eed9cc51e77b,fb7524bd-7148-4834-bcc4-e8a35367bd22,earn,100,,,2025-11-20T16:42:10
b9a0bb3f-bb80-4d5d-be74-a5341d08b37a,8903d16a-5480-4900-afac-08b72666ed2c,earn,100,,,2025-09-10T16:42:10
f9085dca-05f5-4f25-90dc-d7857198989a,8903d16a-5480-4900-afac-08b72666ed2c,earn,12,,5050c77f-07c4-401d-bbb5-92b89d5ceb34,2026-07-22T16:43:22
fda21cb1-b33c-4f27-ad66-bfeb7fff5a0e,8903d16a-5480-4900-afac-08b72666ed2c,earn,15,,53e23de6-bb01-427e-b87e-44759e631c37,2026-03-28T19:08:30
a5c390a0-f305-496f-80b5-7cd30c4f8166,9f0ce80f-0213-46df-9fa3-23d8b60a1c8e,earn,100,,,2025-02-19T16:42:10
5ab4f3d0-4c88-4bec-9122-ee64ad60958b,9e23d78e-78b9-4ddc-a0a5-4f36bc4fc2cf,earn,100,,,2025-06-03T16:42:10
5df22118-7c1f-449f-8cee-7d09cd1d1812,9505a62e-4c71-48c6-aac3-24ce2b47852a,earn,100,,,2025-09-10T16:42:10
a416c418-680d-4b0e-989c-b3c17e35d260,9505a62e-4c71-48c6-aac3-24ce2b47852a,expire,-100,,,2026-08-09T16:42:10
67f4bb2a-813f-4ef1-9915-c9300fa78d17,95cf06dc-15b1-4867-a44e-b1d291a5ed38,earn,100,,,2026-05-21T16:42:10
150b4efa-230f-4cbc-8082-aa7bbab8000b,95cf06dc-15b1-4867-a44e-b1d291a5ed38,earn,35,,3998f953-04fb-4866-bdeb-a44f7c293e06,2026-07-19T03:58:26
2a841c5d-9657-4914-85b0-a402f564c39b,b755776c-38b5-46c6-b67d-e3326ebfbb94,earn,100,,,2025-08-26T16:42:10
203ffc4d-5b0c-42f4-a755-6b7d23fb2867,89538405-f3e0-456c-a92c-3c40f3cc8f89,earn,100,,,2024-12-12T16:42:10
63c5ebea-38a7-4c56-b816-aec61f290c7d,7a0b31f4-76f2-4f63-9de5-b7c6a29c09da,earn,100,,,2025-09-08T16:42:10
46fc6583-ba61-42ed-a8b2-0020087d82da,7a0b31f4-76f2-4f63-9de5-b7c6a29c09da,earn,24,,c46f2285-789e-4d4d-9611-7c23fa0a604c,2026-06-14T07:56:53
1c681147-c281-4131-b3f8-3526e08764a2,e620e0b9-8502-4206-b66a-f405e84f146b,earn,100,,,2024-10-06T16:42:10
3031c147-5d1a-4c4d-a2df-6cdaf66d3cc0,e620e0b9-8502-4206-b66a-f405e84f146b,earn,34,,26e29980-da29-4d5d-bf49-5f5ace4800ea,2026-04-13T21:11:30
26098bfa-f117-460f-9212-d962ff7c3e0d,8afbafeb-7d52-4c04-8628-fbb49fe2b492,earn,100,,,2024-09-25T16:42:10
f269b1a5-b8c3-4367-b1f4-d33ac2d92e09,8afbafeb-7d52-4c04-8628-fbb49fe2b492,earn,45,,80c232ae-96d2-4f09-93ee-582eba557cc9,2026-04-29T08:13:18
495f24c5-8b5d-406b-b85a-d853e0f80d13,a29046b2-0025-49b4-8b81-1b21729dc048,earn,100,,,2024-11-18T16:42:10
e057a92d-e36b-428f-bcae-cefc9c25cf16,025c0f42-b412-4cd2-975e-9eaaa7cce709,earn,100,,,2025-09-09T16:42:10
a8c7c268-9432-47cd-afc4-beadc2ae6c33,36f822f2-7ffe-4a4f-8fdb-6adb2fe4dcb3,earn,100,,,2026-03-20T16:42:10
17f57807-fca7-4802-aeba-b12609f9e1b3,36f822f2-7ffe-4a4f-8fdb-6adb2fe4dcb3,expire,-100,,,2026-08-13T16:42:10
3210258d-bf6b-4ed7-8790-31495fbe80db,8357fb23-8adb-434d-bccf-b3657696e96e,earn,100,,,2026-06-10T16:42:10
db7addd4-8cb7-4f38-a8ce-19b972720371,8357fb23-8adb-434d-bccf-b3657696e96e,earn,6,,a6ccaa4f-ccfe-4b24-b073-a3d59a755b1d,2026-06-07T16:31:52
9b72e0fc-6a5a-4028-a9eb-a897eeaee6f3,8357fb23-8adb-434d-bccf-b3657696e96e,earn,12,,e469fc98-1f1f-42f4-a0c4-c6c74318f4f3,2026-05-31T15:22:40
9b3f2c8c-f598-4a00-8269-7434f2a2ea5e,6a86e891-6ed8-4dea-b365-f0811808887d,earn,100,,,2024-10-27T16:42:10
edc87c11-2c39-49cf-9029-03b7a2a000ce,6a86e891-6ed8-4dea-b365-f0811808887d,earn,11,,8d7381af-4947-4e3e-8ac6-43c868390c46,2026-03-25T15:43:15
5d788b74-7fb5-40cf-8c5f-5a8280babc42,47bbb43b-b6ce-4253-b120-5c2d175095b3,earn,100,,,2024-10-20T16:42:10
10c36f9b-a3c6-4468-b3d3-e726542db0bd,154dfe3e-e7bf-4443-acbb-d3527f08e1aa,earn,100,,,2025-10-06T16:42:10
94c0cf33-d2f2-4549-85ea-c17e6cee8f19,a31e66dd-68cd-44a6-9f69-0460ad633123,earn,100,,,2025-12-25T16:42:10
28e75652-59bb-4a8f-b78e-415c3017327f,a064ec9c-c10e-4c3f-b280-62adff4a697e,earn,100,,,2024-12-22T16:42:10
afec6c69-91f4-49c8-bf24-248d39dccaf9,5e3fbaee-0063-4016-8b37-c210cf856379,earn,100,,,2025-11-13T16:42:10
110cac4c-6742-4d49-ac55-c93d3b9186e8,5e3fbaee-0063-4016-8b37-c210cf856379,earn,11,,c4bf1fca-d874-4ab0-ab5e-9c6e819f7d25,2026-06-01T18:24:55
d13ca824-7fa0-4d64-9231-9dae77ba49fe,9123ea17-aac8-4925-9e43-0bb63d2e2ebf,earn,100,,,2025-08-05T16:42:10
91f78138-6621-46a2-9b37-98dbc3051942,ab7d8b3c-bdc6-4a9a-9e90-f7fe10e0aefc,earn,100,,,2025-06-04T16:42:10
cb06d2ca-380b-4380-a406-0dca296e2096,7872393b-46e7-4e48-99dc-c6363fe70894,earn,100,,,2025-11-27T16:42:10
06315f90-8af9-4aac-8959-30f7a87ef59e,0de440ba-a977-4ccb-b1ae-2df75acc167c,earn,100,,,2025-12-28T16:42:10
fde5e284-dc81-4e17-b904-61e65414601d,2099dc3f-cad8-4c84-869d-6b008b6334ad,earn,100,,,2026-06-24T16:42:10
7390a033-6894-4601-9610-fccfed8a6e4e,2099dc3f-cad8-4c84-869d-6b008b6334ad,earn,15,,0e48c2cb-a7ca-46c9-9a57-4534ed34838b,2026-03-07T02:50:15
75dc044f-aa3e-487f-8786-517a75a2de66,9859d65a-d39b-4add-9a2f-6274800cf1e5,earn,100,,,2024-10-02T16:42:10
c7426644-9670-4c14-86ef-0b200e1c2f23,8a7cad86-cea1-48c1-824c-21bd00c49e70,earn,100,,,2024-12-10T16:42:10
bc7d1bb2-ad51-40d0-b93f-8b4cba54a7af,58613550-7061-4edd-8ed7-46a84f30dc04,earn,100,,,2024-10-03T16:42:10
c95fcbb3-5ebb-4921-bb8c-dd4286e64b20,58613550-7061-4edd-8ed7-46a84f30dc04,earn,6,,52000ed8-b0eb-4e2f-a09e-35ae002af898,2026-04-06T09:31:53
cab0c671-744e-43b1-bb76-ca0a98611864,dd3d1d7d-c374-477a-947f-49eac72e0399,earn,100,,,2025-05-18T16:42:10
b55beddc-6a4f-40e9-87fe-798d1a221448,f9967107-bab1-4f29-b242-d4317f930e18,earn,100,,,2025-10-08T16:42:10
2f0ebd6e-d36e-4674-9caa-54ace7abf42b,0d39da69-1a9e-4730-91f5-a6b0edbbcaa9,earn,100,,,2024-10-27T16:42:10
61884069-2db3-4b78-8d19-3739ca4859b2,0406f58a-f2b7-4fa9-b25a-d828c43907ff,earn,100,,,2025-12-16T16:42:10
1beb31da-129f-4ff7-897a-131da1725513,0406f58a-f2b7-4fa9-b25a-d828c43907ff,earn,38,,e5bb6096-71fa-4032-a95a-1457ed10bad5,2026-04-16T19:18:57
14ed86b4-8c3d-4c7b-b0ca-f0f962e5c65d,8cb59f30-8851-4fcc-a052-6668e33c835c,earn,100,,,2025-06-03T16:42:10
6266d1a6-c502-4c0e-8dc5-214707f983cb,8cb59f30-8851-4fcc-a052-6668e33c835c,earn,35,,26c340dd-c203-43b7-bcba-86578a418037,2026-03-14T11:03:30
66036644-30cc-4dda-914d-aade6fd418b0,4c1d6088-1159-423b-9afe-b4dce54f610c,earn,100,,,2025-04-28T16:42:10
7d11d842-6dc1-42ae-812c-2e9d64e2db2f,70be323c-d230-45e8-843f-0178fc5c148f,earn,100,,,2025-01-14T16:42:10
577b7b3b-5f86-4d4e-a2bc-9c366ccc1140,7cfe2fe5-30e8-4119-a742-0559d4a5c5e4,earn,100,,,2025-07-31T16:42:10
7e00f2ee-0153-465a-bf7a-fab9d7eafabb,7cfe2fe5-30e8-4119-a742-0559d4a5c5e4,expire,-78,,,2026-08-08T16:42:10
25dcf2cb-80f6-4811-a5f3-f01aa5b10dd5,27138cca-145f-4501-8d0f-deb8b1d4101f,earn,100,,,2025-12-24T16:42:10
d33a8692-d8fa-4188-9e61-3878c93e5614,27138cca-145f-4501-8d0f-deb8b1d4101f,earn,6,,6e5d0114-701d-4b00-b1e4-07d2b00826bf,2026-06-13T11:45:54
2a9c2959-f359-4ad3-9168-b03d13071296,035d5677-0922-4bd6-bf39-dfc8bf3c8ede,earn,100,,,2025-06-11T16:42:10
6d611eef-5b63-4140-8dc0-78eb3286ffb3,035d5677-0922-4bd6-bf39-dfc8bf3c8ede,earn,32,,2219ff42-6b9f-4957-90b4-d639dbe004ff,2026-04-05T17:01:17
16b0a573-8ceb-4d0c-9fcf-14d61cfa3c7c,91b46b5c-a00c-4774-8ae2-93e0b55f8c0d,earn,100,,,2026-01-17T16:42:10
723dd695-70f9-4dfa-acd6-91e728996c93,ab0476b4-c38b-4151-8c25-cc4124bc7266,earn,100,,,2025-10-11T16:42:10
d36a727c-51ca-46a5-ba7b-1d36a168f0a8,8a46b921-9ddd-4d7f-8ee6-130e247453a9,earn,100,,,2025-10-01T16:42:10
aada69ea-e387-43b1-88c5-999849461c7b,178e899e-e1a5-4132-917e-143967b121f6,earn,100,,,2025-11-16T16:42:10
8a09a71a-724b-40c2-bf35-bb7686ed68f0,e05e2bf5-2771-48c1-9b76-f8e968c304a2,earn,100,,,2025-01-08T16:42:10
a5291d46-51da-4677-a518-c7e573734328,e05e2bf5-2771-48c1-9b76-f8e968c304a2,earn,28,,33839eaa-89ff-43fb-85cf-a3a7d48c8bc6,2026-07-19T15:24:21
f2c8d9a4-a451-41a2-869b-989999621bb2,920a4731-ebd7-4cab-9d5d-9e8bde39081b,earn,100,,,2025-01-27T16:42:10
bfa4304f-a4f7-466f-be8a-0cea78acd135,e2061162-82bb-4e68-a67c-ab23c1586416,earn,100,,,2025-05-06T16:42:10
77bb355e-733b-4925-95a5-07ca9f572e71,f14d35f1-613e-4ad9-91c6-f20eaa97a89a,earn,100,,,2026-07-12T16:42:10
0ff2450b-38d0-4d6e-b143-019b0b683435,1667d3d6-bce0-4f1e-80aa-dd488f14cc9f,earn,100,,,2025-06-18T16:42:10
67c7746f-3391-4255-a8f2-578625126e20,4e705e16-41f0-48cb-b0df-a4e561be2b26,earn,100,,,2024-09-16T16:42:10
fc8da062-032a-4d72-969f-456d07e1202c,fc3c81a8-09d8-41bb-adbf-01f58f4ded91,earn,100,,,2024-12-30T16:42:10
b2c868e6-fd8b-454e-81a6-218ff5cad680,0e25c92a-c8b6-459a-b361-09fa12333a93,earn,100,,,2025-10-25T16:42:10
3e744e90-145f-4b63-a1c3-c0a124fb0c9c,0e25c92a-c8b6-459a-b361-09fa12333a93,earn,45,,7d059853-49cc-415e-8c19-42343f6a22b1,2026-04-27T21:41:12
1f05d8ea-22ff-4772-bba3-f24ca2e9f165,fbb4a7a5-a18c-48b7-a71a-9fe849e3ed3d,earn,100,,,2025-10-29T16:42:10
cfb5cc54-62e1-4d20-9117-46314f97a428,fbb4a7a5-a18c-48b7-a71a-9fe849e3ed3d,earn,58,,c879e41e-4fee-40fb-96dc-96ff51b49004,2026-07-15T11:38:43
79f688fb-8a0d-475a-bc23-f52ab498c967,8da7d890-f60c-406f-aae1-29028eb8cfc7,earn,100,,,2024-11-11T16:42:10
a263abd1-c1d6-4318-adb5-f5174f54bab2,ba843855-fcd2-4280-8e8a-4f350c42c0d0,earn,100,,,2026-02-03T16:42:10
06e844ea-8035-47da-b86f-e34733606e8b,a775f4bb-8a9d-49a6-8b0c-2503a587cf28,earn,100,,,2025-10-25T16:42:10
c0205387-54c3-4741-8b6b-2eabe8f59de7,d03f7233-07a2-41ba-8a17-db330d195d70,earn,100,,,2025-01-13T16:42:10
22e57080-d1ab-4aac-84c6-d74101e44442,9c952fe2-7156-411a-8150-2f2e3a9b3b35,earn,100,,,2025-11-28T16:42:10
499ccb84-263c-4bbb-837e-4679bb427420,9c952fe2-7156-411a-8150-2f2e3a9b3b35,earn,18,,fc707f82-7fdd-4ca1-b6ec-8ae0a0454dc2,2026-05-20T10:49:19
b65e4d81-6b93-4ce2-81da-1fd9720ba1ff,ec890575-6fab-4a8d-b2c0-d4e0e161dd1e,earn,100,,,2026-06-16T16:42:10
e32160f5-9ca8-453b-a42b-8dbe3fd5d6f4,c98b63ff-5339-4d31-b42d-85e1bc0d535a,earn,100,,,2025-02-04T16:42:10
78b49a0f-2b91-4531-aa8e-a074c1e0fd6e,fa05e266-29a9-4893-8322-720ab9663681,earn,100,,,2025-04-15T16:42:10
fa0da32a-b589-4106-9436-ac5720c99ce5,975ac84b-6976-4f95-8dca-c988879bcb64,earn,100,,,2026-03-05T16:42:10
d66808aa-701b-4d10-b989-d2d6beb37591,96b649c2-6549-4fb9-a18f-c972fcc98065,earn,100,,,2025-12-15T16:42:10
1efc5b8f-26ec-468c-a8a2-319a2257635e,f2e11984-db8d-48ac-b9f7-284d91b95510,earn,100,,,2025-01-29T16:42:10
501c7958-6911-4ae9-b82d-06f4257f02d4,0f92f60c-1986-44c6-a95c-4a43b37d5b42,earn,100,,,2025-07-08T16:42:10
7eeccd34-cfb7-4c9e-8cdf-c46ca5e3b069,0f92f60c-1986-44c6-a95c-4a43b37d5b42,earn,23,,f108e134-604b-41d4-ab96-117dcb3ee07c,2026-06-15T22:38:39
59df1585-67bf-4d5d-94a9-adb40db70e78,77ca6688-afe8-4b1c-b7df-4f678a8e302a,earn,100,,,2024-12-18T16:42:10
ca615134-4157-4f88-8aa2-43026a5607b1,f30ef2c9-feb4-4e4f-8c54-9444e2049bf8,earn,100,,,2026-03-27T16:42:10
d376aa57-b61c-49a9-8607-a0e65e81bc5e,59e4dc0e-644c-4640-a53e-e7d97f33cae2,earn,100,,,2025-03-19T16:42:10
b2bdd80d-cfab-484b-ad27-38b7aa67887f,a22eec98-3026-4272-8c8e-920f83bbf1c6,earn,100,,,2025-07-19T16:42:10
8505b183-ba22-436c-9bf3-2a05c6929cb6,bb64ebf8-22e7-4993-a4a2-0be552e399ef,earn,100,,,2025-07-16T16:42:10
ca1f93f3-e4bd-446d-a3c2-b3c66c31a861,bb64ebf8-22e7-4993-a4a2-0be552e399ef,earn,28,,7f4520ac-c074-471c-86e0-de2db9dbecd4,2026-03-11T12:06:05
cb52ffcc-eb4e-4663-9d10-7b9fa1f35680,c3407560-bba3-4251-b54a-a62071e0bb70,earn,100,,,2025-03-23T16:42:10
e0fe0742-3620-47ea-b01d-43dcf30f6476,41098789-537f-43d0-9873-d5e11de55b6b,earn,100,,,2025-06-23T16:42:10
733d7aaf-77be-4b00-b890-d72670acd345,18cbe202-a1f1-439d-8aab-5877ce0d6b8c,earn,100,,,2025-10-20T16:42:10
fc4a5de5-65d7-4365-8f09-14fa51f53643,c7c1bd36-458c-4629-b047-f4d4e346b550,earn,100,,,2025-08-22T16:42:10
c965c6ac-dc4b-4dd9-93da-3a71620a65a7,45651cd9-434e-41f4-9ca3-071e6e13088d,earn,100,,,2026-05-17T16:42:10
e01d8139-5f23-4f61-91ad-fb86c118e567,69c25e43-a50d-4e23-acf4-ebf56f5b3f17,earn,100,,,2025-01-18T16:42:10
b55b9fbb-3ccd-40e8-b224-320c7d3a74d7,778b7276-ef31-46ab-8e84-8e7a12b738e8,earn,100,,,2025-10-12T16:42:10
37be0ba2-aee0-4318-8c8d-016a077504cb,41d959b5-4cdd-4d00-822a-2bdd94db7b8d,earn,100,,,2026-06-07T16:42:10
df344a30-3bca-4d88-8778-72945902f467,41d959b5-4cdd-4d00-822a-2bdd94db7b8d,expire,-50,,,2026-08-06T16:42:10
14695b9e-b44e-41f5-973c-4ccfbfe58d51,0410f855-be8b-42e9-ae5d-bdf2d8f106d5,earn,100,,,2024-10-22T16:42:10
b7c95114-178a-4f0d-b483-8b3f78bc09b3,0410f855-be8b-42e9-ae5d-bdf2d8f106d5,earn,1,,5ced0d38-c0a3-4e10-995a-ae91c02d809b,2026-06-27T07:08:23
ca1d881a-aa5a-4c51-905c-8e4cee0af438,0885e9c0-5988-4ccd-9084-9b2a1c791140,earn,100,,,2025-08-11T16:42:10
00757da2-f92b-49d4-8cc3-5750e8a17a0a,7ed09f8c-c499-428b-9bee-2f9597ff9ae4,earn,100,,,2025-03-17T16:42:10
8dd84265-8cde-4148-b0af-4a2a74084cbd,5054d43f-deac-4b58-a8a5-a9e6e681fac4,earn,100,,,2025-11-07T16:42:10
70661548-9b04-4f22-a6a4-1bc86e254d2d,5054d43f-deac-4b58-a8a5-a9e6e681fac4,expire,-100,,,2026-08-09T16:42:10
770f4a4e-1b0d-4f4a-9bbf-4eeaf674d758,b5f94346-4fc5-4a87-8baf-0dfe26d5916e,earn,100,,,2024-10-17T16:42:10
b3e91b6a-9029-4b25-8134-fc4cbf990a78,68eb36f6-8706-42e7-9f03-933981b84200,earn,100,,,2025-04-12T16:42:10
ffb25cfa-0d8c-49f6-a93e-02109cf22043,114fa45c-14c9-4edf-bfb0-91ca1106a3e0,earn,100,,,2026-02-08T16:42:10
8eef62f9-4be2-4f6e-a4b3-f2f192d6a165,215762b9-2384-43ee-8d02-3ccd287ef935,earn,100,,,2025-04-20T16:42:10
43c40dcd-7bbe-487b-8ddf-ba7595290a6d,f0065091-4e38-46f1-ad05-77998e472314,earn,100,,,2025-12-20T16:42:10
e82c4306-9e18-4d21-8c6b-45b18dfc23bc,9bb0373f-7a75-4011-901b-563da6acd6f6,earn,100,,,2025-06-09T16:42:10
817cf2b0-12f1-4dbd-bc6f-2c40abef0ce2,5c4aa568-b50c-46cf-9c66-4948f5d6e5f7,earn,100,,,2026-06-07T16:42:10
4235029b-b5f0-4ad2-bf77-f894ab873ecd,8d57d7ec-6674-4f13-a0b4-12d4a51da95a,earn,100,,,2026-04-07T16:42:10
7a91a3bd-217f-4a2c-ac00-383639ee5f8c,8d57d7ec-6674-4f13-a0b4-12d4a51da95a,earn,40,,aa80f285-11da-470d-ad1f-d4e452c2150d,2026-07-15T13:07:20
16db1a04-9b4c-4aeb-b149-5af990b27704,8d57d7ec-6674-4f13-a0b4-12d4a51da95a,expire,-51,,,2026-07-19T16:42:10
4f0d5888-ec79-4107-accc-280221a10086,11920e9b-e22a-4683-afde-f740e9d4de5e,earn,100,,,2026-04-26T16:42:10
e6c4cd6a-8560-4ff1-b356-4be5ffc5b2d9,d7f6fb32-3800-4af9-bd72-da4b49455773,earn,100,,,2025-12-25T16:42:10
bf651a59-394c-43b0-aa1b-4af71244e6f2,f8a9e13a-47df-4492-b66e-3bdead34c284,earn,100,,,2024-09-11T16:42:10
7bf432f1-537c-4c05-9334-45a102d61091,f8a9e13a-47df-4492-b66e-3bdead34c284,earn,12,,ee223367-93d9-4246-a839-b90a11cb955c,2026-04-04T10:14:43
3649b73a-34fd-4d37-9c54-802551b4cedc,460e063d-f025-4660-a931-57edfe73045d,earn,100,,,2026-01-18T16:42:10
831139ee-ecd1-4f8a-b92d-4b16cb49858b,460e063d-f025-4660-a931-57edfe73045d,earn,24,,8dfe4a7e-d409-4ebf-aa5d-14ef8ec9e8da,2026-08-08T21:30:54
d4756117-1a2f-4fc3-bf2a-9b0c8233283e,460e063d-f025-4660-a931-57edfe73045d,earn,6,,dea73aef-b915-4ef4-b6bd-f3f862016447,2026-06-06T09:07:21
0cee2d41-c9e3-4fcf-8827-ef07c547002d,1bcd1455-0a0b-4536-84f5-7984325a8baa,earn,100,,,2025-11-04T16:42:10
052879f1-afda-41a5-83bc-be98c4c5f0ac,0cdbbb49-8533-45b5-ab59-40f257c2268c,earn,100,,,2025-08-23T16:42:10
32c3e7e6-3a4a-4b12-992a-bef56f68970c,37f26265-b11f-4f49-bd45-bdbba653dabc,earn,100,,,2024-11-18T16:42:10
c3b81913-d4e7-4034-a088-fff07c5139dc,2c6f6426-5c31-495f-bbca-b324d669fa85,earn,100,,,2024-09-02T16:42:10
9649fe11-06de-4e3c-826e-216a2481b366,2c6f6426-5c31-495f-bbca-b324d669fa85,earn,18,,cb4755b2-19a3-43d4-a783-ff2104eeefb6,2026-04-24T00:08:37
dd184bc0-aaae-484f-b99b-dcc5a5d9dace,14a4215e-9761-4eff-8113-1850372e0889,earn,100,,,2025-06-04T16:42:10
0a29d89b-d7e2-4daa-99be-a8b4684b0266,7eb8d88a-dd57-4cab-9b8e-66dde675479a,earn,100,,,2025-12-13T16:42:10
1d35322a-19a4-47fe-a724-8461d95e72ee,63d9e45d-a21b-4c0b-86f8-138de702e216,earn,100,,,2025-10-12T16:42:10
4fea19e4-8f97-485c-9a2c-f4bb50d64f90,bcfa3451-71d6-4035-8bbe-c02583a7b618,earn,100,,,2025-10-31T16:42:10
6b145b6f-8a14-4fc3-a39a-480a98ae62c1,bcfa3451-71d6-4035-8bbe-c02583a7b618,expire,-79,,,2026-07-31T16:42:10
e2b5a59f-cea7-44a9-89c7-494f29849f72,eba66bce-26d2-4a49-b140-e5f9c6bd341b,earn,100,,,2026-05-03T16:42:10
d484a06e-770a-44e5-a302-d7ea267d3f3a,1cea9a31-0944-4c72-be7f-6bf2d42c2b0e,earn,100,,,2025-11-11T16:42:10
f1ee5db3-67f9-41e3-ad23-a75760342989,41e72975-7e05-44ab-9e14-effbed2f6e30,earn,100,,,2025-11-07T16:42:10
f9e465cc-9a31-4366-abe7-43f8546b7847,41e72975-7e05-44ab-9e14-effbed2f6e30,earn,11,,14a6fa06-c781-4669-83c4-6991ed5d7c25,2026-08-07T07:30:02
31b96a4b-6d39-40ed-b1a1-31a10d1d4c33,b39af986-03a0-41fd-aa1d-862b11c7d2d0,earn,100,,,2025-02-05T16:42:10
ed08dae7-1178-45b1-97a2-b6d021e8b8ec,a88fbe44-82bb-471d-b3db-4015ec95a97c,earn,100,,,2025-10-01T16:42:10
0d9d2a5f-b0ea-4586-ac87-8dcfc891e5bf,26b2e6b9-17e8-474c-9f82-bede46caec32,earn,100,,,2025-06-02T16:42:10
da8ddcdf-9def-4ccb-ace4-63c83a8c03e8,984ab311-d6bf-4eae-aa54-5c9e5ba92229,earn,100,,,2025-01-21T16:42:10
34244db1-b19a-433c-96f5-96a9920a5a79,8854a3e4-5ea1-4cb0-99ed-d7a7c5997df2,earn,100,,,2025-08-04T16:42:10
bb1c1a7d-de88-4635-9d69-913994c0aff4,4dbbd934-84ff-4f13-af3b-76c7fcf2be68,earn,100,,,2026-04-08T16:42:10
b4f6b298-4dd7-4037-a99d-5a0407d94af2,fc2a8721-8d0d-47cc-b09b-0488fde0ca59,earn,100,,,2025-10-29T16:42:10
f86f863e-3987-4b52-b8ed-c63758f84f38,fc2a8721-8d0d-47cc-b09b-0488fde0ca59,expire,-98,,,2026-08-11T16:42:10
a1b5e1c0-3473-42d2-83ce-3456020714d1,577d318a-a1d1-4c07-82cd-15929e8b2ca2,earn,100,,,2025-12-25T16:42:10
4b6a3a53-ba79-432c-a8a3-63156a2ffd85,3368e002-6d8d-4aa0-90b6-701751d6c41a,earn,100,,,2026-05-21T16:42:10
f588c7d4-fcff-4e0e-9d66-087589c2723f,3368e002-6d8d-4aa0-90b6-701751d6c41a,earn,58,,d4e5516c-0273-4725-bb0a-91947112e12b,2026-05-22T04:00:10
64979dc7-a832-4926-a1e5-094188346313,de763560-2697-4b7e-8d55-66728369035b,earn,100,,,2025-10-15T16:42:10
aa758804-a218-47da-8dca-64a3477b7275,eb9afc75-3acf-47a0-a730-27170f679097,earn,100,,,2024-08-29T16:42:10
