id,shipment_id,sku,quantity
ac29c067-eee2-43c9-9112-f64648d99b70,3e59914e-62e6-4c76-9c4e-0b68dc4ded3c,BEV-002,1
00f89331-5665-4039-95fd-4e4c3eef5959,ec394f08-9d85-44f6-8268-a183aa37ae0e,BEV-003,1
1072598a-7b83-48d3-b085-ea1ca7047ca9,0eafed5b-9185-450d-96e4-0406080ae9c9,JAF-004,2
ba93ab9c-bc7d-4534-a85d-d903eaaf2ce7,232eeff4-fe79-430d-80ad-d2444f64127b,BEV-003,1
af2948f0-be2a-416f-af31-93ab77d57409,232eeff4-fe79-430d-80ad-d2444f64127b,JAF-005,1
6bbdfb5c-4053-4db7-80c0-545bad90309e,232eeff4-fe79-430d-80ad-d2444f64127b,JAF-002,1
18238518-c71f-4366-a875-1101a338df56,0782dcd3-6a47-4fc9-bff3-a69448209086,BEV-004,1
d1e092b1-1105-4da8-bc72-a0d7e5cfffa7,0782dcd3-6a47-4fc9-bff3-a69448209086,BEV-003,2
4ed8e922-f18a-4cde-8dd3-49521e4c3e2a,0782dcd3-6a47-4fc9-bff3-a69448209086,BEV-004,1
38ec988a-dec8-4ff4-9714-885f4f735e4e,0fe0265d-ad8c-44fd-bf49-f639ca38509a,BEV-002,1
32c5b7eb-77ae-40e2-a987-0821cff9d9e2,0fe0265d-ad8c-44fd-bf49-f639ca38509a,JAF-001,1
b0ad7b91-3e50-40c2-b658-53dc04110739,0fe0265d-ad8c-44fd-bf49-f639ca38509a,JAF-001,1
73a701f8-961b-4187-b3a9-23dd556309ee,de30afe6-aee5-4210-9a9e-28912f5f7a9d,BEV-003,1
78e8b014-4b72-4098-b2ac-3388736c2372,62d48ffd-3e7a-46fa-8fc1-a3cf6bbf9397,JAF-003,1
eb61bf49-ef95-44f5-93b3-7caa08dec943,62d48ffd-3e7a-46fa-8fc1-a3cf6bbf9397,JAF-003,1
a5e78973-7c3a-4ec6-960a-55f3e1922662,9c372c67-5d27-4f49-a604-fb815b9cadec,BEV-003,3
d8d2f5b7-75db-4c08-9270-e762485cfb98,9c372c67-5d27-4f49-a604-fb815b9cadec,BEV-004,-1
dc20b4cb-60a1-47c5-a53b-45064ac75b76,9c372c67-5d27-4f49-a604-fb815b9cadec,BEV-005,1
ca956109-3d81-4a74-be6d-0bdc0a49206b,9c372c67-5d27-4f49-a604-fb815b9cadec,BEV-002,1
01a6eb1a-afca-455b-981d-760dae533607,bbc3dc9d-df80-45df-9da3-c91e9e88421c,JAF-003,-1
ee147aa6-5340-4b5b-8121-5ced69d99bf2,bbc3dc9d-df80-45df-9da3-c91e9e88421c,BEV-004,3
905aa3fa-ab57-4804-b994-2f889a02d335,bbc3dc9d-df80-45df-9da3-c91e9e88421c,BEV-005,1
86112649-4e6c-43a8-8ed2-77f0900fb086,bbc3dc9d-df80-45df-9da3-c91e9e88421c,BEV-002,-1
c56e8b14-cc3b-4b02-86a5-a4f20dec2e7b,b0c36243-385b-4e60-899d-cd42556c9514,BEV-003,1
6f3c3551-eed6-48b7-9bc2-4f1d8ca737a0,b0c36243-385b-4e60-899d-cd42556c9514,JAF-004,1
fa217848-9b20-4bb9-84f5-8c3dcb08bc4f,4d9549a5-212d-4aec-972c-f32844d08cb3,BEV-001,1
84d715f1-4384-44f3-b6d2-a1c75522b738,4d9549a5-212d-4aec-972c-f32844d08cb3,JAF-001,2
fcdd065a-e7d0-47be-b190-944fa985d1fa,4d9549a5-212d-4aec-972c-f32844d08cb3,BEV-002,2
e24ff100-4877-4518-9656-9cbfd2baa7ff,aff6ee40-3722-4de9-a578-f2f9851ad94e,JAF-001,1
78ed6f1f-d55d-4e2a-99ce-47f5992eae47,fdb06766-b423-4232-af51-7e6361811eb8,BEV-004,1
b9cc4a47-49d7-4af8-85e9-d0c4c30bc60a,fdb06766-b423-4232-af51-7e6361811eb8,BEV-005,1
62d8924d-6257-440d-ae61-756d7b6c4da7,fdb06766-b423-4232-af51-7e6361811eb8,BEV-002,1
17677b79-ac35-4791-85a0-e0e12f2050e6,9ae90621-fcee-4735-b34d-6fe33ed7ae67,JAF-004,1
84f926f0-31e1-473b-b74e-e4727872ec55,f6307a7e-26d6-4d91-a78a-88af916d7bd9,BEV-003,1
0b4db8d9-5979-4ec7-a62a-d3a9660d4960,d6e20d22-d603-42f1-a13a-2d01facc7358,JAF-005,0
0b957b32-b16a-473c-b1ad-e76d55dddc8d,d6e20d22-d603-42f1-a13a-2d01facc7358,JAF-004,3
76a1c6b3-463e-49ec-ac98-8c1b2648f4cd,e487eb5f-4a1c-4565-afbd-ea5dd284e13c,JAF-001,1
d4378ff5-954b-45a5-98e5-581fc6c769f0,bd16c497-ef98-49d3-903a-2ae60bae20ac,JAF-003,2
bf00a2ab-f82a-496e-9134-5703335b9efb,bd16c497-ef98-49d3-903a-2ae60bae20ac,BEV-001,3
530536f7-f8a9-43c2-bbeb-53e39c65aa1e,c068cb30-3bdf-4c83-b234-e0255e624ae2,JAF-002,3
4f974da6-8c70-46dd-aee0-0f92e5a7e1fc,a70ecf39-e330-468f-af69-33c2ab9ac069,BEV-003,0
745a3d99-16ae-412c-9c28-77813cdb4614,a70ecf39-e330-468f-af69-33c2ab9ac069,BEV-002,0
b73c8baa-d1b1-43e1-b879-7c9f29da9836,a70ecf39-e330-468f-af69-33c2ab9ac069,JAF-005,2
79ccefa5-8a23-4102-b8ad-0d60707ed590,c2fe7d01-fd75-433e-a474-94807ca5d91e,JAF-004,2
da410cda-02ef-4276-9053-42ca64856808,5e6eb2ea-65e8-41a2-85f5-ac12c2c1d070,JAF-005,1
c34beb29-c68f-4990-a406-b427fc7a9b73,7637e032-db53-4047-bc7f-e036a9d6384f,BEV-005,1
b4010da0-bf85-4447-a0eb-668ad219f47b,22148f4a-d543-4903-beab-d931e08588bd,BEV-002,1
c16c57ec-7ab9-4de3-a505-6da1055e012f,22148f4a-d543-4903-beab-d931e08588bd,JAF-002,1
b7e1d332-a3e3-436f-9b04-8c23139d8f8c,22148f4a-d543-4903-beab-d931e08588bd,JAF-005,1
78f893d1-1aad-4aeb-ba1c-ab44469a6507,22148f4a-d543-4903-beab-d931e08588bd,BEV-003,2
f4630589-44da-424c-904a-7b0db001c93e,7e7165c6-304f-4b74-8e44-24d78b2a0afb,JAF-003,2
8a61806c-1937-4a8d-8a61-a8a9a63933a2,7e7165c6-304f-4b74-8e44-24d78b2a0afb,BEV-003,1
9a52bd09-57df-4534-8cf0-4a3d44b04b60,5cc2b8ec-4fbe-4bd2-93cf-d34589298f1d,JAF-002,2
de6a2c97-f042-4415-b870-1d2058ecf4a5,5cc2b8ec-4fbe-4bd2-93cf-d34589298f1d,JAF-003,2
98de803f-5ffb-47a9-8e78-3d67c010d702,5cc2b8ec-4fbe-4bd2-93cf-d34589298f1d,JAF-004,3
4804d601-2c9e-4098-b08b-77b55a064466,296b878e-4c33-41ec-ac5d-ba1bcd6256f6,JAF-005,1
299f2f47-a8eb-4266-9528-678166507b78,296b878e-4c33-41ec-ac5d-ba1bcd6256f6,JAF-005,1
d921d8f9-5be6-4a92-ba01-18750f852bca,8d022f3b-5d9a-4b8f-9978-6b572d0c8c9b,JAF-001,1
a2bbe2a5-f4c7-49d1-8103-93411a499607,3752dccc-ec22-4f74-ac77-45623cc6333a,JAF-002,1
53cd6a4d-39cf-48ed-ab17-92b6d4cc2d40,3752dccc-ec22-4f74-ac77-45623cc6333a,JAF-005,1
e9423f05-388b-442b-9ea5-b5dd68356e68,5c3acd00-eab1-4a87-bd85-9d7861a06f39,JAF-004,1
e44eca53-58e9-42cf-be3a-706d99b4fa75,5c3acd00-eab1-4a87-bd85-9d7861a06f39,BEV-004,1
0c594c47-e83d-4034-ab77-a7aa09844af4,5c3acd00-eab1-4a87-bd85-9d7861a06f39,JAF-005,2
22bc65a7-d3c3-47a5-af0d-9a8adcf7ea68,ecff6641-ad73-4574-9784-20af0b2ca887,BEV-005,1
afc31f08-f32c-49f3-9f8a-a18e1f911ae0,ecff6641-ad73-4574-9784-20af0b2ca887,JAF-003,1
c7c1ba60-57df-4dc8-9abb-73a216a3f720,ecff6641-ad73-4574-9784-20af0b2ca887,BEV-001,1
be944926-4b5e-4870-a03c-84fe1753f0fa,7d8ab389-0f22-4008-a9fe-38192ddbc1ad,JAF-005,1
64f83385-cb14-4763-8f81-3148cdefd62a,04bf62a4-9a96-44c1-90f1-b1e522abd86d,BEV-004,2
0ed438a4-ade8-4dad-8c44-a9e5e6fc8df6,36aecdd5-12ce-4c4f-a3bf-5816f6f88f02,BEV-002,1
f0a50128-560d-4818-9f98-b653946f3204,36aecdd5-12ce-4c4f-a3bf-5816f6f88f02,BEV-004,1
4e137b0f-eeef-4eac-b11b-3e0536c5fca0,ebb8325a-a012-434e-b2a8-49091d63f2df,BEV-004,2
0bf66fc4-476b-4c95-a483-f64a37dad208,4c9dcdb7-48d0-4ac6-bc73-7c77243dfe17,JAF-001,1
2af83653-d7ce-40dc-b4cb-850c7a32f88c,4c9dcdb7-48d0-4ac6-bc73-7c77243dfe17,BEV-001,2
93d95ad0-d8ad-4493-9d63-a798e9327cf4,4c9dcdb7-48d0-4ac6-bc73-7c77243dfe17,JAF-001,2
93fc7498-8de2-4e55-8fe5-b591feb8ca57,4c9dcdb7-48d0-4ac6-bc73-7c77243dfe17,JAF-002,1
c36a6964-64e6-4ab0-9f50-b8be3fd8e05a,b97fc5a0-8e84-4952-a547-79373dea5b82,JAF-004,2
123b451f-dedb-44d3-a8ac-1a173e3d4fd4,456ac74c-fac3-4348-bbe4-8705911e25d2,BEV-004,2
ee7e9c56-1dd5-459e-b4ee-37aaf401792b,456ac74c-fac3-4348-bbe4-8705911e25d2,JAF-004,1
5f7566ac-443e-415d-9c1f-f6bf9dd4e332,52fa26c4-806c-431a-be3f-52c21f148c57,BEV-004,1
4c79e783-86ad-489b-bde7-8de4816bb73c,c6c8ea5c-5287-40f9-8283-92b18321ddc7,BEV-005,1
f996f88d-4e8b-4ef6-9f74-c266ae7c689f,bec99671-96da-4e99-bf34-c84308eccf4d,JAF-004,1
da899324-c970-46bf-851e-330bd427255e,bec99671-96da-4e99-bf34-c84308eccf4d,JAF-004,1
8db19d0e-7a58-4e33-aabd-cea3ce1e7c82,c0ff5a31-45fa-4e5e-ac4f-abfba27a8ddd,BEV-002,2
10ad2028-8970-4ddd-8293-e135a7f88ce8,c0ff5a31-45fa-4e5e-ac4f-abfba27a8ddd,BEV-001,1
c054cf30-d8b0-42be-808f-664ec02999fc,1356c050-43f1-4fc2-8e7f-95d2311e2566,BEV-001,1
141c4000-afe8-4618-a61e-dd870e08fe16,504312de-06b3-429d-a3ef-f6cae965a1ae,BEV-003,1
afe9ff21-d70c-4fae-85d5-6740d818c54a,194ca19c-e0e2-4474-8ad1-505f33fd466e,JAF-004,1
a7a110d8-19f6-4087-b0f5-396afdcf6396,194ca19c-e0e2-4474-8ad1-505f33fd466e,JAF-003,1
b6631694-c93e-4d10-b580-c3ab17f2277e,194ca19c-e0e2-4474-8ad1-505f33fd466e,JAF-004,1
6b76419d-78c9-49b7-a678-09f044303495,b34a96fd-588c-4766-8e4a-67b12a63e930,BEV-002,3
466abc13-d843-414c-97b0-e961b902aa31,40eaacdb-b8d1-402e-bd0c-31c2cfd98af5,JAF-003,2
1b5aaedf-bb1b-48f4-9bdc-1d90bc6b0c28,c69cd275-0b62-4dec-bd56-1ed2dc6231cb,BEV-003,1
2e168030-ac4f-4176-9c29-8c9f5ffb112a,365645cb-e937-4081-a7ef-cd43ce2a9c58,JAF-003,1
05825839-61a4-40c5-811d-ed926b16fac1,365645cb-e937-4081-a7ef-cd43ce2a9c58,JAF-005,1
212477ec-6166-4ac7-8d14-e8522d02108a,b0a923c0-e7ed-4eec-8ab7-7a2a7ab607d8,JAF-003,1
e9dd0040-d410-4e12-953d-dffadc09ea4e,d43a4684-27d0-48e8-9c3d-e7a4d2dea0d0,BEV-005,1
ed5a8a6c-beeb-4b39-9dc0-2870b20fb18a,52d0bfeb-deb1-4b96-9f87-aca69019f418,JAF-001,1
aeab17c0-91eb-4e93-90d7-3ef02f0bc18e,52d0bfeb-deb1-4b96-9f87-aca69019f418,BEV-005,2
74dd591d-e93a-4b9f-8f88-fb7ec782a9fe,6c7eeea1-42c4-472f-93f1-4c102f4c8a42,JAF-003,3
47cf64ac-f4db-454e-8627-826e80c4b043,6c7eeea1-42c4-472f-93f1-4c102f4c8a42,BEV-002,1
04b3e6c1-574b-4fb3-814c-4fc17e5b2159,6c7eeea1-42c4-472f-93f1-4c102f4c8a42,BEV-002,1
7cf21475-04e7-4078-9a8d-ca7f98316573,7aa7557e-b7c1-4010-b3dd-00041559d985,BEV-003,2
1200a7c4-56be-4513-8ddf-2ab2346eec2d,7aa7557e-b7c1-4010-b3dd-00041559d985,JAF-003,1
e95aeeef-1afd-4ee0-bc68-c737cb4c8055,7aa7557e-b7c1-4010-b3dd-00041559d985,JAF-004,1
0eb224cf-9331-4106-8127-e6ed57e19a2b,082b092e-ea08-46b9-a790-331b2570a028,JAF-001,1
786f89ce-c6a8-422c-b296-fbd5c491a54f,082b092e-ea08-46b9-a790-331b2570a028,JAF-004,1
1eb8b47f-2b6b-4a05-ac09-3e1b04b1cdc1,082b092e-ea08-46b9-a790-331b2570a028,JAF-004,1
be5b902e-d270-4178-99d2-8bb7d2a867a7,1364185c-4197-492e-b783-e0bfe2830688,BEV-003,1
428e58e3-a090-43d7-9d30-100ed19419ed,1364185c-4197-492e-b783-e0bfe2830688,JAF-002,1
828350e8-bc03-44bc-9193-f28a550fc45e,1364185c-4197-492e-b783-e0bfe2830688,JAF-002,1
cab99058-d6e8-4e3e-b9a6-6a236b9f3bb5,1364185c-4197-492e-b783-e0bfe2830688,JAF-001,3
e7a40370-17a7-4d6d-a4a5-0304b6ed0eac,f8c488d3-905c-4f3b-8aa2-c72a0d286545,JAF-005,3
c1305fd1-a2de-4247-bbab-0ddb248bc41d,f8c488d3-905c-4f3b-8aa2-c72a0d286545,BEV-002,1
51a674b0-ccbd-498d-83d7-5956dc0a9c07,f8c488d3-905c-4f3b-8aa2-c72a0d286545,BEV-004,1
e0c5c87d-62f0-41e9-a8c7-df748ec511f3,4d72029f-e54a-4700-9ca9-886d70a61473,BEV-003,1
6f0bdeeb-3f3a-4243-bc12-aa4f00a64173,78890314-c817-441a-9d99-fa5a898946df,BEV-002,1
1147732a-8bf3-4ee2-8c89-612fb842c649,0daaa700-d9e3-4933-ae72-eb4a16b4126b,JAF-002,1
89e3a6fc-e0d4-4c8b-9ecb-02db2707d214,0daaa700-d9e3-4933-ae72-eb4a16b4126b,JAF-005,2
3c38f389-1df0-43ab-b4d0-3fc44f93ed1b,5a52e690-910c-4c48-b899-2c394a251ae2,JAF-003,1
85a5114a-8b90-441b-abb9-6c92536986ab,b2cf341a-0f5b-4067-8238-ab1c784f8efc,JAF-003,1
73472fb8-e85c-4209-9412-f1023be3d0c6,b2cf341a-0f5b-4067-8238-ab1c784f8efc,BEV-005,1
6f60817d-9349-417b-b957-2310cf96660d,8bab8c87-17b5-4a8f-b5d4-cbdd4b1bcdad,JAF-005,2
d76daf9e-b0d0-4a39-9fdb-f2ab32dd55c0,8bab8c87-17b5-4a8f-b5d4-cbdd4b1bcdad,BEV-004,2
3c4226bd-80a8-4454-bb89-2e8875ab371a,ab904450-37b2-4047-a683-419366f27ccc,BEV-003,1
f02bc4ad-fe01-4739-9ff6-7ba4af135c45,ab904450-37b2-4047-a683-419366f27ccc,BEV-005,1
96c8fccc-ab51-4319-b69d-c5d3e7a568ae,194a860c-b8b8-4287-8b02-98e33fd64428,BEV-005,1
4cd5636d-a945-4bc7-85bb-481effee3383,194a860c-b8b8-4287-8b02-98e33fd64428,BEV-003,1
a92d56a6-b710-4077-abe0-c12d087b1470,194a860c-b8b8-4287-8b02-98e33fd64428,BEV-004,1
7bd16e78-97e7-47b3-be11-9374267c4cd3,194a860c-b8b8-4287-8b02-98e33fd64428,JAF-005,1
a8688eeb-8e7d-454a-b7b0-9a68dc5dcd0c,83c04fbb-085c-4571-b985-347d34c0323f,BEV-004,2
e0d042d4-ebd3-4f5b-b647-51f872f0595c,30541e37-49d6-498f-9032-9c5ce536c487,JAF-003,2
33527331-a375-4001-8218-f4f2f30fae42,30541e37-49d6-498f-9032-9c5ce536c487,JAF-005,1
3f6f7b39-36cb-4387-afaa-896357d8251a,1fbdefd3-86ae-4fb8-91bc-1b0b71c8dd3c,BEV-004,1
2c804696-d6cc-41ed-98c6-54178e4c2411,0b89c99f-cd85-4cf2-a228-4396e1a32bf6,BEV-003,1
1f204685-f953-432b-8979-13f85ee1b179,0b89c99f-cd85-4cf2-a228-4396e1a32bf6,BEV-005,1
0269b63f-68d6-4067-9163-c9ae80b4079e,0b89c99f-cd85-4cf2-a228-4396e1a32bf6,JAF-003,1
6f4aa7ec-7ea1-4236-9c19-73a74501bfc3,916a0b7f-b83c-44a0-83f4-5c75bf636fe4,JAF-005,3
774d7845-ea4e-47a4-9807-d188ff3a6e6e,31828692-eea3-4f4f-b26a-b8f7a58bd745,JAF-004,2
25561c38-fda9-47cf-aee0-31d51477cbeb,7037286b-820b-478b-acee-2756ecbca9a5,JAF-001,3
2a122dce-9e9a-42ea-9508-d37e73e1467c,7037286b-820b-478b-acee-2756ecbca9a5,BEV-002,1
ad9f1f07-69bb-4ac5-8700-d9b2de6670e5,7037286b-820b-478b-acee-2756ecbca9a5,JAF-002,2
896eaae6-23cd-442d-9bad-bf524e64b182,bccd340a-3257-438b-b829-f283e5fbcdd0,JAF-004,2
5db29f0e-7996-4060-a8f3-dadbcb0d1618,bccd340a-3257-438b-b829-f283e5fbcdd0,BEV-004,2
a584c3ef-9684-4fcf-aa93-cef69262748f,85210da6-23af-429b-bf02-5583dcee6d6e,BEV-003,2
1cd6e60c-5df8-4720-911f-429f7783c3eb,85210da6-23af-429b-bf02-5583dcee6d6e,BEV-003,1
137c1475-b1a9-4f9c-8e28-4c7025b20b6c,85210da6-23af-429b-bf02-5583dcee6d6e,JAF-004,1
e69ee79e-e77e-49ea-a435-876f41ab6b57,0dbb0d51-a813-4a87-a80a-b7d9c6d59249,BEV-004,1
a8b551e9-6b96-4ad0-ba99-3152be6ad70d,0dbb0d51-a813-4a87-a80a-b7d9c6d59249,JAF-003,1
db2e4bc2-90a9-4693-a080-45a4363793ba,fbb8cfb3-761f-484b-9dac-19994b711257,BEV-001,2
cd95df31-d7d7-497b-a34f-ff9fed734fdf,fbb8cfb3-761f-484b-9dac-19994b711257,BEV-003,1
c3398f74-bb78-4acb-b444-a11bace9d261,3da5bc65-7073-4fc9-95ac-d3022f327fa7,BEV-002,1
b3f141d8-d68a-4a7a-8272-d29062ffbdec,a134c737-5bf1-4d67-a6ec-77c021b93e72,BEV-003,1
117179fe-1173-4293-835e-4d70fb1396e8,8a47b3b0-b22e-480c-8b5d-4e059ce1ee0b,JAF-001,1
19f3d377-c355-42b5-9e1c-787cdd44d6b2,8a47b3b0-b22e-480c-8b5d-4e059ce1ee0b,BEV-005,1
7bd14a39-5bdd-4888-a750-f5f535b3f4a4,8a47b3b0-b22e-480c-8b5d-4e059ce1ee0b,JAF-003,1
3ebc077f-d8a0-4763-810e-20d4836c70c4,8a47b3b0-b22e-480c-8b5d-4e059ce1ee0b,BEV-002,1
f553e112-4b60-4760-a6c6-b42ffe781c8e,6a10f4c0-7792-461c-8191-e9527c61f118,JAF-002,3
a24a8221-8eba-4775-af3c-df7d97d63849,6a10f4c0-7792-461c-8191-e9527c61f118,BEV-001,3
52798751-c892-4ddb-95b0-740aee2d6c34,6a10f4c0-7792-461c-8191-e9527c61f118,BEV-003,2
a31cb775-6b1c-4cd0-af8b-e6ac4a79d3bb,906142b4-8809-4392-b6da-549e5e7a6ca6,BEV-001,1
5ac8bd33-1430-46af-be3d-78892f1ebc6e,2ef75b73-2777-4258-b374-990ff89a202d,BEV-005,1
1d4a22c2-e717-47d3-88b4-95df1915cc97,4845022d-e469-40a3-82c5-211fa41f5e2b,JAF-003,1
5ea9da90-d45e-4683-9f98-e45081e5b5b2,4845022d-e469-40a3-82c5-211fa41f5e2b,BEV-004,1
bba3e3a2-67f4-4c8c-8327-3bd6d1c85d72,4845022d-e469-40a3-82c5-211fa41f5e2b,BEV-002,1
ca828cdc-cd89-4402-87f6-d7e50aad01d7,11be58d6-be31-4f4b-9624-ee27ccd4eda7,JAF-005,1
82aeec6c-6b17-46fe-b9b6-ab0fc1dc3fde,70f436f2-c635-4b2d-af17-fe24f197f054,JAF-001,2
42e5ba72-b72d-4015-8f6b-600fbdc2d156,70f436f2-c635-4b2d-af17-fe24f197f054,BEV-002,2
61d33a14-ca12-4fef-8f53-a6f652060d0f,ba5508e9-aa32-4144-9e62-e5f367210d63,JAF-005,3
6201d8ef-317e-48de-8fc5-2463e561deaa,a107a224-2171-45ad-b4a8-54a1b725a6de,BEV-004,1
f100fc22-c5b2-48a3-b0ee-3ec92dff8a0f,e91c3bc0-3305-4ff9-bdb9-3be6719d7062,BEV-004,1
76f88e5d-f41c-4f89-bb71-60e12090a5bc,e91c3bc0-3305-4ff9-bdb9-3be6719d7062,BEV-005,1
33d0bb0a-d87a-41f6-857f-1d66d720bb92,f90a0b36-9d80-45f2-bebe-538842626d3f,BEV-002,1
41410f2f-c4f7-4fa5-a0d1-12cfdc594e65,f90a0b36-9d80-45f2-bebe-538842626d3f,BEV-003,1
495b2394-3711-43b3-aa5a-ab1a0bad9bef,341ad07c-3ec3-4c30-9c46-e42183353786,BEV-003,3
a5927d7d-2445-4b7e-8695-d4759317c672,399df822-71a9-41bd-80ef-d4174e833b70,JAF-002,2
0684b476-e3ea-4c59-a555-cd1266228858,399df822-71a9-41bd-80ef-d4174e833b70,JAF-002,1
9abb9494-4304-4557-ac58-f1e92c926555,399df822-71a9-41bd-80ef-d4174e833b70,JAF-002,1
34b53fd9-c99b-4e32-840d-8e9138c600ee,399df822-71a9-41bd-80ef-d4174e833b70,BEV-004,1
0c42b187-3988-4d4c-a1ed-07b9c63d862b,3057e087-9e4d-4c6c-a8ea-d3e4264733ce,JAF-003,2
3add53c9-d435-4fb8-b35b-be3b09903eb1,3057e087-9e4d-4c6c-a8ea-d3e4264733ce,BEV-001,2
ef2fbaa2-ce1e-4710-ac2c-93425698dafb,52d483b5-7781-4f85-bc5b-c39ef1ab3178,BEV-004,1
0e45cfb1-e4b9-41b4-af1d-a2a7269f1c7a,a70c6745-5f86-4fe2-af67-74bcc3ddaa6b,JAF-002,1
2bbe6954-e0e1-4d41-9e13-b1d0ea5f007f,a70c6745-5f86-4fe2-af67-74bcc3ddaa6b,BEV-002,2
806953a7-5321-40f0-98ee-56d04d977390,5a55298f-02c2-45ae-b8a1-b0140dcbc1ed,BEV-004,1
e956b63a-cdff-49c7-b4f0-72283aaf929a,5a55298f-02c2-45ae-b8a1-b0140dcbc1ed,BEV-003,1
693d7a48-4054-43b6-b6b1-fdde5b2ca5c7,5a55298f-02c2-45ae-b8a1-b0140dcbc1ed,BEV-005,3
d9780aef-8fcd-4d95-9094-7b68e4a13956,3d2de827-ec68-4762-afb4-d902b26c8198,JAF-003,2
884ccf2c-7e81-4e1a-a8d2-43d73be4cf18,3d2de827-ec68-4762-afb4-d902b26c8198,BEV-001,1
e40dc07d-cc1d-41aa-8842-3533d2d577c0,74999c13-4f36-421b-a751-cd83d2b525fd,JAF-002,1
59423a4d-76b7-4d9e-8197-c3e04d32f042,74999c13-4f36-421b-a751-cd83d2b525fd,BEV-002,1
ca091fe9-9684-439d-bf0a-e3bf7b67b1ad,74999c13-4f36-421b-a751-cd83d2b525fd,BEV-005,3
52ba52ec-91e3-450c-a5e7-f7cb87b87204,74999c13-4f36-421b-a751-cd83d2b525fd,JAF-001,2
7bef71b2-9803-482e-8eb7-55d626beda01,3ff7ca1d-96e5-4e12-9f39-1502d1dcd7a2,BEV-005,1
acde28de-df10-4582-86b8-b64a17bcc783,3ff7ca1d-96e5-4e12-9f39-1502d1dcd7a2,JAF-005,1
b39fba6e-56c9-4919-b7c7-f6d9fd162b8d,c0049166-08e9-4a24-9661-9f666b8d2497,JAF-001,2
d5304151-a6c6-4678-be86-1cacbe5066dc,c0049166-08e9-4a24-9661-9f666b8d2497,BEV-003,1
0658c5f3-fd8d-47a6-b8e2-1299863c67e7,c0049166-08e9-4a24-9661-9f666b8d2497,BEV-001,1
cc6d0d23-a327-4c84-ab2b-b4b782b18d80,6ce6bc85-eb3e-4153-97c3-4b0d335b04d4,BEV-001,3
57e1db6d-b2f1-4610-822d-7b84ce158730,6ce6bc85-eb3e-4153-97c3-4b0d335b04d4,BEV-004,2
3a6f8cb5-659c-4cb8-9cb2-0e72229ba16a,2bfc360f-2cb9-4292-84a5-ffefa601ca6f,JAF-004,1
56db810c-de19-4d6f-88de-6e499b96b6be,2bfc360f-2cb9-4292-84a5-ffefa601ca6f,BEV-002,1
12b3da63-462b-4462-9bac-28ce313649ba,9f77f8fe-74fd-4a16-8652-2ae9a3ce84e0,JAF-002,1
29ae2979-bb7e-429c-9565-7dcef69fa8d9,da6cd6b4-e263-4a19-8768-b07092a9678f,JAF-004,1
2db9139b-3583-43af-b9a7-febbfd474ca5,da6cd6b4-e263-4a19-8768-b07092a9678f,JAF-999-DELISTED,2
7de9e048-1938-4b47-a77f-d4fdc2df5aa2,9edaad75-ddad-4c58-98fb-fbd712187698,JAF-003,1
c3ed5561-2168-432b-a108-ec660e5898de,161a92b0-b169-4277-998a-e3ee7326ca7d,JAF-002,1
90cbf036-0eb9-4f68-97a0-03bcbd6beae7,5da041b8-4f0e-47cd-9b35-71ccd42cea4b,JAF-001,1
69aec2c1-7981-40e2-9daf-857510d32a1e,5da041b8-4f0e-47cd-9b35-71ccd42cea4b,JAF-005,1
09b76e3e-e148-4453-bc4b-e0278e378978,02f664c5-c4a9-4f88-a4d0-00661e3f59f0,JAF-001,1
6cb4dd6b-21b2-4a32-9d05-876cf5e19bb8,02f664c5-c4a9-4f88-a4d0-00661e3f59f0,JAF-004,2
cd933727-956c-437c-90cc-4f56353b91cd,426e9496-0d9b-4ec0-913a-4108bd656afc,JAF-001,1
408ff5eb-10b9-483f-be7e-f1c65f408fc4,426e9496-0d9b-4ec0-913a-4108bd656afc,JAF-001,1
f8821d29-041b-4161-9aef-9a0c2c3b16a3,2abff4b0-e984-4825-9dbb-041748658c58,BEV-001,1
44df5eb9-f68f-41f6-a315-cb59b7a76da3,2abff4b0-e984-4825-9dbb-041748658c58,JAF-002,3
0befa116-18fd-44be-a6c2-6f4ec0b959b4,61ebc732-cd73-4840-82eb-44cf9620d4a0,JAF-003,2
a89030bf-9d1c-44e0-adb1-1f500a6e2e5f,61ebc732-cd73-4840-82eb-44cf9620d4a0,JAF-001,1
9129bb0c-aae0-4705-98f4-52be596c57e1,eb7bec9d-8d4c-4827-8789-32dc4c72b9c3,BEV-003,1
3b603f32-9d4a-4dbf-93a4-d3dbe07ac7ba,4bcc1d9c-973e-434f-8e8b-23fed6a507cf,JAF-001,1
61a25b31-1784-4a0d-bf31-d8dec2097255,4bcc1d9c-973e-434f-8e8b-23fed6a507cf,BEV-001,2
75e1f636-4126-4567-a5d3-b379be0da7c3,3d583b68-3c06-45fa-9d7a-dc981d4b43e3,JAF-005,3
f6b84f5e-a48d-4ea4-b13b-afcaac31f9f0,baae83e2-c156-423c-acbc-a55468c57f84,JAF-001,3
d634c2a8-7801-40ca-a0a2-ddb2467f4a74,cab7e495-5783-4e63-a400-53ab350674c1,BEV-005,1
fb376466-424d-41d6-828f-d71096278c0f,e8c78ed3-12f2-482d-9dd5-3e0f686842a0,BEV-005,0
a62f48c6-6522-4b57-adca-cb6e2d9d8030,cb0112c7-5c02-464f-98f8-29f84c85bcb8,JAF-003,1
97401373-3396-4040-9692-3b1f335ec056,cb0112c7-5c02-464f-98f8-29f84c85bcb8,JAF-002,1
1bd3da8f-30f9-4bf7-b950-8d50ccfa9f8a,cb0112c7-5c02-464f-98f8-29f84c85bcb8,JAF-002,1
0a50c27c-a96c-456e-829c-1a52ae934c1c,cb0112c7-5c02-464f-98f8-29f84c85bcb8,JAF-001,3
e4fb3910-8be3-43df-96ca-e5cf358d1469,c2920980-5f57-448a-9c47-60710fe08645,BEV-002,0
cac09b4d-629a-485b-b5c8-729c4924a9ef,1b3104b0-9749-4d59-9448-68049b21c736,JAF-004,2
4805267e-7021-464e-92c3-727ed36db882,428071d4-5609-4073-8543-45376eeea57b,JAF-003,2
13c15ce8-edd0-4244-8c22-8fbbcfc1485e,428071d4-5609-4073-8543-45376eeea57b,JAF-004,1
efb5e03f-01e9-4820-ac5a-ab3ab5d7bfec,d0e27928-ebdd-4fde-a4e4-d8c8640ffc52,BEV-002,1
8906c85e-c211-4bdc-b8c3-d2199a3f1e37,d0e27928-ebdd-4fde-a4e4-d8c8640ffc52,JAF-005,1
b02bb261-ba1b-4306-8e02-127e66fa34ad,0052e516-9e9a-48d9-a262-0d9a021872ca,JAF-005,1
0daddcc5-63d7-4ab5-843d-349deafdb73f,0052e516-9e9a-48d9-a262-0d9a021872ca,JAF-002,1
c00a200a-b39c-45c9-844a-2bfdcb48a423,0052e516-9e9a-48d9-a262-0d9a021872ca,JAF-003,1
2d581ab8-77d3-48f0-b8bb-34411b164313,f95f40f0-a552-4809-ba14-76c8f0d4944c,JAF-004,1
da991762-e33a-4900-814b-386e8e869f3b,9fb74f16-1191-496f-968e-bf83fd5193e0,JAF-002,1
074ad92e-c604-4a45-a5e4-1d3f760c1840,9fb74f16-1191-496f-968e-bf83fd5193e0,BEV-003,1
7a0ef758-70d6-4989-a75f-3474fcd9db8b,afd1e1fe-c094-4126-997e-ec0a57727587,JAF-005,1
99676b18-e7f3-448b-976a-d757f04ce64d,965b00cb-dd24-4417-af31-7a8bacc052d0,BEV-003,1
a42c5b12-a3d9-4061-877c-f113afdf67e1,965b00cb-dd24-4417-af31-7a8bacc052d0,JAF-002,1
7da275af-c4f7-4850-807b-e417d44e6e5a,87850d22-27c7-4574-b6bb-3265f3809949,BEV-005,3
908ac3fe-79cb-48d8-bf43-ed62b18c8851,20ccadd1-897d-462b-b7d7-2542278643ea,BEV-005,1
bd77759b-0f27-4046-a353-f7008eb16b86,b652c7b7-d565-422d-82d1-bf61475e097b,JAF-001,3
87a418fd-9a33-4d02-92b7-52773ae6b5ae,b652c7b7-d565-422d-82d1-bf61475e097b,JAF-005,1
c9638d3b-972b-4644-ad62-c976cb37db78,375b4dff-7028-4684-8350-c0b7caf69ac0,BEV-004,2
28302089-ab9d-493c-b79f-d7869f3932c6,4d35a20c-aa7f-414f-b606-20679799e5a5,BEV-003,1
891e9469-5233-41e9-a8d2-3125dce66e8c,ef6afd93-b2f4-41af-b729-c5e3f066c197,BEV-002,1
1f84e1df-0892-4ce2-9649-53aeba6c625b,ef6afd93-b2f4-41af-b729-c5e3f066c197,JAF-004,2
81e2eb14-b59d-4cf4-b8da-6737f87d8989,ef6afd93-b2f4-41af-b729-c5e3f066c197,JAF-004,1
e3981fbc-6edb-4077-bc02-df0afa1c59fa,ef6afd93-b2f4-41af-b729-c5e3f066c197,BEV-002,1
fa148a3b-5842-4fb9-a083-8450a19a9791,c2660969-d15f-410c-aec4-6d9e15c9d5f9,BEV-002,1
968453af-51aa-43fb-b3a9-56a3b66e8610,c2660969-d15f-410c-aec4-6d9e15c9d5f9,BEV-003,1
f1dc37b5-d601-4818-9392-7445e2c37933,0cbfda0a-42b7-4158-9959-8b6fd92842a8,JAF-001,1
072eb17e-f18d-439a-a307-4cfdbd2af5f3,5144c38e-9bb4-41ef-9592-bee4cc69140a,BEV-001,1
55e1025b-ad04-451e-b922-53c0c0b30b93,5144c38e-9bb4-41ef-9592-bee4cc69140a,JAF-001,1
e7d69774-ebb2-4aff-820d-e0c8629ad683,5144c38e-9bb4-41ef-9592-bee4cc69140a,JAF-003,1
2ae9c152-3f32-4ea0-a40c-f59328411f02,b9c71310-b49a-4e95-8d16-9b88e9376c81,BEV-004,1
7fce0936-af90-4100-97c1-6cc66d586060,b9c71310-b49a-4e95-8d16-9b88e9376c81,JAF-004,3
ae64ccc9-a933-45aa-9859-03c349953390,b9c71310-b49a-4e95-8d16-9b88e9376c81,BEV-002,1
0c7d3922-16a1-4291-bfd5-65cae3226b63,b9c71310-b49a-4e95-8d16-9b88e9376c81,JAF-003,1
33e9f9a7-51bb-4fa7-8a45-92a978000244,ccc505ad-45c5-49a0-b40c-79dcbc591a1c,BEV-005,1
b3ebe541-63db-4c1d-9064-169dba5ccb44,ccc505ad-45c5-49a0-b40c-79dcbc591a1c,JAF-001,2
5cd34780-9892-42ca-9746-cf0f1010f2c5,28280765-03a1-4f66-8b8a-64c0b2fa8160,BEV-004,1
fb692580-50da-4b7f-ad48-28e297e215e5,28280765-03a1-4f66-8b8a-64c0b2fa8160,BEV-003,1
bda691c3-70fb-4638-b0b3-b9c25dbd1f3e,28280765-03a1-4f66-8b8a-64c0b2fa8160,BEV-004,3
a48e19a4-a07f-4aec-ab1b-54a0dc9ead91,c6155a0e-1e90-48f8-97fd-179009a78f2e,BEV-003,2
d9cffa59-5941-4c47-a4cf-5164950e6b8c,3a1cf27a-c8e0-4437-919d-09dc52689002,BEV-002,2
d3b877d3-ce53-47b5-a70c-d627232b16b9,36286750-aace-4c7c-882a-28552a20d5c6,JAF-003,1
da0c15c7-b7c8-4d00-af1d-5306356d00f1,1750ec7e-9ee3-4b46-a899-37fb85a5ba83,BEV-002,1
6037da6c-95ca-44df-9b04-deaa9461ae1b,1750ec7e-9ee3-4b46-a899-37fb85a5ba83,JAF-001,3
0b561e25-3dd7-4443-a7c9-438230510a7d,22c48206-324b-448f-b5e6-cb2f6869ea33,JAF-004,2
e5b196bb-dbbd-4583-a601-b3ab5284a965,22c48206-324b-448f-b5e6-cb2f6869ea33,BEV-004,1
6c1c9e35-b2d8-4f2e-83a6-ca16e33d1eaf,2d5ea933-e98e-4b91-9348-5969d11346b3,JAF-001,1
3841dbd5-e8ab-4658-a1e8-36299d344c01,8a3f5b80-0e75-40b8-92a6-2e20f22dc1ba,JAF-004,2
2d49297c-2430-48dc-a4fa-20b93a33a9bb,4b3f8056-f5cc-4043-8ba9-134d265dff94,JAF-003,1
77d5ff6c-780b-4a84-a9f3-2b7d02f42b31,4b3f8056-f5cc-4043-8ba9-134d265dff94,JAF-004,1
f3d01058-7d65-4f37-b2bd-aa5b9b33d0bb,4b3f8056-f5cc-4043-8ba9-134d265dff94,JAF-004,1
30639184-cfa9-46ac-aa21-39ad24d01326,4b3f8056-f5cc-4043-8ba9-134d265dff94,JAF-001,1
5f621cac-ed2a-4f7c-9cad-353259f9f374,efbdfc45-aef5-405e-a5e8-a03a8b61e819,BEV-002,1
fb3db800-8c7b-4bd6-938f-22f5b5ca77cb,47777a8c-1570-4925-8481-25642f086e04,JAF-002,2
893d0e5f-858b-4e4e-826f-6aed28f06b6b,698b4920-8d2a-4d6a-9600-58294dfc3065,BEV-005,1
7f9b3660-0b41-4c74-ab6b-f022ff54862a,698b4920-8d2a-4d6a-9600-58294dfc3065,BEV-002,1
dbed8768-8e80-406e-89c8-e26f25c2aa80,1dd281af-db60-41e3-adae-f78bc0fd9b29,BEV-001,1
aca67091-84d8-44a8-94d7-9640dacfac90,a6b40d25-911d-4a27-a052-b4abcb546248,JAF-001,1
c2f16568-c4fa-4e56-a70b-97a0afedc115,a6b40d25-911d-4a27-a052-b4abcb546248,BEV-002,1
7e706bb2-f966-48f3-93f9-514211e202dc,a6b40d25-911d-4a27-a052-b4abcb546248,BEV-001,1
1505c500-5fa6-4433-9493-46f769502d23,6d4b4698-20ad-4c26-b988-c4d3c777a0e5,JAF-001,1
05592e23-70d9-4b0d-8605-5d5ba3bad238,6d4b4698-20ad-4c26-b988-c4d3c777a0e5,BEV-001,3
b81251b2-dcfa-4c1b-a699-d530e3d726d7,9cae5e83-f940-4403-9105-1700c5090a6c,BEV-002,3
734f4480-7abb-495b-8759-d6cf6e346bf0,9cae5e83-f940-4403-9105-1700c5090a6c,JAF-002,2
035aaacf-065a-4379-96df-fed58ad83936,9cae5e83-f940-4403-9105-1700c5090a6c,BEV-001,2
7c62bc0b-d02d-4997-b292-a97cfea2fac7,9cae5e83-f940-4403-9105-1700c5090a6c,BEV-003,1
7835d58b-cf70-45f9-9866-12fa045a2065,37607e53-d772-4bbb-86e5-0120c7509fed,JAF-001,2
cf54a990-9028-4c80-8113-bb9a05dfe607,e1eddeaa-beb7-42cd-9502-d448b3940b71,JAF-003,1
f008ebb9-f0d8-4e0e-894c-ed4789508e7c,359b74ee-e538-4d07-9a9b-71bab36b6711,JAF-004,1
90179309-6883-4773-8c2b-2840e5ba3265,359b74ee-e538-4d07-9a9b-71bab36b6711,JAF-001,3
c05f76b8-fc4f-4e4e-b650-60de2ff848ca,359b74ee-e538-4d07-9a9b-71bab36b6711,JAF-003,3
5d83be89-261d-40ac-8771-6f1b6a2b0e23,359b74ee-e538-4d07-9a9b-71bab36b6711,JAF-999-DELISTED,1
f57574eb-5671-4a2d-abae-0091a7ececf1,37d86815-2e24-460c-a000-538b36997f86,BEV-005,1
5b31018d-0cb4-47cb-ba51-9a0280dbee96,37d86815-2e24-460c-a000-538b36997f86,BEV-004,1
7659317c-f6c3-400e-a8ba-d4a49090f661,37d86815-2e24-460c-a000-538b36997f86,JAF-999-DELISTED,1
9ce039ee-6522-4cf9-8496-a1bf7cd44b2d,5a5220f6-7463-4dd7-ae22-370df1db7a78,BEV-001,1
a8cbb4c7-7aad-4d96-af78-e4b00df9c871,5a5220f6-7463-4dd7-ae22-370df1db7a78,JAF-003,1
05453e8d-2282-4265-9101-fefabaf4e753,c6c5ac16-7a7f-4580-9c63-083ed4d98c31,JAF-002,1
be092e77-9ca3-46eb-99fc-848de771e0b3,c6c5ac16-7a7f-4580-9c63-083ed4d98c31,BEV-005,2
ccef4dfe-1576-4ddd-a6d8-80e760492283,067f6834-00a7-4595-b383-5518f375813b,JAF-003,1
8b773052-fdca-4efb-9707-7cb9f7f64970,067f6834-00a7-4595-b383-5518f375813b,JAF-002,1
b9827366-979f-4984-8957-159f3970101f,067f6834-00a7-4595-b383-5518f375813b,JAF-003,1
691b981e-a361-460d-8738-8725faf2f13f,067f6834-00a7-4595-b383-5518f375813b,BEV-005,1
dbe55460-67bd-4744-8d1b-937b017c3215,cffa6c3c-229a-4d00-8ccb-5fe268e2af5d,BEV-003,1
4e17df85-9547-4156-8d56-ae82b6dafebe,1819bdc2-425a-4187-a8fa-bb4ef07058df,BEV-004,2
9475e7e7-c17c-4228-9755-9fb9cd69c712,aecada3e-04db-4138-ba95-57bd1ae1719c,BEV-001,1
a235242c-a8b2-4e03-a07c-d4c3c6156f24,aa084e32-0e65-46ec-8320-8b3ec7f5444c,JAF-004,2
9fa7a00a-a73f-44e1-ba4c-dd17ceb378dd,ef0a2d50-5e37-4c0f-8de9-893ed889ec63,BEV-004,3
f60cf990-9587-4ed6-a2e7-6790bc396c34,ef0a2d50-5e37-4c0f-8de9-893ed889ec63,BEV-005,1
4e8ad1e8-d091-46f4-b0f7-d6a3cc5da7d5,ef0a2d50-5e37-4c0f-8de9-893ed889ec63,JAF-005,1
30d87daa-84f5-411f-bb31-8d42618e8d1d,d8a6b26f-bd17-4008-816b-807409ef166d,BEV-004,1
1d2ff0d5-4bfc-4db7-98f9-61e245de77f8,d8a6b26f-bd17-4008-816b-807409ef166d,JAF-003,1
e37b1578-6619-43be-bbe7-7ac3654aac5f,d8a6b26f-bd17-4008-816b-807409ef166d,JAF-005,3
a5842418-78fb-420e-8929-3f438ae2d52d,d8a6b26f-bd17-4008-816b-807409ef166d,BEV-001,1
b3372867-f046-42a7-9755-a9ebddba84fc,c62c5b04-cfc1-4738-9ef6-1710d6d7eec9,BEV-004,1
1411586f-74e5-4ff4-a211-3d575e7e9e15,c62c5b04-cfc1-4738-9ef6-1710d6d7eec9,JAF-001,2
6eb948cc-0a60-4419-acd6-5fc524ea7fac,5001bc11-e7f9-4674-bbda-f8bbc80d4d5d,JAF-002,1
dab25d14-037a-4df0-a02b-eef1b64d0dbd,5001bc11-e7f9-4674-bbda-f8bbc80d4d5d,JAF-002,1
7deb2624-1fc2-40f2-b516-5636a074d8cf,5001bc11-e7f9-4674-bbda-f8bbc80d4d5d,JAF-003,1
0893997c-7d98-40c2-9f07-446dea3b7a46,5001bc11-e7f9-4674-bbda-f8bbc80d4d5d,JAF-001,1
5502417b-cd98-4b93-b067-e91dd636c316,634e556a-5549-4a75-9d09-445fbe3fc0e9,BEV-003,1
9a0fa56e-1db4-4d5a-bc9a-60cd501edc78,634e556a-5549-4a75-9d09-445fbe3fc0e9,BEV-002,3
90902f1b-f2d9-40d6-8109-b75602d506ce,634e556a-5549-4a75-9d09-445fbe3fc0e9,JAF-002,2
1c4ef805-d75d-491f-ae5c-5c803a5943b6,8cdcabff-a074-4ef0-9006-a54690f192ff,BEV-002,1
6bcb144a-b1a2-43b7-bc66-6fd9aa44b1ed,589a3b55-5c94-4a31-a529-44fe48a86074,JAF-005,1
2573fc58-c307-42de-9d35-8c2ba9aa6eeb,f5df48aa-274b-42eb-a7ec-870cc98819bb,BEV-003,1
ed9d0e59-136b-4b99-8df1-6a8aa95eddd5,d2ae935d-b46c-41f5-b98d-7996a4c5acf0,JAF-005,1
3a7a387d-b00d-46ab-9193-3603d5629360,68cc2a72-7d6f-4658-b919-7a2c2fb998ab,BEV-003,1
6e067caa-e5c6-4781-a7b5-cb420ccbc33e,68cc2a72-7d6f-4658-b919-7a2c2fb998ab,BEV-005,1
ee4fc097-66e6-4df4-b500-a8c0f94e56d7,c87ad493-c63a-4e65-bab5-6372750925f7,BEV-003,1
3a79a9d1-b5a4-4848-bb60-1e8adad421b8,991b5081-805b-42bc-b25c-626aa2f613e6,BEV-004,2
55517b95-3b7b-4ef7-bfd9-07f7945d28d0,991b5081-805b-42bc-b25c-626aa2f613e6,JAF-003,1
716b1679-5631-4b46-bc75-6ee4d5fbcdca,7eb53270-c03d-4960-94b8-53f595a3c672,BEV-002,3
947640b3-e79e-42b6-8799-d3d5a8b1f957,7eb53270-c03d-4960-94b8-53f595a3c672,BEV-005,1
43a0611f-5c8d-4b3b-9f8c-a92ea98a8d4e,418586fb-0b8c-43a2-9a03-fb1e49038e36,JAF-003,3
8b9cb597-32c4-48c3-a6d2-bb331c34b18e,418586fb-0b8c-43a2-9a03-fb1e49038e36,BEV-002,1
4e2125ba-d621-4d4f-8a9b-677169541926,81579860-827a-4426-a286-bde70edfe26f,BEV-003,1
dc9c8dc7-fddd-48a0-8c66-7ad724e81558,81579860-827a-4426-a286-bde70edfe26f,JAF-002,2
bf8df4e2-e6c5-4054-8f0d-89216e5dcab6,81579860-827a-4426-a286-bde70edfe26f,JAF-002,2
bb4fa7eb-ff01-4f94-b736-b47d7a1d61c2,81579860-827a-4426-a286-bde70edfe26f,BEV-005,3
176ff1f0-4de3-4c16-9c5f-df90268237f1,a7cc8c28-9fd1-4d33-9bbb-718439ed8490,JAF-001,1
bccfb8d0-7f72-4baf-8cf1-45b6a100aef8,a7cc8c28-9fd1-4d33-9bbb-718439ed8490,BEV-005,1
524a7d01-50c4-46dc-a61f-db9704eb6ba2,c2e2659f-6378-4124-b8df-0631d7c50847,JAF-003,1
112da5b2-bbdc-4b87-8a22-4bd8f2b126ae,2245e5d3-f985-40ed-a3a6-0320881ef020,BEV-003,1
d35ac728-0c24-4a43-82f8-f0366e02a205,79f7b3ed-4f39-49af-851f-ab0e01032b90,JAF-001,1
2b01a8b9-ae33-4a92-a7c4-3c7715c61bab,79f7b3ed-4f39-49af-851f-ab0e01032b90,JAF-003,1
2dc9bbef-911a-4d05-b1a9-6db3bad51197,f0c04078-85e3-4ce4-a04c-9b081c286cd8,BEV-003,1
501a7b69-fb4b-4ced-9660-d0d70a5d2c11,2a1a778a-3c93-47e4-9e0e-78d459220bed,BEV-001,1
8a752592-fe64-444a-a1f5-7db4a93a789c,b810d25e-8d2f-4337-a32a-0242e94110e2,BEV-005,2
eb461736-f777-4a66-9702-c7d3000b39b6,b810d25e-8d2f-4337-a32a-0242e94110e2,JAF-003,1
eea6d202-d40f-420e-94ed-6ebf853cb9d8,b810d25e-8d2f-4337-a32a-0242e94110e2,JAF-005,1
2af5f40c-d207-4482-8aa2-ccef164d8d13,3571c6be-e8ca-494b-8252-4b3e1f4d32af,JAF-003,1
7d6c9ab1-282a-47fb-8387-3254806f6d3c,7e84fcfc-6693-4a55-a880-7f23da3b999f,BEV-002,1
a62f21ec-c5f3-4bf7-a4fc-06f34616633a,7e84fcfc-6693-4a55-a880-7f23da3b999f,JAF-002,1
4ad38c46-cde4-4dce-b0c5-cb316bfa4b38,c3d21c96-2788-431d-b91d-ecef4ac62186,JAF-001,1
b5274982-681b-47f0-b728-47657cc9f4b6,c3d21c96-2788-431d-b91d-ecef4ac62186,BEV-003,1
233cc548-ff61-4e3f-8aa7-08598665711a,c3d21c96-2788-431d-b91d-ecef4ac62186,BEV-005,1
c7f65231-386d-4d67-855c-e3937aeec8de,8dacf5cb-f3c3-4b60-9dc5-f4994275423a,BEV-002,1
64e683c1-3626-48c8-b6c9-d88d37bf6418,8dacf5cb-f3c3-4b60-9dc5-f4994275423a,BEV-004,1
e596386d-8bd2-47bd-826e-82d5eecb4789,f362c1fe-4865-4880-8074-7a57d47a0c83,JAF-001,1
7f340569-07c8-4bb0-804e-cf8b03a5646e,f362c1fe-4865-4880-8074-7a57d47a0c83,JAF-004,1
06e829e2-1384-4417-acc3-83b5789e8f92,f362c1fe-4865-4880-8074-7a57d47a0c83,JAF-004,1
2061b3f4-f420-403e-9f44-281366acbc94,479b2aa8-d9f1-405b-8f6b-e5c6804c197e,JAF-002,1
1eccc6da-a299-4d43-b500-960dcd2a20d2,12f6ebc2-c82b-4bda-86de-9eed627d0b9f,JAF-003,1
0d9c1d1c-eb8e-46d0-8968-d5d68ff22541,315aa809-f50a-41ea-b350-b6b51e3f4649,BEV-005,2
f244cbd9-a10b-4ef8-a72d-411ffc2d8689,b2830d75-f93c-4ca7-ae0b-cc59e2ce753a,JAF-005,1
6085ca49-006e-492a-a258-911b239c1954,9816f26a-6b66-44a7-af28-9ee3c1814dc8,BEV-002,1
0d1df93b-2ab8-4b50-b6aa-107b80bd2ee0,9816f26a-6b66-44a7-af28-9ee3c1814dc8,JAF-003,3
8eeef9e7-0489-4e7b-b88d-05b5906c4194,d90f1064-b7e1-4d83-b5ac-359e35934226,JAF-005,2
10d96326-fa5b-42bc-bcb7-140581153436,1feb2c0a-0338-4fad-9a67-5930f28ee104,BEV-005,2
af70e603-c6b5-4f4e-b98e-bf5158e63075,1feb2c0a-0338-4fad-9a67-5930f28ee104,BEV-004,1
48dcaf69-f706-4db4-9607-87dc3312e302,1feb2c0a-0338-4fad-9a67-5930f28ee104,BEV-003,1
f4ae1dae-798c-4287-9d94-f5e712c02e69,ce2b0a83-045a-40e5-b502-0355972b8004,BEV-003,1
666a49b6-3f19-42b0-8a05-3f436409bacc,a76d6008-db58-4535-9e12-4343391c6635,BEV-005,1
264c3b6a-79d4-4612-a780-3a0cfddf79e1,a8fd600c-ab86-459e-8148-1a66a7e7fc05,JAF-003,1
5005b019-18ce-4430-8fa6-8083878d9c71,d9355e37-0543-4d25-b8f7-3a755ec54dc1,BEV-003,1
b0e76a1b-dc75-4975-950f-594e2409ed3d,40916571-c56e-4cf1-9803-49df93cc1937,JAF-999-DELISTED,1
ce634d4b-8788-44aa-a372-4e4f5c5ec970,40916571-c56e-4cf1-9803-49df93cc1937,JAF-005,1
a2c476e4-ec45-4ca6-8e29-c53553abe91b,052a584b-6c3c-4c6e-80d7-50ea0a84982a,JAF-003,1
2cca803e-8ba6-4c4f-85fb-5a4663b51c75,052a584b-6c3c-4c6e-80d7-50ea0a84982a,BEV-004,0
70cfbfde-42b1-4cb6-b4d4-45b0da209aa4,052a584b-6c3c-4c6e-80d7-50ea0a84982a,JAF-002,2
fb0d0999-be3f-4d19-9497-acedb89f7b58,266eb237-6ba8-42a1-96e0-d19c265d813f,JAF-001,0
2ea005b7-8497-45bc-a5ab-8f427b5b00f5,266eb237-6ba8-42a1-96e0-d19c265d813f,JAF-003,1
5fae69cf-ca5f-4c8e-842b-75e98723b050,266eb237-6ba8-42a1-96e0-d19c265d813f,BEV-003,1
a83937fc-893f-41cd-9f45-f18784c31a16,688f74cd-3e5b-4db8-a98a-832e46e332a9,JAF-001,1
047790a1-06b1-4e6e-8e71-8914f286e010,721f3598-153a-4128-b851-31e31f603751,JAF-002,1
88a5e991-5ffd-4eea-9e1b-ecb1554b64ab,721f3598-153a-4128-b851-31e31f603751,JAF-002,1
4c8d0e8c-754d-4b41-a3dd-b318aaccfb4a,721f3598-153a-4128-b851-31e31f603751,BEV-004,1
b8a72303-9657-4a21-a72a-ad9dbf7c4b78,74442945-d848-4528-bd5c-d40059bea8e1,JAF-001,1
507223f4-5380-43dd-8ce0-0b930eaaf951,48a418b9-f201-47fb-a172-f7b4e0b2168f,JAF-999-DELISTED,1
82380a30-22fc-4248-9d39-b1078b76c269,48a418b9-f201-47fb-a172-f7b4e0b2168f,JAF-001,2
4be41394-f2a5-466c-b85b-c95bfba8f921,e194d48b-bb28-47f9-9563-f14ec5b4c5a9,BEV-003,1
d342b2c4-0aba-4c16-859f-99daf8a2553e,976d1eb4-efe0-4341-b391-032d52a17c63,JAF-005,1
4e6438f3-60f9-484a-9331-19de672bc1b5,976d1eb4-efe0-4341-b391-032d52a17c63,JAF-001,3
77f96787-e919-4969-a16a-935f96f52478,ebd07660-6f9f-4d67-a583-677a6be60019,JAF-002,1
c87b5d83-5240-47f4-bb6a-35df0e4e9f5b,bdfe57d4-2f6e-4d06-8e42-0e30a2483323,BEV-005,1
681e815c-2505-4316-89c9-f760fa4f6dd9,bdfe57d4-2f6e-4d06-8e42-0e30a2483323,BEV-004,2
a1a1a2f3-8124-41a4-818e-de46b1c1fc6f,6dc1d484-7e96-4099-bdeb-99329dbb5afa,JAF-002,3
4f33493b-4d2d-4a46-a603-6069fae1044e,635e8630-02f6-467d-818d-30cbbb3c052b,BEV-001,1
a78b2285-e849-49a2-b228-0e3fde5144b2,635e8630-02f6-467d-818d-30cbbb3c052b,JAF-005,1
388fc9ea-6e23-44ad-8b23-b9dda149147e,b529090c-6708-470a-aecb-640b46cce1ed,BEV-002,2
ee741c52-4d1a-45fc-9efb-a6f7ca709276,b529090c-6708-470a-aecb-640b46cce1ed,JAF-005,1
782b299e-a70a-48c4-a361-4bb6eb97c892,faf83a5c-0112-4a26-9c4d-3aa8ac11ab13,JAF-005,1
143f64f5-ba27-4486-af3f-2c5e2addc6c1,06907b26-b4ee-49f6-b057-9576c770e156,JAF-003,1
b678848e-e674-4608-ab32-f7cce07766bd,06907b26-b4ee-49f6-b057-9576c770e156,BEV-002,1
9d932d80-bc4a-45e2-b723-9e9beeda9ffe,06907b26-b4ee-49f6-b057-9576c770e156,JAF-005,1
2ee9f90f-9a4b-4be4-a686-4be904a9fe4a,06907b26-b4ee-49f6-b057-9576c770e156,JAF-005,2
7ed43489-fd2a-4f6f-b5f2-398c19284ec7,d0e4f334-1763-4c4b-a9f4-05795448d8e2,JAF-001,1
da275f5b-cedf-45a5-84ba-8c76c55aa961,d0e4f334-1763-4c4b-a9f4-05795448d8e2,JAF-004,2
9c998bf1-48f5-48c5-a202-a5bfee972822,63a8174a-97e4-420f-ae42-548b5e3f88f4,BEV-004,1
a22c4164-3fe4-4fb6-8fc8-a4055c34c87b,63a8174a-97e4-420f-ae42-548b5e3f88f4,BEV-001,1
c8f08607-8dde-476d-bd0b-bbcb09a759fd,63a8174a-97e4-420f-ae42-548b5e3f88f4,BEV-001,1
c47ae901-4bee-43e1-8c28-b814eeeb0c4c,63a8174a-97e4-420f-ae42-548b5e3f88f4,BEV-001,2
eb2665f0-35cb-4d00-ba19-c0d5d3ab6cc9,a3c475af-e600-40fe-b66b-d3d6bf39bd41,JAF-004,1
420e0866-ce5c-401f-b080-5c1c2121c582,f595f833-5cb0-4df1-b7b6-20b571bcd663,BEV-002,1
19a56840-9ee6-4bd1-a6b3-7a63bf033a56,f595f833-5cb0-4df1-b7b6-20b571bcd663,JAF-002,2
ce5118f4-3fdc-4afa-83e8-1e096a6189b1,a3ca813e-5295-42c4-b1ef-4485bcec2b71,JAF-004,2
a9eca0f5-7e26-4c10-a956-1fe2b9a8bd7d,2b2e3627-7041-489a-9bb9-8fffdb4fa335,JAF-002,1
fc9c8f66-f253-4378-b4f8-5b0aa2796a14,2b2e3627-7041-489a-9bb9-8fffdb4fa335,JAF-003,2
ad33fcb7-f060-4c42-b542-1a95825ec44b,2b2e3627-7041-489a-9bb9-8fffdb4fa335,JAF-001,1
a548140d-b23d-4ce0-add8-f839c3352634,4a6d388f-194f-4343-9315-f6e311c003d4,JAF-002,1
4d167cd9-ea64-46ca-831e-64d22682313c,8217abba-bfc7-4452-a2a3-2c8e77a07f7d,BEV-001,3
13788226-156c-4700-98f8-a84972662dbe,8217abba-bfc7-4452-a2a3-2c8e77a07f7d,BEV-005,1
a7befbd1-3d15-4715-a545-0dea7de24d70,b9a28ff8-53ee-43c8-aeb0-7078967cd5b0,JAF-001,2
25e874fb-5075-4784-9a9a-d3e134d8e0da,31eb998c-f9e8-4a02-9f7a-672e37a69262,JAF-002,1
ba14e641-d054-455f-87ef-9d358ccf2e34,6b1f60f7-b105-46dc-bcc6-cb919dbefb3a,JAF-004,3
6df304e7-aa28-4230-8aa7-f9cc46bb0909,6b1f60f7-b105-46dc-bcc6-cb919dbefb3a,JAF-005,3
7ff24135-4ff3-4091-aac7-f27e346ed6db,be2c9044-c44f-4a11-91ad-c1d646954bd1,JAF-002,1
c5c3a316-78ee-45e1-a7cd-c10008ec64a7,be2c9044-c44f-4a11-91ad-c1d646954bd1,BEV-005,1
7e13d9cc-143e-4f78-bbe0-71757affe947,400feba3-7a2c-4e02-b654-eaac01d77bba,BEV-001,1
1519c2e4-4638-4edd-a0f4-fdcd0f9018fe,4b2d9eb8-ae61-4b09-910e-370d333eca4f,BEV-004,1
df2206e8-9ed5-469c-a43a-8688038b7e11,d68a67b7-0549-4ab2-8cf7-cf18748d6449,JAF-004,1
5e989adb-383e-4e04-a0fc-edc8fcfe117d,d68a67b7-0549-4ab2-8cf7-cf18748d6449,JAF-002,1
ccd26b6e-077f-41e0-b921-d999534bb2ad,d68a67b7-0549-4ab2-8cf7-cf18748d6449,JAF-004,1
92b7045d-e068-41f8-8ef0-02e25485430f,d68a67b7-0549-4ab2-8cf7-cf18748d6449,JAF-005,1
2bb59ea3-2a6f-4b02-8b53-4d64ea4697de,fe6c311c-cf3c-4b02-914b-80bdac265fe7,BEV-003,1
ac0bd9d6-be34-4c28-9c75-5d3f2fd23218,fe6c311c-cf3c-4b02-914b-80bdac265fe7,JAF-002,2
638cd0a5-f738-4537-b915-fbe34e4b7408,fe6c311c-cf3c-4b02-914b-80bdac265fe7,BEV-003,1
5f22e5b4-8681-4e61-a7ca-844a1422b7b1,53179368-f606-4397-98f0-a11369c40ef4,JAF-004,1
cfdf139e-23fd-45cb-ade8-b644a30eb83e,53179368-f606-4397-98f0-a11369c40ef4,JAF-005,2
beac4f86-b7e3-4695-9119-d1d204304203,53179368-f606-4397-98f0-a11369c40ef4,BEV-004,1
f168300c-3fba-4c32-baca-915343255f58,c3bf8a67-829a-4b70-a0bf-0f477f21d9df,BEV-005,1
3cbdd5bb-b265-42f9-a205-90aeeac8be50,c3bf8a67-829a-4b70-a0bf-0f477f21d9df,BEV-005,3
6eabd843-6a95-41fe-91c0-a02ba2998cf0,c3bf8a67-829a-4b70-a0bf-0f477f21d9df,JAF-002,1
fccd3b39-045c-4110-864c-36ef9b9591b0,ea4bff2f-0ee9-4fc4-9091-8dda6c9173db,JAF-002,1
b8fbd9f5-9155-4a06-8a78-54984a75894f,ea4bff2f-0ee9-4fc4-9091-8dda6c9173db,BEV-004,1
444e1b14-d7cb-4829-b878-c63be6db3b31,40794327-e88a-4db9-9a82-ef2676be289c,JAF-001,2
056421e9-a337-432e-8314-07ef42bc53d0,40794327-e88a-4db9-9a82-ef2676be289c,JAF-003,1
2fc7338c-187c-4f80-a8fb-023f84c211ee,e58e2df6-034a-4ef6-8610-c9034e6beab1,JAF-005,2
9b6a6006-b878-4627-b09c-470a2d204f45,e58e2df6-034a-4ef6-8610-c9034e6beab1,BEV-001,1
f1853b6d-437a-4832-9181-962356f90422,6df78255-8e8e-4a0b-b255-84c38dfbbe03,JAF-003,2
e13bd1a2-939a-47f3-9ea1-e54fedc1eed1,6df78255-8e8e-4a0b-b255-84c38dfbbe03,JAF-002,1
185c43d3-1ca6-4a8e-81b5-d0ebbfdb2acc,6df78255-8e8e-4a0b-b255-84c38dfbbe03,BEV-001,1
3d1adab6-4afb-41e6-859b-7abd2345dd6a,66c5ea38-744c-4e0d-aef4-bce137134071,BEV-005,2
eb354b31-53d9-4182-8db3-6aabb197cc8e,66c5ea38-744c-4e0d-aef4-bce137134071,BEV-005,1
e495cc1f-e306-443a-a373-835db7afc620,0b3559eb-88c0-460f-9909-c071bd362a3b,JAF-002,2
94d884c2-562b-4a1e-a538-6103511444a9,0b3559eb-88c0-460f-9909-c071bd362a3b,BEV-002,2
57d31210-4e78-487c-97f8-6f8299097211,0b3559eb-88c0-460f-9909-c071bd362a3b,BEV-005,1
65128a26-b31d-4bba-8b40-1ac10ffc107d,f2a499c5-eead-4890-9d2e-63cba01d3dbb,JAF-003,3
acf104ba-aef6-4fce-b91c-6550dbce73e6,f2a499c5-eead-4890-9d2e-63cba01d3dbb,BEV-003,1
a3ffcf1a-5701-4e23-9356-8a0cfd317dee,f2a499c5-eead-4890-9d2e-63cba01d3dbb,BEV-003,1
086916d8-8bbd-4b61-acca-aeb2aaa2627b,f2a499c5-eead-4890-9d2e-63cba01d3dbb,JAF-004,1
762b9f08-3e6d-431f-9392-e70006d8e54c,ce678a0c-1b6a-45e5-b254-ab0f71720678,BEV-005,3
2c9ffb58-4e89-4fb1-8495-cd1aef3a9568,681c3f3d-cce6-4d9b-8381-6945fed935fd,BEV-005,1
ded3a5d7-4fc3-481a-a3a9-0b4ab2f6cda8,569df8ca-139a-4da7-90fd-4cc3aa4c0017,JAF-005,1
332259fc-2411-4280-a899-ebaf54afbe3a,569df8ca-139a-4da7-90fd-4cc3aa4c0017,BEV-004,1
2a33622a-fdcf-4d30-867a-bef0f980fdc1,19f2b4ca-e850-4fdc-92cf-d154c08fc119,JAF-005,1
467116c2-c834-4d82-a7e1-fce30ea199cf,19f2b4ca-e850-4fdc-92cf-d154c08fc119,BEV-003,1
156fba0e-74c5-41c8-a799-1b4c2608cedc,cd5d14a1-9de8-41e0-aa0f-a5435a4fcb03,JAF-004,1
e8893b61-c06f-481b-8a38-4c1a824ce58d,8e3a2310-c1e8-44a4-b842-aaa66e04cb92,JAF-003,1
795978f0-2c71-40ac-bdf0-c984a1009004,8e3a2310-c1e8-44a4-b842-aaa66e04cb92,BEV-004,1
4256f4ab-ee0e-4726-9e79-cdce5b4fb35b,8e3a2310-c1e8-44a4-b842-aaa66e04cb92,BEV-005,1
d56a72f3-3797-4250-a6ab-a2f16b3496ca,22145782-3d32-4dba-93d5-cd358fbbc8ec,JAF-004,1
350cd02d-f34f-40ba-b569-e093b949b50d,e7d1d4ea-3aac-4a95-9d6a-d69f40e26c9e,JAF-005,1
1b6608de-f784-409c-8f61-45833c8a28e0,e7d1d4ea-3aac-4a95-9d6a-d69f40e26c9e,BEV-002,1
1c6a7c85-1ac8-4c9a-9aea-da625ef7c3fb,e7d1d4ea-3aac-4a95-9d6a-d69f40e26c9e,JAF-001,1
357751e7-67d1-4cce-bc70-ca832cd8245c,6b6dc774-3fe4-4615-a299-79163a8ddd74,BEV-005,1
1920ec08-2c16-4c88-8d70-40f997c012dd,6b6dc774-3fe4-4615-a299-79163a8ddd74,BEV-002,1
d9d7e5bb-ab5d-496d-bdab-645bfb9bfd23,6b6dc774-3fe4-4615-a299-79163a8ddd74,BEV-003,2
450a916e-614d-4e59-b15d-ba24546d3cff,2ee6fe82-a9c7-4481-ab87-35e39095ecfc,BEV-005,1
63a0e155-087a-4db9-b069-149afa2aaba0,6138860f-5bdc-4224-a47a-279ef6d69734,JAF-004,1
f3c7f936-8f4f-4361-864c-108fd24345f9,5cc2791b-b8d4-40c4-9251-70ea4f20b1f1,JAF-003,1
c18432e8-5614-44a5-8ee3-b44f45466653,46d35eac-57a7-473e-8076-0ee69ae0660a,JAF-003,1
71aa3822-914f-4f4a-9761-b2ce5d8ffa5f,46d35eac-57a7-473e-8076-0ee69ae0660a,BEV-003,1
715f308c-1a23-427b-8c9a-69fcb2c6cd1f,46d35eac-57a7-473e-8076-0ee69ae0660a,JAF-003,3
4bb4c712-2c79-4773-885d-a306ba4e0942,7b4e012e-9f06-4114-a0a7-5c62d68ad17d,BEV-003,1
4615f06a-2741-4a51-86a1-6dec60b8cfba,7b4e012e-9f06-4114-a0a7-5c62d68ad17d,BEV-002,1
9b74ee38-0823-4dd1-8695-785b27843ac1,7b4e012e-9f06-4114-a0a7-5c62d68ad17d,BEV-003,1
55f5f8e1-f92b-4fcf-8609-0896e2026f99,7b4e012e-9f06-4114-a0a7-5c62d68ad17d,BEV-002,1
