id,customer_id,agent_id,category,related_return_id,subject,status,priority,created_at,resolved_at
7425f8e8-a60b-4e88-8400-f4087c2688b5,0f8ab48c-b1fa-4600-9712-1bc2a02d8f45,5ddbd80d-f370-4fa7-bd64-5eec9c2f37bc,technical,,Scientist Democrat author without sister away.,resolved,low,2026-05-18T16:37:57,2026-05-19T15:28:59
c348d631-7db8-4090-b61b-61753cef7893,8c5628d0-6d15-4a6d-80f2-9c723e39ba83,90f96181-8123-4add-8fe8-938102416710,product_question,,Voice next voice floor.,in_progress,medium,2025-10-30T16:37:57,
cecb6e8a-809d-4e7e-ad04-563fe2870bec,e52a8700-3ab9-4c47-8a16-e799e997a931,90f96181-8123-4add-8fe8-938102416710,shipping,,Affect lose case figure.,in_progress,urgent,2025-10-21T16:37:57,
11b146d5-1b45-43e6-ae91-bafec80b27cc,19fee9df-73a9-41e9-9777-18d2a79ab8b4,febe248a-e430-40d5-84d7-fc06d8b408dc,technical,,Help bit table give first miss drug.,resolved,low,2025-11-21T16:37:57,2025-11-24T03:29:23
cdab48fe-3c82-465a-a266-dc1e175a242d,f3abecde-d032-4605-876c-6373a9a9e65b,5ddbd80d-f370-4fa7-bd64-5eec9c2f37bc,billing,,Safe enough former wrong economic.,resolved,urgent,2026-06-16T16:37:57,2026-06-18T05:31:32
4335456e-b768-4112-b9ae-b140f815359a,5a2b4f14-e7ac-4b3a-bf58-688bca696e5f,,product_question,,Force PM phone form throw.,open,medium,2026-03-15T16:37:57,
695e7d3f-b91b-4210-b75c-d66d15dd4a0a,28c1b6d1-da1f-4187-98af-4e43f096b00d,8ae11eaa-8f00-40e3-b3e3-b30d399db61c,technical,,Run tough seem recent choice.,closed,low,2026-04-28T16:37:57,2026-04-30T00:42:13
91faf1c8-8cdb-4bec-aacf-05edeeb5c2eb,f419edd5-8bb5-4809-8cfc-599ab209f6da,d8626458-40a4-4749-8828-09916a7365e6,shipping,,Left design along ever central.,closed,high,2026-02-07T16:37:57,2026-02-09T00:40:33
b208720c-5189-46a8-ac39-51acf03948c6,b4413ac0-2fc9-4c91-b188-71c109d9be8f,5ddbd80d-f370-4fa7-bd64-5eec9c2f37bc,return_refund,e767823d-d623-4991-8816-0041428fc18b,Number each front organization.,closed,medium,2026-08-09T16:37:57,2026-08-10T15:07:39
f72dc996-c9ad-4d44-a808-e8df2748ab69,67f25b4e-183c-4a43-9227-09966e445b42,febe248a-e430-40d5-84d7-fc06d8b408dc,technical,,Course soon point news.,closed,high,2026-05-08T16:37:57,2026-05-12T14:56:14
92a22ddc-7baa-474f-891d-098fec059f1a,8a77ab59-ae1e-4b71-ab66-66bda4615cfd,5ddbd80d-f370-4fa7-bd64-5eec9c2f37bc,technical,,Value base owner authority white same young of.,in_progress,low,2026-01-14T16:37:57,
35abc285-3482-4570-8e02-ec41d8dc8f66,9813cce1-ec92-4b06-b6e3-ed8a73e34436,d8626458-40a4-4749-8828-09916a7365e6,shipping,,Outside model laugh majority run personal.,closed,medium,2026-06-07T16:37:57,2026-06-09T03:06:50
4789b000-4213-4b05-87b0-8098d6ff01be,c0a8be37-975c-4b34-8989-1eb846c63871,63d29a06-4a0f-4f21-9b3c-0ca917190a59,shipping,,Choice least care statement.,closed,medium,2026-08-05T16:37:57,2026-08-10T09:17:06
a410d769-9eb7-4543-8681-d87979f44874,fa08fd03-3569-400d-9d63-e8ae15712195,8ae11eaa-8f00-40e3-b3e3-b30d399db61c,technical,,Off stage treat when lay sometimes lot forget.,closed,high,2025-11-05T16:37:57,2025-11-07T11:57:26
496e062f-ba11-4666-a650-4bce4453d195,bbe44e0a-dc83-4c13-a357-89d0c4f06f29,63d29a06-4a0f-4f21-9b3c-0ca917190a59,return_refund,,Order wide ability resource gas test.,closed,low,2025-12-14T16:37:57,2025-12-16T08:44:31
a9d744cd-4ad3-42ce-9bd8-240740c357f4,34a7e239-a098-4105-a6ab-b1a2c1c1c160,8ae11eaa-8f00-40e3-b3e3-b30d399db61c,billing,,Sometimes four guy collection start machine current.,resolved,low,2026-02-25T16:37:57,2026-02-27T13:09:17
e0915614-5bb8-4454-9c93-a527713e333a,58e0c4db-27d0-4c06-9252-c40364b1ae74,febe248a-e430-40d5-84d7-fc06d8b408dc,return_refund,1c4b18d7-fc85-4891-84cf-0da3ec011e86,Myself institution car.,closed,high,2025-11-26T16:37:57,2025-11-28T19:18:21
0b4e3358-f6c8-4815-b0ab-7053b819f31d,21e6a119-3caa-43ab-9905-08bda65f8493,38003235-c133-4913-a560-05ab3f945523,shipping,,Pull box course everybody character notice its.,resolved,low,2026-04-26T16:37:57,2026-04-27T06:27:37
8c0998aa-7acb-4c61-bddd-f9bac7a714e3,b43ea9dd-823e-4930-9110-31ea0eaa05f3,63d29a06-4a0f-4f21-9b3c-0ca917190a59,technical,,Cell writer carry require final right.,resolved,low,2026-05-20T16:37:57,2026-05-23T06:38:58
5a5fb84d-e171-436d-aab2-3807983d8970,71f1cea1-588b-47f5-93c3-4e649541a9e4,febe248a-e430-40d5-84d7-fc06d8b408dc,product_question,,Heavy stuff somebody method.,waiting_on_customer,medium,2026-08-02T16:37:57,
d241a803-230e-4a93-a33d-55688518a093,612533b6-7eaf-45a2-b9d4-06192ce5620e,63d29a06-4a0f-4f21-9b3c-0ca917190a59,product_question,,Thousand world central fine stuff system.,closed,low,2026-07-29T16:37:57,2026-07-31T22:29:00
d64137c6-ea53-480f-a083-aeae9ce219fe,f4c0d073-250c-455a-a84a-848e56ae7048,,product_question,,Let ability safe environment rate item smile.,open,medium,2025-10-21T16:37:57,
19b4a709-121f-463e-8742-4ff7e57c720f,1ed31084-8b68-49ca-91d6-7162d8521c02,d8626458-40a4-4749-8828-09916a7365e6,billing,,Argue air newspaper bit describe.,in_progress,high,2026-02-10T16:37:57,
585c6901-b548-4b31-8522-5f2bd9fd0c43,f4c4994a-5a77-4a2f-902b-4f69c22ccee3,b00deb46-3313-4939-aac7-8e195ac8d589,technical,,Artist receive similar answer give sure read.,waiting_on_customer,urgent,2026-04-02T16:37:57,
79ef761b-fc51-4e0b-abbe-0058bc4f86b3,efc6a229-f984-41c8-b741-83d9a46c5fd1,90f96181-8123-4add-8fe8-938102416710,product_question,,Write another capital realize team.,resolved,low,2025-11-26T16:37:57,2025-11-28T01:36:01
da025409-b03e-4d2b-977d-c60ca627e168,387603c1-d2a6-475e-ab4c-9ba7aa78bb27,38003235-c133-4913-a560-05ab3f945523,shipping,,Probably decade growth prevent camera.,closed,medium,2026-05-27T16:37:57,2026-05-30T13:09:30
2184d116-a044-4f20-8584-e379e5a818fc,797a1a0b-31a6-4422-af8a-98fd4e5e1114,,return_refund,0a57dd5f-df56-471a-ba6e-dc61336ae860,Actually former member usually.,open,high,2026-02-14T16:37:57,
73c64ed1-986c-442f-bd3e-e2b5db9ffd90,3bfe5d2b-8ab3-473f-b56c-cdd86fff8877,8ae11eaa-8f00-40e3-b3e3-b30d399db61c,technical,,Upon include effort look.,closed,high,2026-04-05T16:37:57,2026-04-09T10:59:35
f2dc104a-94fe-4608-b1f3-c69453855a5d,ef7f92e8-2f80-4e44-9e56-9ee276819791,63d29a06-4a0f-4f21-9b3c-0ca917190a59,return_refund,1c4b18d7-fc85-4891-84cf-0da3ec011e86,Call positive east nation which.,closed,urgent,2025-12-16T16:37:57,2025-12-18T04:58:12
9b550c5b-2ca7-4e40-ba12-a9e0754a5ba0,c0ec2b5c-22e2-4010-a8f9-94431d5860c7,63d29a06-4a0f-4f21-9b3c-0ca917190a59,product_question,,Yard whole safe whatever.,closed,medium,2025-11-19T16:37:57,2025-11-24T08:46:45
97a8208d-2f99-49f0-a1ac-3275de6349e1,f3c5c37f-bd98-40b6-8f8b-eeb75218bbed,8ae11eaa-8f00-40e3-b3e3-b30d399db61c,product_question,,Wrong wrong example.,closed,low,2026-01-27T16:37:57,2026-01-28T15:44:36
a36bfb62-0840-4edb-a9fe-7628c668d010,8dcd5fa7-1a1d-413e-9468-5f4b02f2f3fe,b00deb46-3313-4939-aac7-8e195ac8d589,technical,,Institution decide success history head.,resolved,medium,2025-12-22T16:37:57,2025-12-24T15:12:18
eee48a72-2bd4-47ad-986c-87649e8f6276,8dcd5fa7-1a1d-413e-9468-5f4b02f2f3fe,63d29a06-4a0f-4f21-9b3c-0ca917190a59,shipping,,Energy quickly person.,resolved,medium,2026-01-21T16:37:57,2026-01-24T09:14:33
465d23f9-c50f-4d3b-b644-103067a1ea3b,72fd6924-b954-4c8f-9c0b-2545d0efe53b,8ae11eaa-8f00-40e3-b3e3-b30d399db61c,billing,,For throughout but window skill blood.,in_progress,low,2026-01-08T16:37:57,
b447e521-ff6f-4df7-82a2-23432f274163,6cb96ee5-043d-47e6-a79a-67e7b0fa034e,38003235-c133-4913-a560-05ab3f945523,shipping,,Picture notice station bill window establish last Democrat.,closed,medium,2026-08-08T16:37:57,2026-08-10T08:51:37
fa327c01-4514-4552-a7cc-5d2089e773cc,6bb94756-3d64-40f4-9ecb-bc26ede41625,90f96181-8123-4add-8fe8-938102416710,billing,,Single never safe never.,in_progress,medium,2026-03-16T16:37:57,
7da914a1-115e-4e2f-88af-7574a92b558d,e83c866a-6830-4488-8842-ce77146d8d41,febe248a-e430-40d5-84d7-fc06d8b408dc,technical,,Reach throw investment seven manager.,waiting_on_customer,high,2025-12-06T16:37:57,
6325cd7d-b704-4179-8c4d-68831caec2e3,3f1fc492-e8ed-4840-97a0-a56592fdc1d9,90f96181-8123-4add-8fe8-938102416710,technical,,Sell none begin season.,resolved,medium,2026-06-26T16:37:57,2026-06-29T08:38:47
8f36d54e-9c95-4d90-9524-2cec776f4ef5,36df5a68-777a-4824-9342-f7f557e872ba,63d29a06-4a0f-4f21-9b3c-0ca917190a59,other,,Game watch ready remember.,resolved,low,2026-03-04T16:37:57,2026-03-08T18:48:53
e76ab43c-8258-4238-9d56-dcdc2b33f0eb,efb0203d-c970-47ec-8644-2090a658224b,5ddbd80d-f370-4fa7-bd64-5eec9c2f37bc,other,,Source tend protect response wish sound.,closed,high,2026-06-25T16:37:57,2026-06-28T06:48:11
1ea8126b-03e9-4ce9-95b6-56dc50be8a4c,27e89b40-f32c-4604-8a79-6d1613bde382,90f96181-8123-4add-8fe8-938102416710,other,,Purpose at gun land.,closed,low,2026-07-03T16:37:57,2026-07-06T15:04:34
480ec883-b74b-4b18-9418-1020e7c494d7,aece6b12-b296-4a1b-991c-ab89ac207fed,,billing,,Thought power add.,open,high,2026-05-01T16:37:57,
94b479d2-53b5-41a6-8d68-792b0b8145de,afdabd06-a2b4-497a-93b8-7bcf582b5d3b,febe248a-e430-40d5-84d7-fc06d8b408dc,shipping,,Stay system effort hear defense thank lay become.,resolved,medium,2026-02-27T16:37:57,2026-03-01T13:19:28
2046974b-e9b7-492b-a038-ed687338fa3f,890861ac-5e77-4568-aaff-807b37e6f872,5ddbd80d-f370-4fa7-bd64-5eec9c2f37bc,other,,Strategy drive money.,in_progress,medium,2026-02-18T16:37:57,
fc337c07-01d5-492b-b9b9-02b69b57880c,b08f3b44-9c9f-407f-a89d-961068f5f58c,63d29a06-4a0f-4f21-9b3c-0ca917190a59,shipping,,Health claim help pass focus cover.,resolved,low,2026-06-27T16:37:57,2026-06-29T22:01:18
d047af0e-b4d9-4cc5-b6c1-2cfd354f62c1,7c66bbce-e687-4e15-be85-d960c3de159b,38003235-c133-4913-a560-05ab3f945523,technical,,Natural draw cut mention culture actually.,resolved,high,2026-02-17T16:37:57,2026-02-21T21:45:03
297f81eb-f27f-4029-9e11-60232c7a90cf,e7e3f8e8-5e9a-4cea-90ea-8ba71ec98685,d8626458-40a4-4749-8828-09916a7365e6,technical,,Hour assume seem contain onto who.,closed,medium,2025-11-23T16:37:57,2025-11-25T12:23:49
82f51ee2-206d-4258-9929-b011541418b9,fc41d86f-78f3-476a-882c-3eafc02d61f2,febe248a-e430-40d5-84d7-fc06d8b408dc,shipping,,Air item practice.,in_progress,medium,2026-03-21T16:37:57,
c38065b5-01a9-4eb2-a3ee-55cc2e5535e0,87fc5559-9d20-4780-8c0e-b7c248cd6236,b00deb46-3313-4939-aac7-8e195ac8d589,return_refund,e767823d-d623-4991-8816-0041428fc18b,Dream kitchen foreign company.,in_progress,medium,2026-01-26T16:37:57,
216a714f-5100-4fc3-91f6-a921995245c8,5bc10fee-ced7-43f1-91e5-597bd89faff6,5ddbd80d-f370-4fa7-bd64-5eec9c2f37bc,product_question,,Article next hospital.,resolved,low,2025-12-22T16:37:57,2025-12-27T03:50:19
512f8616-47ee-4f93-b709-c89ced1438f5,4d6ee3e3-9ec6-4c2e-9552-a75af6d19f14,,shipping,,Son institution century yes to.,open,low,2025-12-28T16:37:57,
1b0a1031-7c16-4cf5-91e3-1e6e26bc98b4,80968676-93cd-4bf5-a9f9-595055ff800a,8ae11eaa-8f00-40e3-b3e3-b30d399db61c,technical,,Weight sign that image.,closed,medium,2026-07-25T16:37:57,2026-07-29T01:56:45
8bdaffb0-82f2-441e-ab53-624752514448,b2263d08-d05d-4240-a470-6fe31527b9d2,38003235-c133-4913-a560-05ab3f945523,product_question,,Why bed option early begin.,closed,medium,2026-01-10T16:37:57,2026-01-14T02:44:58
7add8b4c-f6dd-454d-a8a7-013572899c9f,10d7cb3c-5a86-4eae-9da6-611ddf67fdd8,5ddbd80d-f370-4fa7-bd64-5eec9c2f37bc,product_question,,National know hope personal service upon.,closed,high,2025-11-06T16:37:57,2025-11-08T21:08:39
79d7c689-2a4b-4322-941b-86f0b2f1f695,9aaa8391-995f-4006-8413-c590098fc46a,febe248a-e430-40d5-84d7-fc06d8b408dc,other,,Black mouth blue under win.,resolved,low,2026-07-11T16:37:57,2026-07-12T07:24:02
52b8151c-1ec9-4244-8a71-687ed9d286da,3b0faafa-80d0-490d-bdd0-fe1f13d22058,38003235-c133-4913-a560-05ab3f945523,return_refund,,Song exactly form chance may.,closed,low,2026-07-21T16:37:57,2026-07-23T15:13:51
8a1fe5bd-662f-4526-932d-9ca5d133b0f7,d84ec4ed-ae05-416c-9cbe-eace4567132d,febe248a-e430-40d5-84d7-fc06d8b408dc,return_refund,,Situation hundred likely with toward sometimes huge once.,resolved,low,2026-05-20T16:37:57,2026-05-24T04:57:47
ba0dd752-94d7-43e9-92a8-b0eb0cf090c1,aac35f19-8d02-4c6c-b979-74da55c9ddb1,febe248a-e430-40d5-84d7-fc06d8b408dc,technical,,Away expert court give TV police.,closed,urgent,2026-04-05T16:37:57,2026-04-09T02:47:54
5b4d3e04-e6ff-464b-bde5-cd065dc24d4d,6ffc9798-2bb6-43ca-823b-e9dda0935299,90f96181-8123-4add-8fe8-938102416710,product_question,,Time without simple everybody image child.,in_progress,medium,2025-12-04T16:37:57,
8d9821fb-ae71-40d2-adba-2c8245b40260,e0df02ff-f788-4191-9881-df0d6c775206,febe248a-e430-40d5-84d7-fc06d8b408dc,return_refund,,Political economy rather have body scene.,resolved,low,2026-06-08T16:37:57,2026-06-10T21:27:44
c290cae9-f661-4bcc-8a10-ca01f28422a2,191feb1d-2def-4cbf-a8f8-ee3eb3856ea2,b00deb46-3313-4939-aac7-8e195ac8d589,shipping,,Political myself listen where experience production those.,closed,low,2026-06-25T16:37:57,2026-06-28T12:51:53
0fc57b63-b810-4e1f-a79d-a718184db664,d0c20886-5575-4356-8218-337197faa2fb,,technical,,Particularly himself join order hair care card.,open,urgent,2025-11-05T16:37:57,
e9741719-f942-49fa-931e-eb3361308b5e,15aeedcc-eed4-453e-850c-7f876e54c4ab,d8626458-40a4-4749-8828-09916a7365e6,return_refund,,Difficult society heavy inside message run.,resolved,low,2026-01-12T16:37:57,2026-01-14T01:17:34
1d5ae8c9-08ce-4464-a8c1-cd6b102cb8d5,4126c950-a88a-4305-895c-96d7e076897e,5ddbd80d-f370-4fa7-bd64-5eec9c2f37bc,shipping,,Boy now where up theory positive forget production.,resolved,medium,2025-12-08T16:37:57,2025-12-11T06:31:26
815bf17e-8195-4ccc-9e93-6eb50bc44266,03710ca1-feb1-4206-bd26-3bb8e6a1dac2,febe248a-e430-40d5-84d7-fc06d8b408dc,product_question,,Very standard certainly family six reveal.,closed,high,2026-01-07T16:37:57,2026-01-09T20:43:43
546454b2-e40d-44bd-acc0-3c384a76c7bb,5a2b4f14-e7ac-4b3a-bf58-688bca696e5f,63d29a06-4a0f-4f21-9b3c-0ca917190a59,billing,,Avoid former movie finally news.,closed,low,2026-07-17T16:37:57,2026-07-19T06:26:55
01b75859-f6e4-49b0-831f-72d543b7cf37,a311b0c8-1b63-4405-8097-09a984512389,,product_question,,Apply however upon not perhaps consumer.,open,medium,2026-01-11T16:37:57,
951a68c2-2e18-4adf-b8d7-0ac528918702,0c7084bc-19a5-4ad6-bb26-a25f9c09b324,d8626458-40a4-4749-8828-09916a7365e6,technical,,Ten establish religious about single.,resolved,low,2026-03-03T16:37:57,2026-03-05T07:06:41
e7b31f7e-bb81-4c70-adb1-7094bd76d177,c0ec2b5c-22e2-4010-a8f9-94431d5860c7,38003235-c133-4913-a560-05ab3f945523,product_question,,Letter item shoulder capital.,in_progress,urgent,2026-05-05T16:37:57,
5147d911-1168-401a-a7f7-c7cfa545f176,42748981-2a95-4e95-91cf-9844c8aa9c69,,other,,Recognize pay Mrs too.,open,medium,2026-06-18T16:37:57,
da66b5bf-7330-4376-8ffc-d9b3fa8739bc,922d63c5-873c-4693-9775-df99ba006ccd,febe248a-e430-40d5-84d7-fc06d8b408dc,shipping,,Short service economic talk pretty.,resolved,medium,2025-10-30T16:37:57,2025-11-02T04:40:26
99bb9def-874b-4cb3-bb13-a4806debf240,06a161e4-302f-4ae9-b96b-2734ad33f946,63d29a06-4a0f-4f21-9b3c-0ca917190a59,return_refund,,Real mouth environment force.,closed,low,2026-07-27T16:37:57,2026-07-28T21:29:59
3d302ca6-8c89-451c-b112-0e9419e2030c,1380e029-b899-4413-a8da-0741720a6a06,63d29a06-4a0f-4f21-9b3c-0ca917190a59,technical,,State stage thus from yet.,closed,high,2026-05-25T16:37:57,2026-05-29T00:14:24
5c9c2ccf-2221-46ab-b5cd-8e403159daa7,cbd53684-acf0-447d-b61b-35f8bcde6edf,38003235-c133-4913-a560-05ab3f945523,billing,,Choice rule almost attorney lose heart.,closed,medium,2026-07-16T16:37:57,2026-07-19T00:06:43
151c469b-22a5-4b67-ade9-546a51b3cc78,b4413ac0-2fc9-4c91-b188-71c109d9be8f,90f96181-8123-4add-8fe8-938102416710,shipping,,General radio leg level watch.,closed,medium,2026-06-02T16:37:57,2026-06-05T23:17:28
ed411189-9fc4-4fe6-9b5c-9b975b990b83,b66095e0-346f-477d-8c25-3b70d4dfab70,5ddbd80d-f370-4fa7-bd64-5eec9c2f37bc,technical,,Under clear those everybody information tend.,closed,medium,2026-01-26T16:37:57,2026-01-30T11:57:44
03e5f14f-24a2-4016-bf52-979be4fa5ceb,6fb41f2c-72b6-4e3e-b896-89be93d85e5a,63d29a06-4a0f-4f21-9b3c-0ca917190a59,return_refund,deb99b1b-79fa-4c07-83b0-7081183e19ef,Cause fact again which structure attack probably.,in_progress,low,2025-12-29T16:37:57,
f70d88d7-9498-47b0-aaac-d3e906bd1bec,848bb1e9-3367-4758-8f73-e886fadfadab,38003235-c133-4913-a560-05ab3f945523,technical,,Edge could after share leave every suffer.,closed,medium,2026-05-21T16:37:57,2026-05-22T16:00:43
386190eb-5b09-4565-9e4c-4185fdc12053,f8b1caa2-10e7-4302-963a-252a15b4a714,90f96181-8123-4add-8fe8-938102416710,billing,,Sea evidence agreement lawyer act break anything.,closed,high,2026-01-14T16:37:57,2026-01-17T13:38:32
2db78aa1-e57b-4760-a713-f84a64bc898d,485b6c22-4f0b-4e0f-bfba-0c9d38a0122d,8ae11eaa-8f00-40e3-b3e3-b30d399db61c,product_question,,Office street special personal large.,resolved,low,2026-06-29T16:37:57,2026-07-01T11:35:46
fc4bc143-582c-400a-8460-256bb0d0186a,49c4bc11-2495-438d-9b87-3c395574433f,38003235-c133-4913-a560-05ab3f945523,technical,,Black show cut investment.,closed,medium,2026-03-16T16:37:57,2026-03-18T15:07:01
24f766bf-3c30-4c78-86b2-0c8e985d779f,3f78077b-93c7-4c4e-8976-f16cb11cfcfc,90f96181-8123-4add-8fe8-938102416710,technical,,Party society church meeting society according media.,closed,low,2026-07-19T16:37:57,2026-07-22T23:16:56
2e916575-5c7b-4ebc-8388-1c2f7061e61e,bea5ef1d-43b9-4df5-b3d1-436f675ec066,90f96181-8123-4add-8fe8-938102416710,other,,Note decide hotel line.,closed,low,2025-12-30T16:37:57,2026-01-03T11:51:28
ce9ab3a8-b14a-47ec-98ee-39e5dba46fa3,c958448f-45d7-416d-a358-45098ec2a9da,38003235-c133-4913-a560-05ab3f945523,shipping,,Stage skin beat through piece ago main.,closed,medium,2026-06-18T16:37:57,2026-06-19T18:58:55
d850cd27-1238-46dd-afe1-a55136cebb76,46d24c86-1a31-430e-b1c4-1f4d8632c5ee,,product_question,,Three she trouble force discuss spring worry.,open,medium,2025-12-05T16:37:57,
4677b78c-2b04-4521-95c3-3b8a89be044c,5f31277a-2dcf-4273-81e3-312413596a23,63d29a06-4a0f-4f21-9b3c-0ca917190a59,technical,,Stay quality early evening moment father pretty.,closed,urgent,2026-02-05T16:37:57,2026-02-09T17:37:11
2bf08bd6-c433-416f-a1cd-4f23315ad7a3,0000bd8e-496c-42aa-9430-fea7f9bd6a96,d8626458-40a4-4749-8828-09916a7365e6,other,,Learn manage alone chance.,in_progress,medium,2026-05-17T16:37:57,
539ab80f-cc60-41ef-b406-adb6dd2a7f06,3cec8c73-424f-46c6-a5a7-cb5cd5141538,febe248a-e430-40d5-84d7-fc06d8b408dc,billing,,Project life strategy there product couple.,closed,medium,2026-04-12T16:37:57,2026-04-16T06:11:20
8dd760d2-aefd-4c5a-bc6d-0e44c6323cd7,438005c2-dd1d-48aa-8bfd-7fb06851b5f8,38003235-c133-4913-a560-05ab3f945523,technical,,Require image bill trade first modern crime.,resolved,low,2026-04-05T16:37:57,2026-04-08T23:11:32
75645be3-dfb5-4a40-baea-11d317775906,4ba2a669-8d0b-4aef-96c0-aae24b7711ff,63d29a06-4a0f-4f21-9b3c-0ca917190a59,technical,,Participant test seat become put minute.,closed,high,2025-12-31T16:37:57,2026-01-01T04:09:37
2328031e-f091-4952-8960-37db3ceabdc4,598904ac-fa48-43af-8fe9-41388451ae53,8ae11eaa-8f00-40e3-b3e3-b30d399db61c,shipping,,Shoulder account realize major yet.,closed,high,2026-05-26T16:37:57,2026-05-28T18:05:02
f049f04b-a25b-4e89-9872-fe5e3a7c8286,c5dde410-2c70-486e-bb0d-974b2798825b,38003235-c133-4913-a560-05ab3f945523,billing,,Reflect behavior foot prove around.,in_progress,high,2025-10-29T16:37:57,
5f48f305-2995-47c2-9c60-56b2667b61a5,a768163c-0781-430b-8703-ce1ce473c762,38003235-c133-4913-a560-05ab3f945523,technical,,Remain study per another risk again.,resolved,medium,2026-01-26T16:37:57,2026-01-29T13:51:14
4ad51a90-601f-4356-80f8-9ba78b4c8c66,3f1fc492-e8ed-4840-97a0-a56592fdc1d9,8ae11eaa-8f00-40e3-b3e3-b30d399db61c,technical,,Where prepare audience seek commercial probably.,closed,high,2026-05-21T16:37:57,2026-05-24T03:56:40
d4708ce2-55aa-4fa8-b24c-cf07131f4780,5f8c9b91-24ee-43a2-b758-fece4c2fd787,63d29a06-4a0f-4f21-9b3c-0ca917190a59,return_refund,,Majority old beyond far.,resolved,medium,2025-11-24T16:37:57,2025-11-26T17:27:53
17389eb1-049c-4533-a537-8a9eafd9a5d1,8fd99d74-d73b-4014-a8fa-a37b39befe36,5ddbd80d-f370-4fa7-bd64-5eec9c2f37bc,product_question,,Already because old attack.,open,low,2026-01-07T16:37:57,
4c0e29df-5c0f-4fa5-9881-370aa63c0828,70a0c69e-1bf5-4805-bf9c-4714e193f75d,febe248a-e430-40d5-84d7-fc06d8b408dc,product_question,,Age four over popular kid.,closed,low,2025-11-05T16:37:57,2025-11-08T12:53:30
b817ed23-e178-4d36-a23a-8b25e35c28b0,aece6b12-b296-4a1b-991c-ab89ac207fed,b00deb46-3313-4939-aac7-8e195ac8d589,product_question,,At perhaps answer concern exactly listen and person.,closed,medium,2026-04-09T16:37:57,2026-04-12T22:12:40
a12d87d8-8750-4dd0-8634-5bc614fbf5bc,04edb858-b8d9-455a-a1f2-f236df11a91f,5ddbd80d-f370-4fa7-bd64-5eec9c2f37bc,billing,,Read growth western hot.,in_progress,medium,2026-03-12T16:37:57,
3ed77d58-cd8d-4b6d-b3d3-7d7ebe0b38dd,e9f40ffc-bea9-4cc6-abca-7fe897f37903,d8626458-40a4-4749-8828-09916a7365e6,return_refund,,Official dream author name manage receive.,resolved,urgent,2026-03-24T16:37:57,2026-03-28T03:24:39
a5eb58e5-7ef8-4a77-845f-425e007d59c4,3f13d579-3df8-478c-b978-eec7255facfa,38003235-c133-4913-a560-05ab3f945523,product_question,,Production reflect great unit make be fund special.,waiting_on_customer,medium,2026-02-15T16:37:57,
4026e278-39c5-4e6e-b136-ab21672fef5e,32927010-1d7d-4cd9-a500-593804ff0e77,b00deb46-3313-4939-aac7-8e195ac8d589,product_question,,Thing world staff on whether image after.,closed,low,2026-02-02T16:37:57,2026-02-04T06:01:58
4674a5da-12be-4949-87a7-f42869f04b29,bb0bc182-b8f7-4f26-b794-dca522dd4cec,b00deb46-3313-4939-aac7-8e195ac8d589,return_refund,,Crime will above task certainly.,open,high,2026-08-10T16:37:57,
c26f5915-eed7-4bab-b9ef-9a01d3ed7b73,9ff834d1-4ca0-4dd5-bb53-ea96ad8611bb,90f96181-8123-4add-8fe8-938102416710,return_refund,c7795ed8-32e7-43ec-8702-6c644ef0912b,Deal certainly too social social.,closed,high,2026-06-13T16:37:57,2026-06-15T02:24:07
2fd17399-3236-4789-aa1f-6a2049beef09,e83c866a-6830-4488-8842-ce77146d8d41,63d29a06-4a0f-4f21-9b3c-0ca917190a59,shipping,,Your send site attack fine.,resolved,low,2026-08-06T16:37:57,2026-08-09T18:38:15
55496b47-5760-4051-992b-0f6b8ef59d36,b0da7a9b-77d7-407d-8506-51705503fa05,b00deb46-3313-4939-aac7-8e195ac8d589,technical,,West thing top short black though.,open,high,2026-04-25T16:37:57,
a06d404e-4b3f-4702-8b52-574ddd0beb45,7c0459a0-2d38-460e-8653-72aefbf15570,febe248a-e430-40d5-84d7-fc06d8b408dc,other,,Economy occur mother full true manage positive.,resolved,medium,2026-01-10T16:37:57,2026-01-13T12:52:11
c9058842-200c-49a8-ab74-963911a21f0c,47e4f30d-f965-45df-8474-93d5aeaf7cb2,38003235-c133-4913-a560-05ab3f945523,technical,,Trial economic behind organization hundred activity process exactly.,waiting_on_customer,low,2026-01-31T16:37:57,
ae657bcc-a8be-4722-9dcf-440f0d6d9279,b69dd468-7a0d-45e5-951c-ead1fcda2225,5ddbd80d-f370-4fa7-bd64-5eec9c2f37bc,technical,,Street not knowledge.,closed,low,2025-12-04T16:37:57,2025-12-07T09:38:34
59a707bd-ac4a-4f7f-9004-477599e33e4e,8416975a-1321-43a3-b3e1-577aee3b59ae,8ae11eaa-8f00-40e3-b3e3-b30d399db61c,billing,,Identify resource argue certain almost.,resolved,medium,2026-07-29T16:37:57,2026-07-31T09:49:54
c719c23a-31e3-4d0a-aa3b-c01f666843b5,9a689679-4c75-46ba-92d3-6b5b0c51a34a,63d29a06-4a0f-4f21-9b3c-0ca917190a59,other,,Store second especially drop college threat.,resolved,high,2026-06-12T16:37:57,2026-06-15T11:43:04
58220d0e-47b1-4cb3-9ccf-0349669c8e22,3b5801eb-5e85-44e1-abb0-6e1879e5e0ac,38003235-c133-4913-a560-05ab3f945523,return_refund,,Leader their others mention anything.,closed,low,2026-06-18T16:37:57,2026-06-20T19:28:14
9ea690c1-0df0-4def-9149-7ed65f006543,19296d35-a0df-426f-88ed-d3f5323adb8a,63d29a06-4a0f-4f21-9b3c-0ca917190a59,other,,Cost ever fast tonight.,closed,medium,2025-11-17T16:37:57,2025-11-20T07:05:03
8781364a-df59-4d93-9de9-596412666a26,4671e25f-30dd-4e69-bd9f-8b7f48135732,38003235-c133-4913-a560-05ab3f945523,product_question,,Let amount head involve item.,resolved,medium,2026-02-23T16:37:57,2026-02-25T18:15:37
53017ab6-a738-4a57-a09a-82dc735cfeaf,34a9dd73-95d0-45d9-a3fb-636e4e080a6c,63d29a06-4a0f-4f21-9b3c-0ca917190a59,shipping,,Whom stop writer response candidate less improve.,waiting_on_customer,low,2026-05-21T16:37:57,
7c98a480-721e-43ff-8212-059325f886f5,9400a9f1-7dfe-440e-9992-ce7a2dd5b296,d8626458-40a4-4749-8828-09916a7365e6,shipping,,Now decide thus poor.,in_progress,low,2026-01-04T16:37:57,
e95cd6da-76fe-498f-8776-e6af25ba519e,b5261e71-886e-4d78-8d1d-310ed9754704,d8626458-40a4-4749-8828-09916a7365e6,technical,,Interest run move dark doctor remain.,closed,low,2026-01-13T16:37:57,2026-01-15T17:30:49
554cc868-40cf-410b-bed6-69e80cf30567,f639b5da-4c4d-46ef-8ffe-75cca075bc23,b00deb46-3313-4939-aac7-8e195ac8d589,billing,,Main we because debate finish whatever.,closed,urgent,2026-08-10T16:37:57,2026-08-12T00:18:25
8ada5fd1-daad-4cc8-ab1f-5409b5b25274,49a68f77-776a-4b4b-b668-48e489f414ae,5ddbd80d-f370-4fa7-bd64-5eec9c2f37bc,technical,,Dinner sport whether yes.,closed,medium,2026-05-07T16:37:57,2026-05-09T03:16:51
8c310451-430f-403d-99dc-d49acea55b9e,63b6d2f8-4e38-4b4c-bf67-6651399b4453,63d29a06-4a0f-4f21-9b3c-0ca917190a59,billing,,Add simple role explain money address ever.,waiting_on_customer,high,2026-07-09T16:37:57,
5561d65d-109f-49b8-a4a9-d0bbc9963e59,fd9f1577-416e-472f-aad7-7bd5c56293f5,b00deb46-3313-4939-aac7-8e195ac8d589,technical,,Drive perform push new cost happen another can.,in_progress,medium,2025-10-20T16:37:57,
879a70d4-bce5-4f8e-bf0f-38688229777e,c710ee81-7487-44d1-b65f-69a898acaf69,8ae11eaa-8f00-40e3-b3e3-b30d399db61c,product_question,,Part notice model situation space weight.,closed,low,2026-06-15T16:37:57,2026-06-18T14:18:06
a1c83a84-6d5c-4663-b618-c6e63faf110b,ce5ac3ba-cbec-4482-816e-1ee6def437e2,b00deb46-3313-4939-aac7-8e195ac8d589,product_question,,Continue ask pass step identify him.,in_progress,high,2026-03-31T16:37:57,
6f7b8bd6-1f53-48ba-9859-ede1223954ed,c5dde410-2c70-486e-bb0d-974b2798825b,8ae11eaa-8f00-40e3-b3e3-b30d399db61c,billing,,Seem unit message surface computer total need available.,open,low,2026-06-06T16:37:57,
4aaa072f-a518-48e1-97f6-cbdf108b227e,19296d35-a0df-426f-88ed-d3f5323adb8a,8ae11eaa-8f00-40e3-b3e3-b30d399db61c,billing,,Amount nearly support everyone.,waiting_on_customer,medium,2025-12-23T16:37:57,
85413eb1-3722-4e44-8355-fc58e3f0e96e,f9f4d7f7-6884-4f0c-88d9-0d3432a666ca,b00deb46-3313-4939-aac7-8e195ac8d589,billing,,Town put state remain mind.,closed,high,2025-12-20T16:37:57,2025-12-24T12:14:38
885ada13-b6d3-4f90-a915-30f35d3050d8,d477b62b-46ba-4eaa-a26a-8e3d43ea5a28,,product_question,,Experience might staff serve moment east.,open,urgent,2026-02-27T16:37:57,
0dd72d85-1628-423f-a62c-f9d88cea6971,fe2e9f59-c77b-4756-ad2e-fe864a560344,90f96181-8123-4add-8fe8-938102416710,shipping,,Nothing tough cup list trouble including.,resolved,low,2026-02-16T16:37:57,2026-02-20T09:47:02
92333b49-8c37-429a-9790-d54f3a4d31d2,aa0533fd-252b-49cb-8070-77b5c88b04ee,63d29a06-4a0f-4f21-9b3c-0ca917190a59,return_refund,,Whom drug act argue firm yes.,closed,low,2025-11-03T16:37:57,2025-11-06T06:53:04
1801552c-edca-4d64-b618-f3eedcd83e18,f3abecde-d032-4605-876c-6373a9a9e65b,38003235-c133-4913-a560-05ab3f945523,product_question,,History value top.,closed,medium,2026-05-08T16:37:57,2026-05-11T12:27:01
4b048cdd-a365-4adb-9454-4f9b94f33240,a43342bc-a956-480b-8ef3-7b28e61c9b9b,90f96181-8123-4add-8fe8-938102416710,return_refund,e767823d-d623-4991-8816-0041428fc18b,Condition word far main.,closed,low,2026-04-19T16:37:57,2026-04-21T00:03:38
7304fe4a-c55c-4932-b4a3-56c96198042f,b8cf5c4c-27e2-4106-9058-eb38559661e0,90f96181-8123-4add-8fe8-938102416710,technical,,Present executive better eat.,closed,low,2025-11-04T16:37:57,2025-11-06T03:59:06
2ead985a-6688-4aaa-899a-9704618b9d3b,36df5a68-777a-4824-9342-f7f557e872ba,90f96181-8123-4add-8fe8-938102416710,technical,,Discover data point late network need.,in_progress,low,2026-04-24T16:37:57,
4e7992c2-f452-488b-a5ac-621be17361fc,9eac28b8-2264-4e48-9c2c-b3f7384bc20a,febe248a-e430-40d5-84d7-fc06d8b408dc,other,,Walk stuff hand practice claim item.,resolved,high,2026-04-16T16:37:57,2026-04-17T01:37:28
8345ef82-3032-4b0e-ae65-c1f49e1f70cb,1233e680-06d7-4b38-8c6e-796ef158556a,,shipping,,Card several mission detail.,open,high,2025-12-11T16:37:57,
d34dc1bf-c5c6-40b3-9971-bff3bc3056dd,1bc088f8-fdf1-442f-9491-1287abc066d3,febe248a-e430-40d5-84d7-fc06d8b408dc,billing,,Under meet some team.,resolved,low,2025-12-04T16:37:57,2025-12-08T08:57:22
2aa902c6-05ea-4aa2-8e69-d9774d5c460d,19296d35-a0df-426f-88ed-d3f5323adb8a,90f96181-8123-4add-8fe8-938102416710,other,,Within case material no your.,waiting_on_customer,high,2026-03-03T16:37:57,
05614ed0-fec2-496e-a072-732ebdde370c,0e7b96a0-3300-42a0-b46a-0376d91610eb,38003235-c133-4913-a560-05ab3f945523,return_refund,deb99b1b-79fa-4c07-83b0-7081183e19ef,Often like watch computer.,closed,medium,2026-05-04T16:37:57,2026-05-07T05:42:04
f8be11c9-75e9-40f5-aa44-845cf9479f7d,a59ab98c-fe50-412b-aa83-a693a561092f,38003235-c133-4913-a560-05ab3f945523,return_refund,,Police network night machine account yet for recognize.,closed,medium,2026-04-10T16:37:57,2026-04-13T14:37:18
57f94b5c-676a-4d05-8a99-c6f96c2d929e,3b47f466-5256-41a1-951c-efee13597676,b00deb46-3313-4939-aac7-8e195ac8d589,product_question,,Author time business group.,in_progress,low,2026-01-01T16:37:57,
84296b56-6a3a-4ceb-a194-949a7a8c28f0,b0da7a9b-77d7-407d-8506-51705503fa05,8ae11eaa-8f00-40e3-b3e3-b30d399db61c,return_refund,,Break skill new American.,closed,low,2026-07-20T16:37:57,2026-07-23T08:34:23
c84ffe66-de00-43e3-9df0-ce1b8b148514,61004774-fb70-403c-ae81-a1e9cd187146,63d29a06-4a0f-4f21-9b3c-0ca917190a59,other,,Goal use such.,resolved,medium,2026-05-24T16:37:57,2026-05-27T21:54:32
485f0729-fd03-4647-ab61-51561be5624e,83967256-31c2-4fcb-a61d-2378ac6f1ad6,febe248a-e430-40d5-84d7-fc06d8b408dc,technical,,National almost long budget always ok.,waiting_on_customer,low,2026-03-09T16:37:57,
38328d63-9d26-411e-b531-1862a7131ec8,71f1cea1-588b-47f5-93c3-4e649541a9e4,d8626458-40a4-4749-8828-09916a7365e6,shipping,,Shoulder big certain.,in_progress,low,2026-05-28T16:37:57,
61372d5c-f6b1-4024-84eb-b5dc2def40c9,672a02fc-236c-4c57-9ef9-218b783ce0e3,b00deb46-3313-4939-aac7-8e195ac8d589,other,,Hospital soon democratic itself fly direction perform.,waiting_on_customer,low,2025-11-07T16:37:57,
21c40221-f42e-4597-adf4-6c5f0dce44f3,bea5ef1d-43b9-4df5-b3d1-436f675ec066,d8626458-40a4-4749-8828-09916a7365e6,technical,,Matter really start collection.,closed,medium,2026-04-25T16:37:57,2026-04-28T20:11:07
ec97443d-bb6c-4caa-a37a-08df38b86b26,f4c0d073-250c-455a-a84a-848e56ae7048,90f96181-8123-4add-8fe8-938102416710,shipping,,Movie economic son study three impact.,closed,medium,2025-12-02T16:37:57,2025-12-04T09:34:30
6f168554-8546-47a3-b014-ab072b4c3a55,7c2a3f62-d757-4322-a213-921d7c370838,,product_question,,Use factor third sell technology painting source.,open,medium,2025-12-17T16:37:57,
232b9c2a-48c3-4fef-94ec-d12a47722be5,758d0e66-e551-46a4-b8f9-0a98d7161e93,b00deb46-3313-4939-aac7-8e195ac8d589,other,,Mother indicate do likely administration reach go.,resolved,low,2026-08-15T16:37:57,2026-08-16T11:32:27
58c5bbc3-8485-499e-8d8c-09e3fa644497,53352c2c-02b9-41af-b276-94d6d22379fe,b00deb46-3313-4939-aac7-8e195ac8d589,technical,,Compare north place charge reflect.,closed,medium,2026-05-13T16:37:57,2026-05-17T17:37:33
200edf09-7668-4b0f-baf2-5d452b0e5507,416cd82a-8e13-48b3-a6e1-dadbf5a29d2d,38003235-c133-4913-a560-05ab3f945523,other,,Different it once brother people mean explain.,in_progress,low,2026-02-25T16:37:57,
f1930c23-ce54-47da-a009-fa22ec0fbae6,3f78077b-93c7-4c4e-8976-f16cb11cfcfc,d8626458-40a4-4749-8828-09916a7365e6,return_refund,38596209-1066-4bf2-8b92-3cde92eda0d8,Everybody three cell property.,closed,medium,2026-07-10T16:37:57,2026-07-14T16:15:28
4fc0acc3-69cd-4b04-bce4-d3c4057b94b5,920c0197-3c76-4cb7-90f7-b1a687043563,5ddbd80d-f370-4fa7-bd64-5eec9c2f37bc,product_question,,Leave day laugh theory special do radio.,closed,medium,2026-01-03T16:37:57,2026-01-06T17:51:28
fef4e042-b566-4a5d-9542-f7e1b06b111e,2d4e6ed6-f081-4049-b92a-7792dbe97b89,38003235-c133-4913-a560-05ab3f945523,billing,,Keep authority stuff now might walk.,closed,low,2026-05-29T16:37:57,2026-06-01T07:43:59
c156492f-bc91-494b-ba34-1aa02a8b057d,64e25b29-1b93-4db3-a929-7fb7183288be,8ae11eaa-8f00-40e3-b3e3-b30d399db61c,return_refund,,Itself challenge those hundred tax.,open,medium,2026-04-22T16:37:57,
c875971b-9a76-4a37-9673-3f2041dd66d7,f1c35457-d11b-4726-ae58-b98a09167675,8ae11eaa-8f00-40e3-b3e3-b30d399db61c,shipping,,At check only report.,open,medium,2025-10-25T16:37:57,
74eade96-d66b-494d-bbf0-d34d6d44eaed,21e6a119-3caa-43ab-9905-08bda65f8493,5ddbd80d-f370-4fa7-bd64-5eec9c2f37bc,shipping,,Newspaper you make tonight.,closed,medium,2025-12-31T16:37:57,2026-01-04T09:46:12
7162c8ec-284d-4eee-8e92-110f6e7d2f18,534f7dee-6c8b-474d-b7be-41fa1dbbe93a,5ddbd80d-f370-4fa7-bd64-5eec9c2f37bc,shipping,,Put whether across mind.,resolved,medium,2026-08-01T16:37:57,2026-08-03T10:13:42
ed4f19c8-f5fd-40cd-808d-8d67b4ca1806,2dcc7662-f1ce-442c-b998-bbe351d5e186,38003235-c133-4913-a560-05ab3f945523,product_question,,Possible space play reflect system.,resolved,high,2026-06-13T16:37:57,2026-06-15T14:08:41
d24729c7-d1c3-4b2a-8ca5-886fd9bba6d7,18e7baeb-a66e-4a7d-882d-355810698bc3,8ae11eaa-8f00-40e3-b3e3-b30d399db61c,product_question,,Most safe traditional describe fire off western range.,closed,medium,2026-02-03T16:37:57,2026-02-04T23:46:47
eced2cf7-732c-492f-8ff4-58baacddbd82,922d63c5-873c-4693-9775-df99ba006ccd,90f96181-8123-4add-8fe8-938102416710,product_question,,Training at activity until remain participant nothing.,closed,high,2026-05-04T16:37:57,2026-05-08T05:05:08
3a41ae13-42ba-4a5c-a781-c2f30b84e579,7e52ce3f-191d-4d27-a0a8-76706fd6173c,8ae11eaa-8f00-40e3-b3e3-b30d399db61c,shipping,,Yet institution detail full member.,closed,high,2026-05-14T16:37:57,2026-05-18T21:01:56
32854f05-16e9-47d2-8013-1c01e63b3ccc,058a019d-da8d-434a-8e8b-621c3b214928,,shipping,,Discussion quite as network according.,open,medium,2026-01-28T16:37:57,
61d46626-8c5d-4eca-bbb0-fac42ca226d3,2ffdab76-6ec7-4dce-bd58-e9b2f6da991c,8ae11eaa-8f00-40e3-b3e3-b30d399db61c,other,,Price story individual level cultural could.,in_progress,low,2026-03-31T16:37:57,
b839856e-b522-4bc8-b02e-27a359a6f93d,1b25718d-795f-4b30-a424-50167ae8c0ad,b00deb46-3313-4939-aac7-8e195ac8d589,shipping,,Life trouble summer capital ever sister.,closed,medium,2026-07-03T16:37:57,2026-07-04T22:12:44
3b5efebc-b375-41cd-9a08-37f228687208,9ede5407-362e-465c-a234-482e1f2411c1,febe248a-e430-40d5-84d7-fc06d8b408dc,shipping,,Scientist white spring peace late.,closed,urgent,2026-06-02T16:37:57,2026-06-06T03:04:03
48b74717-3950-4b19-a5aa-0d07e76d6161,aa006c1b-6b97-4f02-99a9-57923d13eb8f,8ae11eaa-8f00-40e3-b3e3-b30d399db61c,shipping,,Yet thank parent.,closed,high,2026-05-05T16:37:57,2026-05-07T21:10:25
3636b2d6-b25c-4534-a4b2-a583c6ce351c,bbe9e834-7071-42d6-8970-aa7301b72ec2,63d29a06-4a0f-4f21-9b3c-0ca917190a59,shipping,,You compare left rule some.,closed,medium,2026-04-30T16:37:57,2026-05-01T19:59:13
b0659f84-f7d7-4179-bb39-324efe40dd55,d64805ac-2294-4438-af7d-1f1483e8fd7b,8ae11eaa-8f00-40e3-b3e3-b30d399db61c,other,,Discussion professional if simply.,resolved,high,2026-01-27T16:37:57,2026-01-29T06:20:33
5df50437-ec3c-4b96-9f34-ffd2b93992d5,8c5628d0-6d15-4a6d-80f2-9c723e39ba83,d8626458-40a4-4749-8828-09916a7365e6,technical,,Easy value study rich force physical student.,open,low,2026-05-14T16:37:57,
3d79ead7-c274-4023-a435-49700a7437c3,400ec64f-461d-45c5-b45e-b5c8dc21b4e1,febe248a-e430-40d5-84d7-fc06d8b408dc,shipping,,Of general raise like police.,waiting_on_customer,medium,2026-01-30T16:37:57,
2c254416-7ec2-4175-8093-8241d3940668,d88e53e9-6885-44c1-a0ce-e8ea44f2dcfc,90f96181-8123-4add-8fe8-938102416710,technical,,Do election mission federal.,resolved,high,2026-05-05T16:37:57,2026-05-07T14:17:59
636d0810-3d33-4008-bc73-a7de48e8041e,1380e029-b899-4413-a8da-0741720a6a06,d8626458-40a4-4749-8828-09916a7365e6,return_refund,38596209-1066-4bf2-8b92-3cde92eda0d8,Poor piece billion want system shake religious.,resolved,high,2026-07-30T16:37:57,2026-08-02T16:04:11
7dd33101-adbb-4a2f-83f4-da95fbfdcb99,d3adc9f1-fd4e-45ad-9d75-0919a6617f7a,5ddbd80d-f370-4fa7-bd64-5eec9c2f37bc,shipping,,Really return entire open one chair.,waiting_on_customer,medium,2025-11-18T16:37:57,
3c467f99-a543-4c8a-bb4e-b089ea6c9185,e7e3f8e8-5e9a-4cea-90ea-8ba71ec98685,63d29a06-4a0f-4f21-9b3c-0ca917190a59,billing,,It story teach personal back enter enter.,resolved,low,2026-08-06T16:37:57,2026-08-10T04:06:23
d2323db4-1430-41c7-a9f9-aaf2235fd745,fdd86eaf-7a5b-4598-9a08-6f4f207743bb,38003235-c133-4913-a560-05ab3f945523,shipping,,Nice especially wall evening project movement.,resolved,medium,2026-06-03T16:37:57,2026-06-04T20:15:15
f59a8e39-74e1-4016-9293-0ccdd76f3042,95381466-0836-4fd0-b05c-e8ca6147a51f,b00deb46-3313-4939-aac7-8e195ac8d589,shipping,,Offer some assume during.,closed,high,2026-07-14T16:37:57,2026-07-16T04:41:32
98f42143-7431-4831-b70c-8575dd326903,8c39c27b-eb7a-452f-9581-a78bdf3ed9eb,5ddbd80d-f370-4fa7-bd64-5eec9c2f37bc,technical,,Now student fact door.,resolved,low,2026-06-28T16:37:57,2026-07-02T00:27:27
ec5ddfe7-d4c8-4108-b03c-0857e39ce4c0,21e6a119-3caa-43ab-9905-08bda65f8493,63d29a06-4a0f-4f21-9b3c-0ca917190a59,billing,,Smile prevent however might seek lay.,resolved,medium,2025-12-17T16:37:57,2025-12-19T10:36:29
95efbf17-4c88-49d4-b376-3de70e648ea2,8834bd0d-66fc-44cf-83bc-c787f024b078,5ddbd80d-f370-4fa7-bd64-5eec9c2f37bc,product_question,,Your another never people picture dark.,closed,high,2026-03-20T16:37:57,2026-03-22T02:57:37
ed2d8999-877b-4ab3-9ef3-85d6a65cff32,35292459-521c-4d3a-a786-3b68116663fc,,return_refund,,Page follow baby.,open,urgent,2026-01-27T16:37:57,
ebeec74b-9df3-4582-b632-4da1ff5fa0fb,72874237-a564-45ff-95cf-5fb3ab18e7c8,d8626458-40a4-4749-8828-09916a7365e6,billing,,Let listen final including executive.,closed,high,2026-03-25T16:37:57,2026-03-27T10:37:38
f3f2dde5-7de0-4542-a5a9-aae0d7aea4f5,71ed3bfb-d094-47b4-bd02-9589f31e4c1d,38003235-c133-4913-a560-05ab3f945523,technical,,Game accept color she assume raise tend admit.,closed,low,2026-04-27T16:37:57,2026-05-01T14:06:09
77272cb6-afd3-4c3c-a344-afdc2d04f2f7,d4d6c47d-5048-4008-b088-4f13691fbefd,febe248a-e430-40d5-84d7-fc06d8b408dc,other,,Skin design happy short wall base.,resolved,medium,2026-04-02T16:37:57,2026-04-04T06:46:31
d12aeb40-c28c-4cb0-b29b-39b15104dad3,834105ff-e792-4a6f-be6d-fb89b4d75d4a,8ae11eaa-8f00-40e3-b3e3-b30d399db61c,technical,,However nice statement budget theory visit war.,closed,low,2026-03-23T16:37:57,2026-03-25T07:04:08
02b7a67e-96e7-46b4-90ff-285e1f1f9878,26ebc43f-cfbf-4fa1-9c7f-9134871f7b65,5ddbd80d-f370-4fa7-bd64-5eec9c2f37bc,shipping,,Court care office west eye stop hit.,closed,medium,2026-02-26T16:37:57,2026-03-02T13:42:12
a3329d1c-d5f1-4538-a04f-df7cc2a43cc8,03710ca1-feb1-4206-bd26-3bb8e6a1dac2,b00deb46-3313-4939-aac7-8e195ac8d589,return_refund,ad5d56a5-c3c3-4288-abfa-c3f639e35d42,Enjoy young help low.,open,medium,2026-02-03T16:37:57,
71234a47-100c-4a23-b2e3-74b1bfe3632b,a31129ac-6e82-4a23-86f3-3d708e019069,d8626458-40a4-4749-8828-09916a7365e6,billing,,Like hard bit present minute.,in_progress,high,2026-01-06T16:37:57,
1a9109f6-bf90-4cd2-b6c6-cdbced723394,359ce707-dfea-41f8-be3e-8689b460486f,5ddbd80d-f370-4fa7-bd64-5eec9c2f37bc,shipping,,Seem affect five think chance.,closed,low,2026-01-09T16:37:57,2026-01-12T10:58:52
67dc4632-a07b-4424-8919-ea62ec3ab9c1,8e104807-9dc2-4625-a1b7-9d858ddd96de,5ddbd80d-f370-4fa7-bd64-5eec9c2f37bc,shipping,,Cultural read whom middle.,waiting_on_customer,medium,2026-05-23T16:37:57,
ce671b8e-dfc9-4961-8c37-06acd2b68252,1076f00e-5dd1-41d1-b2a5-0c59e18a5310,90f96181-8123-4add-8fe8-938102416710,other,,Method agree day dark method world particular.,waiting_on_customer,low,2026-03-21T16:37:57,
758627fd-9675-4f44-ba3f-ef6438d0d145,86fb0f27-e52e-40a4-8499-5f1610574213,8ae11eaa-8f00-40e3-b3e3-b30d399db61c,billing,,Benefit else air detail thus pattern under.,resolved,low,2026-07-23T16:37:57,2026-07-26T19:33:39
4f7ccf95-1fb3-48c8-bac7-483c619d5260,be6fcaa5-9911-4bb6-b97c-47eb53c88b32,febe248a-e430-40d5-84d7-fc06d8b408dc,shipping,,Ask modern effort third like.,closed,low,2026-05-23T16:37:57,2026-05-25T16:02:43
c9bca938-2a16-49f8-846e-bf8ba6c652c4,8f054a96-7920-42dc-b286-f6980ea8dbeb,90f96181-8123-4add-8fe8-938102416710,product_question,,Answer poor detail candidate player effort imagine.,closed,medium,2026-04-04T16:37:57,2026-04-05T18:54:18
778a108b-4a2e-410b-9afe-08eb55e0bd2b,2ef9867e-e76c-4d07-8089-7935ba03ca03,90f96181-8123-4add-8fe8-938102416710,billing,,Couple drive serious.,closed,low,2026-08-08T16:37:57,2026-08-10T19:43:28
948be762-c0df-41f6-bea8-ff623343cf47,5bc10fee-ced7-43f1-91e5-597bd89faff6,d8626458-40a4-4749-8828-09916a7365e6,billing,,Election magazine wonder describe science again trade.,resolved,low,2026-06-18T16:37:57,2026-06-19T16:48:54
d37d87ec-4e43-40dc-a90d-52d8a32a5bc9,bd081d89-0320-4774-bb4c-798b6e253b0e,8ae11eaa-8f00-40e3-b3e3-b30d399db61c,return_refund,87231695-2bab-4640-a628-d5ccd59408d6,Score new top ok any race.,resolved,low,2026-05-02T16:37:57,2026-05-03T20:25:39
567c352f-3b13-4c87-9b55-1a3eb97c116e,7c66bbce-e687-4e15-be85-d960c3de159b,febe248a-e430-40d5-84d7-fc06d8b408dc,shipping,,Clear hot so many effort west.,resolved,urgent,2026-06-17T16:37:57,2026-06-22T08:07:10
5bb67c0f-2804-41b4-a1e8-9ec2ad9a5af4,41db9c8c-af73-46c6-b7aa-64cee86dbe41,63d29a06-4a0f-4f21-9b3c-0ca917190a59,shipping,,Become class such purpose.,waiting_on_customer,low,2025-11-18T16:37:57,
f0d68d63-5bf4-4624-94fe-fc2d987cb5a6,b7428f06-b3dd-477e-8569-96068f3d3dcb,8ae11eaa-8f00-40e3-b3e3-b30d399db61c,product_question,,Environment until set similar cost past us.,closed,high,2026-07-04T16:37:57,2026-07-05T11:11:43
ba6ecf10-f71c-4b9d-b3c6-f557e57246d8,33f27548-d085-481a-aa4f-a851fbebe0cd,b00deb46-3313-4939-aac7-8e195ac8d589,billing,,Method worry social.,open,high,2026-05-22T16:37:57,
4ebfb98d-079c-4128-99b0-d6f8f721183b,adc6b3eb-08c6-47a0-a6ce-19384284547a,b00deb46-3313-4939-aac7-8e195ac8d589,shipping,,Guess structure activity speech.,in_progress,low,2026-05-06T16:37:57,
1988ade0-bb0c-4422-a896-29edeb049476,8e312b31-712d-4fc0-84dd-27ff2b1dd09b,d8626458-40a4-4749-8828-09916a7365e6,shipping,,Training situation husband never cut risk public.,resolved,low,2026-08-07T16:37:57,2026-08-13T01:55:32
00826b88-19eb-4d2e-80d8-e855aa9120d5,090fb913-1317-4169-b150-64e304451d38,90f96181-8123-4add-8fe8-938102416710,product_question,,Question too fish face rule.,waiting_on_customer,low,2026-03-20T16:37:57,
8bd17705-0dbe-4c88-b649-6ab58fec9a1c,40da201b-b0f6-453a-97ca-b9d61306ad15,d8626458-40a4-4749-8828-09916a7365e6,shipping,,Miss in operation specific draw play.,closed,low,2025-12-02T16:37:57,2025-12-05T14:36:07
336a9848-13f0-4e2d-9565-cf70da3bf972,b8ccafb8-eae9-4e35-beb2-afbc3cb9690c,90f96181-8123-4add-8fe8-938102416710,other,,Inside until friend so add great.,closed,medium,2026-08-12T16:37:57,2026-08-13T17:45:47
008114f8-a58f-4e02-91ce-4da69ef96ea6,15b9a6ba-816d-4956-936f-2894eff8b72d,b00deb46-3313-4939-aac7-8e195ac8d589,shipping,,Face often develop movie seven result strategy surface.,resolved,medium,2026-03-20T16:37:57,2026-03-22T12:37:21
6524d892-3380-4dae-91d5-7de57e0540a9,ab13dd68-d82a-4dbe-b352-0f4df96ff5e3,b00deb46-3313-4939-aac7-8e195ac8d589,return_refund,be19b4aa-1f08-40f8-9ff5-6923abf93f3b,Nice marriage why song.,closed,low,2026-07-01T16:37:57,2026-07-02T14:44:54
e5212ff4-495f-43d0-a352-84dc3eea2ce0,359ce707-dfea-41f8-be3e-8689b460486f,,return_refund,c7795ed8-32e7-43ec-8702-6c644ef0912b,Just guess tell brother.,open,low,2026-01-21T16:37:57,
893f0af6-8deb-4d83-8018-c4b8a9d1926d,359c05d0-e19d-463d-b3b4-43a0b4a3810f,63d29a06-4a0f-4f21-9b3c-0ca917190a59,shipping,,Run edge how decade.,open,low,2026-06-27T16:37:57,
f28cd46c-ada6-4616-9c8c-a7de49afc5ad,1757e1cd-b99e-42a3-9e19-1b1305127836,63d29a06-4a0f-4f21-9b3c-0ca917190a59,return_refund,,Group husband eat he.,in_progress,high,2026-01-25T16:37:57,
189d8b55-84a3-4353-aa40-b9e1f23882e0,d64805ac-2294-4438-af7d-1f1483e8fd7b,b00deb46-3313-4939-aac7-8e195ac8d589,other,,Company hand hold home.,closed,medium,2026-04-01T16:37:57,2026-04-04T16:09:34
895ffa6b-49e1-46e5-adda-bcefab13e550,2a2c365a-ac9d-4106-a494-678e09ae412c,90f96181-8123-4add-8fe8-938102416710,shipping,,Chance evening treatment sing.,in_progress,low,2026-04-12T16:37:57,
146ef7a7-386e-48c2-b03d-3e10d7aafdeb,b01b46fd-8f75-4db5-806d-c5c5980008c4,63d29a06-4a0f-4f21-9b3c-0ca917190a59,billing,,Would food story investment late.,resolved,medium,2026-07-14T16:37:57,2026-07-17T10:22:46
80dc9f0f-a455-4770-adc8-5c1a79d03c24,f7989645-3a12-42f6-a926-2a7388aeb297,90f96181-8123-4add-8fe8-938102416710,product_question,,Small charge blood few kid system cut.,in_progress,low,2025-10-31T16:37:57,
d2c073ed-bad9-48c3-9d09-30a7f5ba92ef,4d97e8a1-7720-4190-b326-dccfa2ec4426,38003235-c133-4913-a560-05ab3f945523,return_refund,,Food relate most once general usually.,resolved,medium,2025-12-26T16:37:57,2025-12-30T21:34:24
199e7cad-6378-4a4c-93fd-c76b24be523d,5f8c9b91-24ee-43a2-b758-fece4c2fd787,38003235-c133-4913-a560-05ab3f945523,return_refund,38596209-1066-4bf2-8b92-3cde92eda0d8,Health responsibility adult together pick serious education.,in_progress,low,2026-06-17T16:37:57,
50235dd8-2f41-4929-a4b8-51a60f16fbab,fc41d86f-78f3-476a-882c-3eafc02d61f2,5ddbd80d-f370-4fa7-bd64-5eec9c2f37bc,shipping,,Next would pressure buy computer visit.,in_progress,medium,2026-05-06T16:37:57,
809a006f-c08e-4e9b-ae5a-43c76280ed21,b2664ec9-be42-46bd-9f6d-073a50105636,febe248a-e430-40d5-84d7-fc06d8b408dc,billing,,Body social could raise many home staff.,resolved,high,2026-01-22T16:37:57,2026-01-26T00:34:57
2cb27500-8cc3-453b-b7bf-44b0f3ef5f90,66983396-cb40-4613-8d6d-306b8f9ca5c4,8ae11eaa-8f00-40e3-b3e3-b30d399db61c,billing,,Receive authority lawyer reveal cut point.,closed,low,2026-01-13T16:37:57,2026-01-16T01:08:32
d7b14a9d-449b-4c9f-8501-c5002902b3c4,bf32ccad-096c-457c-9147-6f220d46e227,5ddbd80d-f370-4fa7-bd64-5eec9c2f37bc,return_refund,87231695-2bab-4640-a628-d5ccd59408d6,Hotel those need floor.,in_progress,high,2026-08-02T16:37:57,
09dd203a-3a71-4bd0-ab46-7c99f12a291a,cd709ef0-753a-4968-b981-ab264708b37a,d8626458-40a4-4749-8828-09916a7365e6,billing,,Major trip worker read not strong especially.,closed,medium,2026-04-08T16:37:57,2026-04-12T02:03:19
a91cc3a3-e6b7-4c5d-b813-66f5df127e29,bea5ef1d-43b9-4df5-b3d1-436f675ec066,38003235-c133-4913-a560-05ab3f945523,return_refund,,Charge get can thank scene during.,closed,medium,2026-07-02T16:37:57,2026-07-05T14:30:35
0ad0b233-0be5-4f29-b576-57910b30c379,890861ac-5e77-4568-aaff-807b37e6f872,5ddbd80d-f370-4fa7-bd64-5eec9c2f37bc,shipping,,Similar agreement point suffer serve just.,resolved,high,2026-01-06T16:37:57,2026-01-07T19:24:22
d4b78488-40a8-434b-bed8-5e3778ba9171,8639eac0-9cd8-4fe5-9e10-8526a16018d1,90f96181-8123-4add-8fe8-938102416710,other,,Several safe effect environment ago serve.,in_progress,medium,2026-08-10T16:37:57,
ae940661-7c23-405e-9374-322e518956ae,80617fda-335d-411d-aed3-ca3917a8cff2,5ddbd80d-f370-4fa7-bd64-5eec9c2f37bc,product_question,,Inside tree part finally population discussion prove.,resolved,medium,2026-07-15T16:37:57,2026-07-18T14:45:20
13bffb50-c746-4fb6-a141-3231e91b4a82,0edeaba5-35f3-4e68-98ca-f412d9cd14b5,63d29a06-4a0f-4f21-9b3c-0ca917190a59,product_question,,Want politics side performance opportunity service conference.,closed,low,2025-10-26T16:37:57,2025-10-27T13:06:15
456c57d6-b474-40cd-a363-32d9bf234caf,66dda3b2-66cf-4b2b-90b2-91abe28f6aa4,febe248a-e430-40d5-84d7-fc06d8b408dc,shipping,,Change magazine forget turn by perhaps.,in_progress,medium,2026-05-10T16:37:57,
2174e128-4386-474c-b8df-5af9076d30cc,bb0bc182-b8f7-4f26-b794-dca522dd4cec,febe248a-e430-40d5-84d7-fc06d8b408dc,product_question,,Hold of someone live customer goal kid rise.,closed,medium,2026-02-23T16:37:57,2026-02-25T09:05:04
7ed4f4e4-538c-4e73-9842-399510f5e80c,5bf14829-99bd-4d3c-b504-edd1e45593a0,8ae11eaa-8f00-40e3-b3e3-b30d399db61c,return_refund,e9f20000-5a6e-485d-9700-126f3efc245a,Environmental news open hot.,closed,medium,2026-02-22T16:37:57,2026-02-23T23:17:41
6acfbf2e-b9df-4778-96da-fa9c31bc5120,b66b0e13-b74e-40e7-b3e7-1583f2f08a9b,38003235-c133-4913-a560-05ab3f945523,technical,,They give itself positive floor today.,closed,medium,2026-06-08T16:37:57,2026-06-10T06:44:24
0a162ea1-bb25-48f9-ab22-c33f12539cb1,a296a891-b126-44e1-a271-9228cc28b3bc,38003235-c133-4913-a560-05ab3f945523,shipping,,Hit everyone adult not old century.,in_progress,medium,2026-01-13T16:37:57,
cc64d91c-0128-48c2-8054-c0287ec78864,0b7ba743-6819-4540-8542-b7fa14bd996d,,technical,,Involve finish spend thought fire specific.,open,medium,2026-08-01T16:37:57,
92e9f8fa-c22e-4003-b2e7-d1238c23d18d,1076f00e-5dd1-41d1-b2a5-0c59e18a5310,63d29a06-4a0f-4f21-9b3c-0ca917190a59,return_refund,38596209-1066-4bf2-8b92-3cde92eda0d8,Rest official painting sit enjoy.,closed,low,2026-07-09T16:37:57,2026-07-13T17:42:17
f24d9fd4-dedc-47b9-93a4-3de40bada662,598904ac-fa48-43af-8fe9-41388451ae53,5ddbd80d-f370-4fa7-bd64-5eec9c2f37bc,technical,,Affect player work special.,closed,medium,2026-04-04T16:37:57,2026-04-06T00:51:56
3554f565-6838-4e23-878f-bd0419ee7362,5bc5dd9e-3670-4c84-be25-41eace68a711,90f96181-8123-4add-8fe8-938102416710,shipping,,List southern clear expect.,resolved,medium,2026-03-04T16:37:57,2026-03-07T17:48:19
2deca5d2-22ba-42e9-90bf-a7d995707651,cbd53684-acf0-447d-b61b-35f8bcde6edf,8ae11eaa-8f00-40e3-b3e3-b30d399db61c,product_question,,Customer president more necessary.,closed,urgent,2026-07-23T16:37:57,2026-07-25T10:20:13
0db2c789-1f96-4420-a38d-466052babdb4,7160f724-2528-4ac3-ba79-b6e99e6b8a01,febe248a-e430-40d5-84d7-fc06d8b408dc,product_question,,Take whose how.,waiting_on_customer,low,2026-03-28T16:37:57,
c59f3bb5-e501-444b-83c5-95d952412359,2dbed2c3-1c68-4b90-a343-39b51de57b45,5ddbd80d-f370-4fa7-bd64-5eec9c2f37bc,technical,,Ground production serious international difference almost for.,closed,low,2025-12-06T16:37:57,2025-12-08T08:18:44
9d431c16-31ba-4d0b-b159-c7d965e03ff6,a0f290f7-884a-4d5d-b502-f43702abb2db,38003235-c133-4913-a560-05ab3f945523,technical,,Despite serve guy fund social them how.,closed,high,2026-02-02T16:37:57,2026-02-05T06:07:18
738346e3-7043-424a-a070-b49b234c05d3,5a62f2b9-646a-4b84-b570-661ca33a139f,d8626458-40a4-4749-8828-09916a7365e6,shipping,,About admit few place.,closed,medium,2026-08-07T16:37:57,2026-08-08T09:13:17
a6cdfce7-661c-460d-80dd-1581a93521b5,87fc5559-9d20-4780-8c0e-b7c248cd6236,5ddbd80d-f370-4fa7-bd64-5eec9c2f37bc,shipping,,Eye into technology much physical practice while few.,in_progress,low,2026-06-01T16:37:57,
6d83a922-d58f-4ed4-a813-51bd1c8704d7,efb0203d-c970-47ec-8644-2090a658224b,8ae11eaa-8f00-40e3-b3e3-b30d399db61c,other,,System perform peace whose.,closed,low,2026-01-31T16:37:57,2026-02-04T11:56:59
93584dbc-83ea-462d-979a-b056d9b6f7c6,847d46dd-9721-4351-8bef-5c2292b57d6f,5ddbd80d-f370-4fa7-bd64-5eec9c2f37bc,return_refund,,Heart drop economy.,in_progress,low,2026-01-04T16:37:57,
f5191293-d23d-4c47-8f27-e68dffb15c8c,65dbcba7-fbb7-4837-ace0-5cd3cc5dd4a4,8ae11eaa-8f00-40e3-b3e3-b30d399db61c,other,,Then special true through couple.,closed,high,2026-02-16T16:37:57,2026-02-18T15:28:54
1f93b116-74f8-4e5d-8a19-f0c4fa9c8e6f,64ad7907-f83e-403b-b5b4-b1deded9bb1d,b00deb46-3313-4939-aac7-8e195ac8d589,technical,,Painting prevent list civil.,waiting_on_customer,low,2026-06-09T16:37:57,
bf9aa230-1a7f-4711-a33b-16be66f9c5a1,f419edd5-8bb5-4809-8cfc-599ab209f6da,febe248a-e430-40d5-84d7-fc06d8b408dc,other,,Police feeling politics very car.,closed,high,2026-07-14T16:37:57,2026-07-18T12:00:14
d7ce3dc4-9da6-4012-b629-41568d4516d7,8fd99d74-d73b-4014-a8fa-a37b39befe36,b00deb46-3313-4939-aac7-8e195ac8d589,shipping,,Example win major professional successful.,in_progress,high,2026-07-18T16:37:57,
ec6be2b2-3bdb-4a86-bfcf-30baa633929f,4d9a6ab4-f181-4f8c-9beb-e4cd9774b5d7,5ddbd80d-f370-4fa7-bd64-5eec9c2f37bc,return_refund,94d98431-551a-4ba5-99c2-7835727e1659,And item occur beautiful dark number national.,closed,low,2026-07-13T16:37:57,2026-07-17T10:07:57
7fa0910f-0598-4807-aeaa-43cb12eb2323,6a9699dc-eba5-4045-9b96-91504f0cfe77,5ddbd80d-f370-4fa7-bd64-5eec9c2f37bc,shipping,,Less forget be ability movie lay build market.,waiting_on_customer,low,2026-06-07T16:37:57,
