id,checkout_id,warehouse_id,status,created_at,completed_at
40464aa5-9045-48b9-be92-2b767c28c79c,c2d9ed19-a5ec-4df6-9fce-7fa8090f0697,WH-EAST,shipped,2026-05-12T06:35:40,2026-05-13T17:29:52
427f6ff2-264f-49a8-9a66-72498a536a80,3c11c131-881f-4e3c-bed6-5737f9643212,WH-EAST,packed,2026-03-09T01:52:40,
cadf9c1c-598c-4f17-96af-e495cb5c7013,4b859b06-ce1f-4e34-adb5-23f9f84cd4e4,WH-EAST,shipped,2026-03-03T23:59:15,2026-03-05T01:27:26
c437206f-9756-498e-91e0-b9b89a869ef9,bbc91b60-90c7-4f3e-a804-32ca876bd9ad,WH-EAST,shipped,2026-03-18T15:57:48,2026-03-20T00:49:13
b29797a1-cdeb-4518-9a75-e461ec7fe92e,16c125ab-cb8b-49ce-b0a4-3114588df68c,WH-EAST,shipped,2026-07-21T19:44:55,2026-07-23T00:41:21
e1aafd8b-d81a-42e0-b5df-da340eb3425e,304ef86c-a9e1-43a5-91f7-f3032bd2ca1f,WH-WEST,shipped,2026-06-16T15:32:35,2026-06-17T22:51:00
3d9862a5-6596-4b5b-bdc8-d15a32abd5ce,ea3d6a42-ee9e-4cea-970d-117e38786463,WH-EAST,shipped,2026-04-09T22:51:43,2026-04-11T11:34:05
b67ff3bd-87f6-4d42-8ae1-0bd0b53bd3b1,a6ccaa4f-ccfe-4b24-b073-a3d59a755b1d,WH-WEST,shipped,2026-06-07T17:09:52,2026-06-09T02:35:53
eeafcc4d-3c84-4154-994b-dbf1361caea4,a7eb73fd-e44e-4cf0-b320-985f6da24df8,WH-WEST,packed,2026-06-08T09:36:45,
98864751-a111-46d0-b72b-318600015bbd,c46f2285-789e-4d4d-9611-7c23fa0a604c,WH-EAST,shipped,2026-06-14T08:44:53,2026-06-15T15:26:26
c1f8ac1e-6569-4a6d-8fe8-7865b0157f7d,d2a9859e-eed1-41f8-902b-b5ed6b6d8147,WH-WEST,picking,2026-08-07T22:00:38,
2be583a5-5c69-49a3-9307-f84739b2f34c,9ffc3e91-0b72-4e0a-a484-7a0f8b63ee0e,WH-WEST,shipped,2026-07-25T15:03:06,2026-07-26T20:57:56
b0006b44-c94e-44fa-8a45-5a90d4b79e56,0e5df425-c648-43a8-abde-b7df521ed814,WH-WEST,shipped,2026-03-26T05:36:50,2026-03-27T16:09:59
d287257a-1e7c-447e-a244-6aa1d7e46cc3,e757fc80-0354-4bd7-a6bb-9f7a66cdfca0,WH-WEST,shipped,2026-05-27T23:14:12,2026-05-28T07:51:07
9a7f13fb-33bd-4f69-a457-70784a437ed4,c7a110d0-d260-4eed-a156-2e4c4e90e9bb,WH-EAST,shipped,2026-03-28T20:41:42,2026-03-30T05:33:36
ed9b4881-f135-47e6-882f-186773281264,8f8d7c25-f4eb-42f0-9012-61460c190e2d,WH-WEST,picking,2026-07-23T11:51:19,
014b914b-21a9-4b66-baa4-d528e36d8297,c9c307e7-73df-46a4-85fc-2fd5b2483a37,WH-EAST,shipped,2026-03-01T20:33:08,2026-03-03T09:45:46
3a97ad75-6968-42d0-8be6-3a76bd3618b8,b8138734-be83-48ce-884f-a6f37b7e598c,WH-EAST,shipped,2026-04-02T11:56:15,2026-04-03T14:54:43
66cd5e6c-c257-4ed6-aadf-9b1457435f90,69d47978-74a6-409f-8507-3c829dc5c98a,WH-WEST,shipped,2026-07-02T01:51:11,2026-07-03T01:56:03
abcc0120-f74c-4d8a-a5e6-8b4a6add3c68,97fa50be-01b2-4a4f-9c47-0eeb3e21cd18,WH-WEST,shipped,2026-07-09T23:41:30,2026-07-11T15:07:56
67c2bb22-2300-477e-83ea-83f18cc09aa6,78cb0787-1720-471e-a05a-32c04f70132a,WH-WEST,shipped,2026-07-30T13:31:47,2026-07-31T15:30:19
aaf72c7b-0a3e-40d7-a56d-63a443a81d95,71ac8b68-d6ef-432c-ba8e-cfdc4ebb38b6,WH-EAST,shipped,2026-02-25T07:39:10,2026-02-26T07:13:35
ae5aabfe-11ad-45ba-96b7-b8a220ea3e63,b4ef3add-ced2-4795-9146-aef39ad48a81,WH-EAST,shipped,2026-04-15T11:19:08,2026-04-16T19:08:21
94ca9efd-f42f-48d5-9b82-8f7f20f86c94,9f30001e-546c-4445-b1fd-6c8718388ef0,WH-WEST,cancelled,2026-03-04T08:36:56,
5ce93ba8-b51d-4fd3-af37-d3d523c5228b,475a8ad6-d8aa-4a17-8047-dfbdb3a25822,WH-EAST,cancelled,2026-07-10T03:42:37,
c8f618c8-3835-41bd-aedf-252e1e6041b3,ac032b7a-4f23-450e-a4d1-f030ac384f68,WH-WEST,shipped,2026-05-21T12:58:00,2026-05-22T07:52:28
cac5a14a-e9fc-4abd-956e-a34188c3daf6,d464285a-9f24-4852-b084-eef52e281cc2,WH-EAST,shipped,2026-02-27T10:51:25,2026-02-28T19:11:07
d0feed84-2b4b-4d21-9733-e458cee619fa,c57a63d8-6a8a-4d78-82e3-eb7e426c34b8,WH-WEST,packed,2026-06-04T07:36:55,
c4234eab-6a5c-4ffe-80b4-bed5f29c0695,ff975f45-0642-4955-b4e3-591efb9ec864,WH-WEST,shipped,2026-06-09T13:59:47,2026-06-10T14:28:22
5fa67f1b-44e1-4b30-bd3c-cc7102185829,5b6dcc44-3266-4809-9242-b528f04cd566,WH-WEST,shipped,2026-07-09T09:58:29,2026-07-10T21:17:51
29cd6cf5-7f15-42d5-8d2c-55e146c79209,c69dbb95-6574-4632-91a9-87ebcdca6894,WH-EAST,packed,2026-07-02T16:53:42,
30a9b244-131a-4fc0-94c3-c5a533c4240f,abb786fa-90b0-4ac2-8ccc-29f2b67381ef,WH-EAST,shipped,2026-02-20T22:16:37,2026-02-22T03:16:36
c6390485-3776-4ccf-b826-4e48006473bf,f41c0386-5952-43b8-ad5c-3a317d992a0b,WH-EAST,cancelled,2026-03-03T08:09:25,
0cdbe6db-7e0e-4c83-a859-7538e9a34744,63b34c6c-5627-45ca-9755-20ec5b186896,WH-EAST,shipped,2026-04-19T23:16:20,2026-04-20T22:53:14
754ac1eb-448a-4e81-b8df-727c54bd76d8,ec8caff4-aa6c-4804-b81a-de9ca4ec5b80,WH-WEST,shipped,2026-05-10T14:29:42,2026-05-11T18:14:34
eb5b53b5-ef8f-447b-a957-02f3052a28c1,58da401e-9e8c-42c3-b22c-5e4e80d05671,WH-EAST,cancelled,2026-05-18T06:45:58,
342fd21e-c522-40d6-8a95-1b12cff2e156,03267644-c31b-4e7b-b6bb-000350caec96,WH-WEST,shipped,2026-05-25T20:00:08,2026-05-27T19:48:27
3dd6b9f5-c1fa-488b-b8f0-9f96b7b7e305,e48f9f64-adb3-4286-9ade-f4dd8f2abd7c,WH-EAST,shipped,2026-04-08T12:13:14,2026-04-09T04:44:51
6b2dd66c-b81c-4ae7-815f-1bd085eb8e99,0f61e28e-7a75-4a43-9adb-42c84c77d741,WH-WEST,shipped,2026-04-07T02:10:10,2026-04-08T08:57:57
2cbe28c2-f3e5-4f1b-bc28-2ce3b8b66b7c,c4bf1fca-d874-4ab0-ab5e-9c6e819f7d25,WH-EAST,shipped,2026-06-01T18:58:55,2026-06-02T19:52:08
c0327adf-d914-492a-bcb1-da1fa929fc44,9fcc9915-a7ff-44c1-8d0f-59f1a67ca6cb,WH-EAST,cancelled,2026-08-09T01:37:58,
0116d532-8a01-499e-8087-a1084d3f0387,22f3f369-c0e7-4646-91a7-f308c385d8a7,WH-WEST,packed,2026-05-17T13:02:19,
046517b3-28e6-401b-b930-522b0d536b07,07a77e4d-c633-4662-8ec9-5ca617650869,WH-WEST,shipped,2026-08-06T11:32:22,2026-08-07T17:11:29
1db81448-99c6-4b4f-8dd3-1d193755a21d,80c232ae-96d2-4f09-93ee-582eba557cc9,WH-WEST,shipped,2026-04-29T08:56:18,2026-05-01T03:24:01
69c4d1fa-9f77-489a-8f26-b7795eabc0c2,f6b601ad-1a76-4066-aab2-5d90f10347b3,WH-WEST,shipped,2026-06-19T05:05:58,2026-06-20T15:50:32
5559401a-29ec-4c99-902a-f6c9cfea255c,9d7dea03-72cf-4913-a3ef-6579fe6d7253,WH-EAST,shipped,2026-02-22T12:12:42,2026-02-23T12:26:50
907faace-2f68-46bd-a41d-cdb2a291b249,00f771f2-d1c2-46bf-90f9-4f7c1bcf2090,WH-EAST,shipped,2026-07-14T04:45:00,2026-07-15T09:27:47
7cb6fa02-736c-44a0-b665-5c88a2d77bd0,169e6146-8054-4a64-a17d-b4c46081d30a,WH-EAST,shipped,2026-06-01T02:05:19,2026-06-02T01:22:37
fd4f3fd7-6b4e-4162-b9d2-ff873e0e8c1d,93f44239-0645-40ee-a85f-c626346cf3dd,WH-EAST,picking,2026-03-03T01:59:05,
97715ed7-7765-46ef-8ebb-0d21c205099d,80658fd7-2c3d-4f43-b96a-adadf0fee152,WH-EAST,cancelled,2026-05-15T07:38:00,
197a8d4a-7265-4e86-b966-6e7b00243d82,8ca92c1c-838f-4163-8436-e1706d5d9e49,WH-WEST,shipped,2026-02-22T13:26:30,2026-02-23T13:10:49
9f0cfe29-1872-4554-b56b-43bcd1468ca7,c2bb61fc-dbbe-41b9-9ed5-0964d211fda8,WH-EAST,shipped,2026-07-13T00:41:39,2026-07-14T15:18:37
5409a82b-6d6c-41f0-8cb5-b71437f2e234,0858ca5c-3561-4293-b365-8eb1aaaefd46,WH-EAST,shipped,2026-03-11T12:34:27,2026-03-13T04:25:23
90d8d844-c9b5-41a9-b86f-9ee1d1e14885,d0d9c309-c68c-4433-8b5e-b571b1f70ad3,WH-EAST,shipped,2026-05-18T01:11:59,2026-05-19T09:30:59
977eaf7a-59b1-44fb-b689-eaa556a67f57,c4e03e5e-a541-49b2-9909-4c279c76c16f,WH-WEST,shipped,2026-05-11T13:44:14,2026-05-12T15:10:53
97299265-6f50-4d09-907c-0faadf79fe7c,eb933685-b3ec-4129-a0a0-d1de0e39ccda,WH-WEST,shipped,2026-03-16T21:56:04,2026-03-18T23:25:26
e910eb03-78c3-4e89-9656-59a7da487be9,29a6dfe8-7391-48a2-9074-9bbadba1c225,WH-EAST,shipped,2026-05-22T22:45:04,2026-05-24T05:23:37
3b748a93-51d1-4793-abcf-962a17db5c59,79a74e0b-856b-48bc-9c50-17c460cb9650,WH-WEST,packed,2026-02-26T00:11:26,
7bda6a8f-1355-48fb-b9dd-4a555662ddb0,5c135492-9767-445e-93c9-4310edc46ee8,WH-EAST,shipped,2026-05-13T23:31:23,2026-05-15T13:58:04
098ec6ac-919b-4af0-ad72-8658f836bcd4,598cf036-8365-42cf-b742-93f4ae0bb8cb,WH-WEST,shipped,2026-04-22T23:17:38,2026-04-24T11:41:49
e1050ac0-8b96-4a82-8fec-664f643ec9f3,2b2b234c-91d7-41a7-b6f7-9d27f8021705,WH-EAST,shipped,2026-03-13T09:35:30,2026-03-14T13:42:30
655665e4-6fbd-42b3-9ec1-aeae9d20de2a,fa1a10e8-e7bc-4e4e-9d4f-2c35fecfad9a,WH-WEST,shipped,2026-05-14T15:52:31,2026-05-16T07:02:38
7c9ce2f5-a247-4d73-84be-f440f6191db3,e1523113-2408-47fe-b8f4-cb38467b02ed,WH-WEST,shipped,2026-08-11T01:05:03,2026-08-12T19:33:16
9879233d-83e5-462e-bd0d-80b88a837272,c559b52d-8fb4-4591-92b7-59fe381e6e50,WH-EAST,shipped,2026-04-24T05:02:06,2026-04-25T10:31:56
fc2fb75d-6861-487d-930e-30d94730b305,0e48c2cb-a7ca-46c9-9a57-4534ed34838b,WH-EAST,shipped,2026-03-07T03:34:15,2026-03-08T10:45:42
b284fb53-d03a-433e-a58d-3e7dfe84f0b2,9e18ab06-684d-496c-822b-548d809605d1,WH-WEST,shipped,2026-03-11T21:47:06,2026-03-13T12:55:56
f23b9360-1e7e-43fc-9142-ff6bb8b8856e,d5b53df9-8837-4f8c-b691-5730e6319d0e,WH-EAST,shipped,2026-03-08T16:36:37,2026-03-10T03:41:12
3c2f943a-8d84-4da3-ab08-e53ae46ef01d,8dfe4a7e-d409-4ebf-aa5d-14ef8ec9e8da,WH-EAST,shipped,2026-08-08T22:24:54,2026-08-10T21:54:02
691f4637-0ac6-4af0-a2b5-e0636191d3e6,4cdcbcc1-ac4d-4f3f-a5a9-e3e1b8f2684d,WH-WEST,shipped,2026-04-01T12:09:59,2026-04-02T12:41:42
68bc75f3-5c6d-47f5-806b-2ff4ed70a426,511a6b5c-078d-4cc4-b9fc-e6387e9244f1,WH-EAST,shipped,2026-08-15T00:11:55,2026-08-16T03:14:05
06483b98-44ab-42eb-acd5-032f25f2caef,62826370-cb52-4cba-8b6c-983485390e88,WH-WEST,shipped,2026-07-19T20:49:00,2026-07-21T07:23:00
b01cf3f6-b688-451c-908d-19a0f600a567,77fbefc4-134f-47ef-b6b7-6ea73afa5d54,WH-WEST,picking,2026-07-11T16:21:19,
d8d2470c-eb96-4ee4-ba7f-fb4758510ca7,4c27d0c1-e69d-472d-a15a-5ff3fb484f39,WH-EAST,shipped,2026-08-08T16:49:59,2026-08-10T06:06:41
04731b7d-b262-4175-b756-c36922a25788,10d63f74-6f8c-46f4-b448-4ae868a0a596,WH-EAST,cancelled,2026-06-20T13:05:52,
3a674e34-aa4c-4547-9dbc-ce7436741ff3,42ce4004-3ea6-4875-8bbe-36d3d69249c1,WH-WEST,packed,2026-07-31T20:31:59,
4cc4c222-e676-4e3f-88e2-74b47bf57801,2beb3529-3cd5-4526-aeb1-3a7b49f82e39,WH-WEST,shipped,2026-07-14T11:51:34,2026-07-16T07:55:34
9d3b205c-8cdb-48f1-a80c-98fdb7835b97,1f615482-9d72-4ed7-814b-e0ee2f5b0f45,WH-EAST,shipped,2026-03-29T07:17:55,2026-03-30T13:35:18
2abb4067-7b78-4201-80bf-f191fa565f32,3a6286c7-62e1-431d-b2ac-abfb67cf0b59,WH-EAST,shipped,2026-07-29T20:48:49,2026-07-30T23:35:55
e4fdcdfb-7ea5-4a7c-91fc-d44cf6196b81,8b94c4b7-6cca-4321-bf97-d1b058dabcc4,WH-EAST,shipped,2026-04-07T05:18:04,2026-04-08T09:10:25
dfd5a856-7596-49cf-ab4f-5963113269a5,a9c0dbe6-195e-4b5c-b353-d2f8cea32154,WH-WEST,packed,2026-08-06T22:11:48,
0acada42-1ad9-4a02-9a4f-d9b43d3e9e4e,a41b4c9d-928d-4c1c-93cb-8adad95988b4,WH-WEST,shipped,2026-03-18T09:56:52,2026-03-19T09:05:40
a0b6fdeb-12f2-4cf6-8bfa-ac4cdecc506c,7a3eb917-d344-44e0-9da4-995e90d0b878,WH-WEST,shipped,2026-07-05T09:18:16,2026-07-06T18:14:30
179a8014-4b7d-49e9-b5cf-59a0bcc5f93e,cc38dea8-23b9-4159-ba36-b05297fdbcf5,WH-EAST,shipped,2026-05-12T22:55:11,2026-05-14T07:34:18
9ff54836-8bbd-4fdc-9349-22fd6dbe24fe,8e81e7a3-caf4-4738-923b-526e2d4ccbcf,WH-WEST,shipped,2026-06-08T05:46:35,2026-06-09T08:43:52
755a2da0-025a-4afb-a71c-49d0b32449cb,f299adf0-9635-4ad7-8abd-2c20642e4045,WH-WEST,shipped,2026-05-06T01:26:54,2026-05-07T09:52:31
e62dda94-e6ef-4dd3-8ecf-2d162f2a803d,8f5e6f2f-15f5-4766-be37-a390c1a0a6ed,WH-EAST,shipped,2026-08-04T08:58:16,2026-08-05T17:47:25
8d160199-3742-4eb7-884a-0f0e21d3e4bb,623f0fc2-f1a3-43d3-9530-ad11900e78c5,WH-EAST,shipped,2026-05-13T12:54:04,2026-05-14T15:15:50
d8d2ece0-3bc4-4ae6-92db-8d9b733ec93a,c2c09c99-6c65-4ed7-98de-5eb6b7b0c629,WH-EAST,shipped,2026-04-29T01:54:32,2026-04-30T02:59:31
f2771387-2bb0-4f53-af82-67ff958abfdb,067a719d-ddaa-4e45-b535-1f6606abb521,WH-WEST,shipped,2026-07-06T23:43:21,2026-07-08T08:00:21
fc9ae35a-0861-45d0-a55e-2f626dc561ea,f1b01b3f-35ee-4cb3-b16c-e1ac2270e4e9,WH-WEST,picking,2026-03-09T14:18:49,
c97bd2d5-8b98-4b5e-adf4-c86fa03a9ac9,e34200cb-464e-4a30-8075-e2705b919f52,WH-EAST,cancelled,2026-03-05T11:09:09,
56b9d736-6002-4904-a4aa-d16270e91c1a,7d2f7fc8-28a5-423d-aa04-1feabd721464,WH-WEST,shipped,2026-03-03T00:12:01,2026-03-03T23:04:17
547dfbca-3725-45da-a301-09c3ca1bb755,14b9de07-e85d-41a8-af17-7bc91649dea2,WH-EAST,shipped,2026-07-10T13:36:57,2026-07-12T05:35:26
c3386f7d-169a-4756-9207-c2276fed0dab,75928a6c-c3d1-4a85-937c-11c489c9c921,WH-EAST,shipped,2026-07-02T10:43:19,2026-07-03T15:08:12
552fc56a-b08d-42fe-9697-423a33935e6e,096aa2ec-2fd3-4ab0-af1c-01e1ce0125e7,WH-WEST,shipped,2026-04-11T12:35:08,2026-04-13T00:33:13
d18c0152-a27e-4ebc-812a-53983f5cc38c,0fd1c945-1394-4215-ab20-cd620f757202,WH-EAST,shipped,2026-07-10T11:06:28,2026-07-12T00:07:32
86bba77e-a196-4deb-be2c-9136be72f304,7dcf8c42-26cf-4088-bc85-377dcaf22f13,WH-WEST,cancelled,2026-02-26T23:08:22,
d8a22c8b-df11-4a42-a5e3-a805db789bf8,6e8a55d7-3cd0-4a85-9534-790f889f76ea,WH-EAST,packed,2026-07-29T05:14:19,
08036136-01f1-4579-9303-1529e38fee7a,92fe3f3d-f0b0-4cd1-88e9-611b8a70ff70,WH-WEST,cancelled,2026-07-06T07:34:02,
6dc3adb7-fcf0-446f-913e-2f3311ae365a,46dc5764-fd47-41ba-ba12-0591fec95da9,WH-EAST,shipped,2026-07-05T06:02:21,2026-07-06T19:25:47
d079e711-91e3-4f1d-a10e-fb87657e9c5c,669e5c74-1577-48da-9815-bdb6cf822b26,WH-EAST,packed,2026-05-28T01:35:20,
a05df974-db0d-45de-90ac-e5c622c301df,ce852f53-dee0-4a82-baec-e5532d3f91d4,WH-EAST,picking,2026-02-22T01:06:38,
32613a7a-c6b7-45d2-ac6d-8187f77d6dce,719a9d92-ed1f-4578-a7c1-a57c7863f908,WH-WEST,shipped,2026-03-10T17:20:26,2026-03-11T13:38:03
d357742d-30bd-4c8e-ae65-20d5eb059e23,e47524a1-2f79-48f1-8777-3de2d88f921c,WH-EAST,shipped,2026-02-17T00:50:10,2026-02-18T06:43:03
947e6609-362a-4100-ae12-62323558490e,7460f697-1dd6-41d4-8be7-8c13157090ce,WH-WEST,cancelled,2026-03-21T14:08:49,
cc3b3605-b179-4c33-9f29-f9fade2ce7c1,2e01b80f-3f11-4c87-b897-fda00e7f02fd,WH-WEST,cancelled,2026-04-08T17:39:00,
fdfe02ce-f4cd-4a2e-830a-1df7a71d497f,7bda6d1a-f057-4258-bba6-cb8c70dc2c39,WH-EAST,shipped,2026-02-25T18:14:30,2026-02-27T12:58:41
10f88f28-844c-49d0-bf0a-7d4fbf437c23,cf972f4c-b0bc-4f7b-a618-abfaa1f576be,WH-WEST,shipped,2026-03-16T06:16:40,2026-03-17T08:03:20
1efa1f15-8cee-474f-b63a-6dfd79bdb264,a93c2669-9c6a-44d9-85ba-3f669fc56a86,WH-EAST,packed,2026-04-07T05:51:40,
141677d4-519f-4097-9b42-b01a22b2caa9,cd022971-7184-4c49-9a53-894e99ab8243,WH-EAST,shipped,2026-04-06T07:09:31,2026-04-07T02:53:57
7e3f5d53-faa5-4617-b1eb-6792248e2b54,a8f24487-213f-45a8-8bc5-0b6921ee33a2,WH-WEST,picking,2026-02-19T14:52:33,
e1510d79-1279-4046-b02d-a5e22bb3aa82,6982453b-eea2-4503-93bd-52cffb9c734c,WH-WEST,shipped,2026-04-13T21:49:14,2026-04-15T13:30:50
06f406d6-5b22-47b9-9bc6-41a699e485a6,38a82fb9-3c8c-4ff4-9e0b-274eeb1f530f,WH-EAST,packed,2026-05-13T23:43:21,
4d06b2a8-70e4-498e-b31e-602732a811f5,6d469572-4a94-4377-b1d5-c69c82f89cca,WH-WEST,shipped,2026-06-18T18:30:31,2026-06-19T20:53:09
14c34d2a-615d-43f8-ad3e-a12be17654d7,a0c930d4-2cda-483a-b0ea-c0e2fe6c52e5,WH-WEST,shipped,2026-03-04T21:47:30,2026-03-06T21:12:53
47e2f589-b8dd-4a5c-9275-d58bb7eeacea,12d98fd6-40b2-4719-a477-3f1474a7638d,WH-WEST,cancelled,2026-05-27T09:52:40,
f1640ddc-7946-471c-8fb0-6acf997676fe,1cf47add-67e3-404b-b25a-33ceeceaec8b,WH-EAST,shipped,2026-07-13T06:00:44,2026-07-14T21:41:34
aa216c0f-99ad-46c8-89c8-59e6b50d6109,9f479218-b1e8-4555-8ea9-15e5625e85dd,WH-EAST,shipped,2026-04-09T00:09:31,2026-04-10T16:47:55
7197b2f7-2a6c-4985-ab05-7d19be28b969,63597562-ff17-4061-b4e4-c98e09674dc9,WH-WEST,shipped,2026-03-06T10:31:15,2026-03-07T19:34:02
a4110fc5-4836-46cd-8a3a-b1f01ccfa159,4c6f812a-9e6c-4051-bb58-de0c8d48b36d,WH-WEST,shipped,2026-06-19T13:52:03,2026-06-21T06:04:56
5338fc47-0830-4460-bfc7-27c2668039cb,38c4b00a-d279-4183-88e0-55f70899a71b,WH-EAST,shipped,2026-03-08T01:58:52,2026-03-09T07:32:18
ac77e1ad-30a9-4e8f-bd09-5ffcd7dda0e7,903bc6ab-9847-4caa-8e97-90d0976eecc2,WH-EAST,cancelled,2026-06-14T13:18:16,
868d4bfd-0f8f-485e-987b-ba9a7ccacc56,e0369ad1-b4de-42e6-a92c-0fa687b07974,WH-EAST,shipped,2026-04-01T19:57:15,2026-04-03T00:04:35
73f73008-2c3c-4498-95f8-834b19f1f1a7,5050c77f-07c4-401d-bbb5-92b89d5ceb34,WH-EAST,shipped,2026-07-22T17:16:22,2026-07-24T09:29:06
f477a8e9-f3ee-4890-bad6-be44ba7921b1,31d0db05-c20f-411b-b7a8-4e9d2d61f930,WH-WEST,shipped,2026-04-12T03:15:42,2026-04-13T16:51:56
7c4d6fca-abef-4dbb-8b6d-14909cdfaa02,8cd00b1e-a4bc-4d3f-beea-787da58dbb88,WH-WEST,cancelled,2026-04-19T13:33:00,
2c566f04-fca4-48ca-ad03-5455a8555ef8,e5316120-a579-43be-b2d1-a1d90cfa6d06,WH-EAST,shipped,2026-06-07T07:09:58,2026-06-08T08:42:39
e0be67c8-1e82-4aed-a7c5-51eaabd0e16a,187bb5eb-e113-4884-b755-9c434ffce8ab,WH-WEST,packed,2026-03-15T01:40:05,
3a5d1c5e-9c0a-457e-a42e-0e938d7edc7f,8d41557f-4454-449a-886b-2f0ec1be9680,WH-EAST,packed,2026-05-08T05:15:04,
8314f936-b890-4214-8286-4f83effcae13,02ceb63e-d2a0-4eaa-94e5-475afd20aa29,WH-EAST,shipped,2026-05-15T20:05:14,2026-05-17T09:40:59
10d6991b-1910-41a2-975c-9b565ad588d3,1d8384a7-24f6-44e8-ae01-2f1560de8918,WH-WEST,shipped,2026-05-08T03:51:58,2026-05-08T23:20:50
07248fe5-f6a7-42a1-b11e-8799252f23b4,048d6f6d-ff89-4dde-b6c3-b8c4ceef3b87,WH-WEST,shipped,2026-06-03T04:51:47,2026-06-04T16:52:34
de8d076d-e7a0-48be-a684-bd05df10e19d,c144a978-aee9-4c13-8d33-1461582cf573,WH-EAST,cancelled,2026-06-02T06:27:27,
3cf3d242-4555-4263-aa29-56642cf3b2b7,f19fe4f5-af76-4118-90cb-6b1dc963d231,WH-EAST,shipped,2026-05-04T15:48:08,2026-05-06T01:24:49
56ff699e-b8ed-4c7f-9011-d2feff9126b8,51e4de45-ba6f-46b3-9ee8-8e3d4c56a478,WH-WEST,picking,2026-08-06T21:58:08,
12d5e781-04d4-4024-8f39-a3d5387514b4,24c8bebb-d0e7-4c13-97c7-b22b3b06779c,WH-EAST,shipped,2026-06-02T00:10:50,2026-06-03T16:56:44
035906e3-5b92-4b77-a345-72c1459147c5,d8f40a8c-b041-40b7-83b8-8c5982a6261c,WH-WEST,shipped,2026-06-20T11:59:57,2026-06-21T22:00:26
c14b2a33-fd62-4a4b-bef3-632a0bbdeb34,cda4c6a8-9fef-44b4-b6c4-f3fb8dcec15d,WH-WEST,shipped,2026-05-16T04:01:04,2026-05-17T20:30:52
5bac392f-247c-46f3-83ac-ac3718834de5,9915c523-e847-4642-99ae-8d21d912b4c9,WH-EAST,shipped,2026-08-11T05:17:25,2026-08-12T11:34:37
2f4d8061-458e-4c16-9db1-5c3a5ff8d64e,7ec0a894-3a66-400f-8054-79ece312d520,WH-WEST,packed,2026-08-13T08:03:03,
57633f3f-1b10-4e1a-b7ce-78b07159d0d9,12fc46bd-0e34-471b-a11f-e0ecadf71fd5,WH-WEST,shipped,2026-02-20T06:10:23,2026-02-21T20:29:28
479a85b3-19b1-4471-95f1-7b3ea4fa7c02,db93585d-bb3f-437c-a74c-7b275b4bdf58,WH-WEST,packed,2026-06-23T23:36:24,
3fd59b06-bd57-415d-b99e-0b521f9b8b58,bd2fbf5e-fe19-4b24-aa11-bfb3db4c4841,WH-EAST,shipped,2026-02-26T02:13:53,2026-02-27T10:59:02
60b07840-284f-46fd-9801-ae7c86bd3003,b68a9b74-c293-40be-9fa0-f97f4b2e4075,WH-EAST,shipped,2026-06-03T01:40:26,2026-06-03T22:36:46
8c880353-9f06-4d4d-a518-7982fe185430,5d2f0819-690a-440a-a17a-b362dfba8b5c,WH-EAST,shipped,2026-07-03T09:28:13,2026-07-04T20:44:39
a613e9bb-3510-4427-8264-d4b9d140f6de,f3dd4e24-d3b2-48b9-ace9-cfdcd0379884,WH-WEST,shipped,2026-08-09T00:53:33,2026-08-10T15:44:30
5e9eefd1-588a-4bbb-baba-686f261f5d0e,76032c4d-5b0c-418e-b23f-a5f3553e7c60,WH-WEST,shipped,2026-04-11T09:45:26,2026-04-12T04:36:13
46924b9a-00c4-4604-b639-3813cb99e956,1c30efa3-8720-49da-955b-6622c37438fa,WH-EAST,cancelled,2026-05-27T14:21:55,
c0221378-3def-4c79-a3ab-361c1cde2675,8a2b45fd-c09e-4e6f-a89d-f80284072c4e,WH-EAST,shipped,2026-03-13T08:02:13,2026-03-14T14:32:38
8243da33-d069-433d-a57d-587d38b30426,af26272d-d7e7-4b14-bb0a-3e86dc6fc2fd,WH-WEST,shipped,2026-02-17T16:59:13,2026-02-19T00:45:20
3085979e-69cf-420f-b69b-5893f2324dbe,f9c5c835-4a98-47c0-8bb5-719f77436bc9,WH-EAST,cancelled,2026-07-06T23:15:46,
c76fab0e-6bdc-4dde-8673-516e9f9b7f49,8da6809e-f357-44e9-99f8-570dc6dfdfbb,WH-EAST,shipped,2026-06-28T04:05:09,2026-06-29T20:26:47
9865da41-b1da-401f-aca6-6b52f3439904,2fd3d01f-825a-4129-87b6-b1f916ed7176,WH-EAST,shipped,2026-06-07T10:22:11,2026-06-08T18:19:37
1320c1b8-a4c5-4aab-a8f0-17434faa9fd7,0070167a-89d9-4c8a-bd82-56468671d135,WH-WEST,shipped,2026-04-12T16:24:53,2026-04-14T05:15:39
8d431efe-d7c3-4164-b609-f9cec44ac47c,90fe9d55-3a62-4e3c-b9e5-fa7c6ca62305,WH-EAST,shipped,2026-07-14T15:43:36,2026-07-15T18:10:38
b577a720-2c8a-46b4-a105-fe92087788f4,c239366f-2f12-47c8-be98-83258ae7555e,WH-WEST,shipped,2026-04-16T18:39:20,2026-04-17T20:05:38
735d6547-29af-47fc-b2dc-ad3ae7dcc829,ee223367-93d9-4246-a839-b90a11cb955c,WH-EAST,shipped,2026-04-04T10:36:43,2026-04-05T14:00:18
48ef27f3-3944-4985-b0fd-d572a570e2db,f6a23028-16bd-4ae3-99f2-e35d8e087f4d,WH-EAST,shipped,2026-07-04T20:01:17,2026-07-06T08:23:34
9e284b04-37be-4dfe-8cda-6c572d3a2ce8,7adc6c35-419e-4962-a6bd-0d25bf258982,WH-WEST,shipped,2026-05-29T17:29:38,2026-05-30T19:57:48
59d4b792-d828-4b56-81d7-3e550d3de190,a4424dea-5fee-465b-93a4-9cb2817e1f5d,WH-EAST,shipped,2026-04-29T19:10:09,2026-04-30T22:01:41
90e2e571-bbf4-4a93-9181-96dd935cdac8,2519bf98-cd79-4cc1-9606-506d46045c2b,WH-WEST,shipped,2026-03-16T06:18:23,2026-03-18T06:07:14
92303610-8485-45c1-a12d-f4cf0c803feb,f17b832d-fa05-45bc-b7f8-f6c76beccefb,WH-EAST,shipped,2026-05-09T23:35:40,2026-05-11T15:10:01
14b72347-31ff-47ea-9b23-ade1a71639ff,a541ad93-67d5-42c4-b806-3bb109d27d48,WH-EAST,shipped,2026-03-23T20:36:11,2026-03-25T03:58:57
81639527-ae71-4c5c-99c3-c1049d794f11,22be12aa-e6df-4f51-9735-031470529c61,WH-EAST,shipped,2026-03-20T07:52:03,2026-03-21T11:05:29
d32ec35c-8d77-449d-8e47-ff349b350078,0c1858c3-5ceb-4f6d-b981-311741ca9ed5,WH-EAST,shipped,2026-04-06T07:23:05,2026-04-08T01:52:31
778f1cc2-c057-4cfc-a2d8-c7b8ad8153b6,85c47c55-a7c6-4127-a4d4-0c48ed0d3e82,WH-EAST,cancelled,2026-02-25T17:30:32,
c0934598-d2a3-4d4c-abc1-73165b4e7373,a341a4c6-0cb2-4028-8856-2fed657ee2b8,WH-WEST,shipped,2026-07-17T04:49:33,2026-07-18T16:17:54
783a8fb4-f617-419b-93a3-7e243b3c1afe,d7cbbe47-abda-4e75-a787-fe7447802686,WH-WEST,shipped,2026-04-05T01:20:31,2026-04-06T11:38:15
85b75468-0bd1-4c48-8152-43cc3cfa26f4,d45d0d92-d717-4d9e-80af-5abc582cae97,WH-WEST,shipped,2026-05-23T23:49:33,2026-05-25T10:08:06
9ce2133b-5624-4497-b67b-58e90849ee9e,2219ff42-6b9f-4957-90b4-d639dbe004ff,WH-WEST,picking,2026-04-05T17:53:17,
1649e696-217f-4ffa-bc0f-cc025b3da683,635ae531-4762-4d80-b75b-a0b46dbd73be,WH-EAST,shipped,2026-03-13T00:49:36,2026-03-14T14:09:26
fef26c32-f839-4ebe-8180-fa574e93e329,2bca818c-1b5d-423b-b541-1edb064d3b61,WH-WEST,shipped,2026-03-13T20:23:01,2026-03-15T03:27:49
f28f0e3e-b670-426c-b0cd-27fa797a73c3,ffc97ac4-d47e-4f77-9eaa-6f62703a5197,WH-EAST,shipped,2026-06-05T20:26:33,2026-06-06T12:13:56
192e6774-d6d2-404f-ab57-c56b527dfd76,fa444501-947c-4cb3-9c6f-30f7ce997515,WH-WEST,cancelled,2026-03-28T13:23:54,
61b8042f-12d4-4eb7-91c3-c27d400eeb1c,511fe5f1-0cf5-4526-b667-7688e165292e,WH-WEST,shipped,2026-04-07T16:53:35,2026-04-09T01:59:30
0ed65828-59ef-4312-9ff0-d8cd37ea0d66,8c68ff6e-275f-4db0-9b1b-efdd0b19f6d5,WH-EAST,shipped,2026-03-02T23:35:32,2026-03-04T04:25:32
67bc3290-61a5-4a12-87f6-5e229abac0df,3b58b6bc-f994-4dce-ba3d-1a02cc6019ef,WH-WEST,shipped,2026-02-26T01:52:59,2026-02-27T10:21:32
e33d60cd-b7ee-4573-a8b9-9d3cda13032f,f29b41d5-6f17-4304-b0a4-bad544f2a771,WH-EAST,shipped,2026-03-19T21:40:05,2026-03-21T09:37:48
e9401068-c62b-4d89-b694-127ea7b23cf3,7f4520ac-c074-471c-86e0-de2db9dbecd4,WH-EAST,shipped,2026-03-11T13:04:05,2026-03-12T17:01:47
73777356-6a97-4a3f-8e33-1443f2ff2457,0c5b4cc9-002e-4f0b-832e-e211529a0273,WH-WEST,shipped,2026-06-30T12:51:59,2026-07-01T08:52:07
22d3ba04-9981-4526-82d5-3e22f13ff28c,d4e5516c-0273-4725-bb0a-91947112e12b,WH-EAST,packed,2026-05-22T04:43:10,
ae0d5f04-ba75-47b2-bc86-0d79aee7ca12,ab4b757e-e7a2-4bf4-87f9-784e7872a8e3,WH-WEST,shipped,2026-06-21T18:55:56,2026-06-23T05:51:49
b7b8e9ac-c2df-4211-bb7f-2eb68937cff8,b5a27489-6cf6-4a30-b671-e0aab725c04e,WH-WEST,shipped,2026-07-14T15:07:04,2026-07-16T12:32:52
7b130de3-3a6f-41e8-ad0e-ca940987311a,3998f953-04fb-4866-bdeb-a44f7c293e06,WH-EAST,shipped,2026-07-19T04:58:26,2026-07-20T23:45:04
c7ef24f0-b431-4722-9d18-2951f5651309,ce99ecb8-a883-4816-9a66-435aa072f2f8,WH-EAST,shipped,2026-04-05T06:14:32,2026-04-06T15:34:16
fc43b0b1-6eda-4677-b60d-bef3e6b8bac5,d6c130b7-b6a9-457a-b6e3-5ab0c165d0a9,WH-WEST,shipped,2026-07-19T15:20:01,2026-07-20T12:53:08
e91f6cf5-ddb9-480b-a49c-1d0428cc6e23,afda4288-304d-4828-acdb-80d4f560bb27,WH-WEST,shipped,2026-05-12T02:13:54,2026-05-13T07:16:03
09925e1c-f609-49a5-a80e-fcbd2074b0f2,7602e90c-6ebe-4c70-81e6-6290637dd557,WH-EAST,shipped,2026-03-22T06:00:59,2026-03-23T23:26:33
c217bbe8-8229-498b-a0a7-0c747001f265,e4678531-6bba-4b08-97cc-ed88add10492,WH-EAST,shipped,2026-07-13T01:12:22,2026-07-14T21:13:51
99c02cbc-a01e-460c-a965-393a0c3054bd,59a509e1-46c4-41a9-aed8-47e5bf14ae89,WH-WEST,shipped,2026-07-05T07:39:44,2026-07-06T15:23:27
73150190-d15d-47d5-afc0-fc5628be5439,606fbedf-f840-4729-a0fa-afa9c4707986,WH-EAST,shipped,2026-02-18T07:31:44,2026-02-20T00:07:09
6b27e2fa-b8f6-45fb-bd9a-592ff3d34157,dcff6de2-05fa-4bc4-afd2-a3e47bc96aaa,WH-WEST,shipped,2026-06-12T20:54:02,2026-06-13T21:41:33
d6fbb587-6561-46d0-8638-146815330df8,638232fb-36cf-4fab-bf38-fd4ecdd0f183,WH-WEST,shipped,2026-04-26T10:16:54,2026-04-27T21:24:31
c412df19-d1de-4481-b771-4695e30eeed1,57d75ad9-ee23-4847-9aaa-4e6fa3850623,WH-EAST,shipped,2026-03-27T22:06:35,2026-03-28T18:27:26
6e56d4b3-eaa3-4c7d-8050-4593ce52c850,e347ec1d-7f68-4a9e-91fa-25704568b78b,WH-EAST,shipped,2026-03-16T03:13:09,2026-03-17T05:25:09
4a70efdb-926e-45d9-b7de-f1d3b204c2c0,51c8e52d-a43d-449d-b927-deef8853935d,WH-EAST,cancelled,2026-04-22T02:37:54,
7c069cb9-1369-4536-94cb-3c5aacf8695a,2b36f8e1-6afa-4adf-9e1b-2ad6d66a9552,WH-WEST,picking,2026-07-27T23:35:25,
0c22fef8-2caa-4cb5-9373-97bcb266a5d1,322150bc-1b4b-46a4-9bd0-707c1a3e256b,WH-WEST,packed,2026-03-14T14:53:27,
c987ecd3-2945-4042-b754-8fd919bf86e0,eb1ddce5-5bb5-41cb-a429-96d3460e45fc,WH-EAST,picking,2026-03-13T10:00:34,
05b1c32f-86f0-41c8-bbc4-692384e444bf,8d7381af-4947-4e3e-8ac6-43c868390c46,WH-EAST,shipped,2026-03-25T16:32:15,2026-03-27T01:16:25
e26d76f1-12fe-4b82-9d3d-e32a94112803,207fb05f-11d9-4ed8-b9b5-01c1acda8a5a,WH-EAST,packed,2026-03-30T09:52:00,
2c52e56e-cd53-4b5d-b164-380d2ba96787,29cc28f9-d1b3-4987-a42f-5caa478745c6,WH-WEST,shipped,2026-06-11T04:01:08,2026-06-12T08:22:31
40bbec51-1d7a-4981-8343-2eb4842a234b,5da6d562-c745-4e75-aeb1-328f97c95271,WH-EAST,shipped,2026-02-20T20:43:01,2026-02-22T14:03:34
861c065c-743d-4812-be2a-db02252f309f,51c3b093-c793-4fe6-9856-95ea3050953a,WH-WEST,shipped,2026-02-25T15:30:43,2026-02-26T18:56:34
8ef248e1-e274-496f-9488-4747c40a8f93,0b9dfc8d-dca5-4503-abb7-3721dae9e2b9,WH-WEST,shipped,2026-04-04T22:18:18,2026-04-05T21:50:55
4329f839-0711-477f-a643-86805b05712d,61b9bb20-e3d1-4ffc-91b8-752c1132bca5,WH-WEST,shipped,2026-04-05T08:50:51,2026-04-06T08:09:52
464da864-697c-4fd7-b7d7-26ae5f54b776,67771298-9c43-4f27-9eb7-0821c4e6319a,WH-WEST,packed,2026-08-14T05:10:58,
81747e79-e1dc-4d8d-859e-6b6a280fbc02,a4885651-89d0-4fce-be41-914c6a984a0c,WH-WEST,shipped,2026-05-12T11:53:12,2026-05-13T20:04:40
4b813f65-7b2f-4dcc-b7f9-f5754cb2b7da,3dc449cf-3450-4c68-a886-9c21a41831fc,WH-WEST,shipped,2026-07-10T05:37:22,2026-07-11T12:50:11
eb9152eb-0a68-454d-a9d7-d5a26cef1c08,563eda74-21cb-4c18-8540-3bad33c13a8e,WH-WEST,shipped,2026-04-02T04:17:29,2026-04-03T00:28:05
3cc66c1e-4a1a-4fe4-b44d-2aa6bd559131,754de991-f08e-4c2e-ab8c-b4799701e228,WH-WEST,cancelled,2026-08-01T14:38:57,
0eb81db2-fbe0-44dc-8deb-7abaa41c0db1,11234e0b-1283-4d0a-8a19-f13b8802b460,WH-WEST,picking,2026-03-09T08:24:02,
fb271c22-bb5e-4d4d-869f-b88d8cc5cd92,d5a6b890-1834-4f4d-9784-bcc216d04978,WH-WEST,cancelled,2026-04-27T04:07:19,
9a9e58a4-f12b-4b3c-8863-a3f29e5cc05e,08aaa4b1-8ef4-4e8d-8f08-b9128dd269b3,WH-EAST,picking,2026-05-08T16:49:45,
bf69c9c3-28b5-4dde-9734-ce9835873c08,bd5a8e5b-a701-485f-87e7-01f9ed4f669e,WH-WEST,shipped,2026-04-30T09:51:38,2026-05-01T20:15:48
3caf2a4e-dede-4602-b378-4cf4d971031f,43b564c5-1735-4e4c-bb18-b5a4834f99cf,WH-WEST,shipped,2026-04-01T16:02:50,2026-04-02T20:56:57
a9c28db4-e922-48c3-af61-c76e17b0fce5,942e4be1-17fd-46fa-b554-f38ea4447adb,WH-EAST,shipped,2026-08-09T10:24:49,2026-08-11T02:51:23
e787b8d0-9b67-4171-84f5-851ac677f3c5,d6f568e5-f94b-42e6-a94f-4b550be76db6,WH-EAST,packed,2026-06-20T15:13:30,
4e954c15-be11-4f28-ae4d-355e19b8712f,33839eaa-89ff-43fb-85cf-a3a7d48c8bc6,WH-WEST,shipped,2026-07-19T16:04:21,2026-07-20T21:15:16
b40c19b6-46a9-4060-a638-8f302accf2f9,853bb768-d554-4db5-9893-b3e0464541f2,WH-WEST,picking,2026-02-21T23:58:06,
ddfbed34-a093-40a5-9dab-9613155628f1,0486bd6e-0223-45e8-8b72-dcda0c462c2b,WH-EAST,shipped,2026-07-18T10:57:59,2026-07-20T00:34:29
44853c28-1d3f-4ab6-a298-a9b5d700a6cd,4d974546-91ca-4526-8c18-2245159ce8b4,WH-WEST,packed,2026-08-16T11:30:03,
0f8ea11a-7334-4ceb-9f7e-6090231c9152,671967f1-6539-45ae-9c14-f8dd3707ba05,WH-WEST,shipped,2026-05-28T07:49:56,2026-05-29T20:03:41
ef955787-0539-4ff0-a64b-28cd0b98771b,6470f4cb-1b03-4dd9-ad46-a3716c20fd8c,WH-WEST,shipped,2026-04-22T07:22:19,2026-04-23T11:25:02
6918b3cf-cbd8-46aa-8120-81329eccc848,debf14ea-c1aa-44d4-89c2-c24fb8204bed,WH-WEST,cancelled,2026-06-12T17:32:56,
515dce16-efeb-4b5a-8173-615aa7009f4a,11e12029-3d01-4244-89a5-186d87cee1ad,WH-WEST,shipped,2026-07-15T22:03:37,2026-07-17T06:42:45
532cd911-2cf4-4ad0-8ddc-e9c2b756b8ae,ad2c587b-93fb-4f47-9e15-9847bcc633e3,WH-WEST,shipped,2026-05-24T13:42:16,2026-05-25T20:26:29
0fcf1d6d-42c5-4379-91eb-99d2a77fea02,7d46132f-2b05-47f1-912d-959aba4685ca,WH-WEST,packed,2026-05-04T07:34:41,
75d098c0-f692-4371-a0f0-f75b3a1e5807,4da79b72-5228-4e3e-843b-68d1c4a4784b,WH-WEST,shipped,2026-07-01T00:41:39,2026-07-02T10:36:39
a688d6bc-529c-4669-ae15-84785bd2f8ab,e469fc98-1f1f-42f4-a0c4-c6c74318f4f3,WH-EAST,packed,2026-05-31T15:38:40,
60721638-22ea-4b28-ac12-9f3760fa0c1c,42920e51-240c-4a8e-8dba-6c38f8d22aee,WH-EAST,picking,2026-04-12T10:10:40,
2b8fad17-9a45-4298-a04b-45e5e31334d6,c511644e-a03f-48d1-beae-4ca909fee59e,WH-EAST,shipped,2026-07-14T23:49:40,2026-07-16T06:58:21
4d2b773b-708a-4043-a61f-e330eb298966,d21e4e06-d005-4429-a747-f68748bb0200,WH-WEST,picking,2026-04-02T20:51:08,
1d95faba-51ff-4431-9c5d-6fcbcdf1c20f,07da5825-95f9-4e45-b944-9c25c53c5583,WH-WEST,shipped,2026-04-08T03:39:43,2026-04-09T13:07:21
73c8c86a-0438-4f5e-a785-b1b348f15cbb,5562c740-99d4-4163-a994-440f5789fd24,WH-EAST,shipped,2026-02-21T04:33:46,2026-02-21T22:14:48
cd99e9c2-a7ed-43ae-b8a4-30c43823c38b,18860ecf-735e-4fda-a6b3-9edb255f2946,WH-WEST,shipped,2026-07-12T02:13:14,2026-07-13T14:03:59
59e00f23-dd4e-4d35-83fc-85d6ca66e07c,a0a9aca5-a2b2-4314-b074-3d4ab437d3f9,WH-WEST,shipped,2026-06-15T18:00:31,2026-06-17T04:38:06
eae7a7f9-b013-4897-9a53-fe45c074ee8a,aa80f285-11da-470d-ad1f-d4e452c2150d,WH-WEST,cancelled,2026-07-15T13:26:20,
05f24c96-296f-4df5-b1da-779957c6e46e,97a749d2-7850-441e-99be-05d74b5c6955,WH-EAST,shipped,2026-04-02T21:08:45,2026-04-03T21:40:45
cf81ce40-b412-4049-952e-f17c0eeb4703,53e23de6-bb01-427e-b87e-44759e631c37,WH-EAST,shipped,2026-03-28T19:43:30,2026-03-30T00:14:34
18a10089-7c9e-4b4c-a380-55cd2441b0a4,e9ef0d52-776d-4f5f-b861-79146f7daece,WH-EAST,shipped,2026-06-29T12:08:48,2026-06-30T16:56:52
ee0a9862-fe54-46e2-9e56-145a6f3b9085,d1977379-6e50-4112-a480-85c9b06b55dc,WH-WEST,cancelled,2026-03-24T21:05:49,
7ec17614-2714-43f1-b1cd-344ada5fd342,174cce56-731a-4a45-9a09-ad8f00ff6689,WH-EAST,shipped,2026-04-29T12:19:27,2026-04-30T16:49:35
d70fe01a-0b1d-4ef7-bb6b-a2a78c28ff5a,c5145d70-a44c-42f6-8c57-84ff07b390a0,WH-EAST,cancelled,2026-08-08T22:56:09,
01afb8a1-1a71-46b0-98ac-33ef3e7df420,6e5d0114-701d-4b00-b1e4-07d2b00826bf,WH-EAST,picking,2026-06-13T12:17:54,
913f20e2-06c7-4ac4-99bd-40307f9df77e,dd48ff52-5cb0-48b8-b7eb-771120e5c22e,WH-EAST,shipped,2026-07-16T21:24:15,2026-07-17T21:29:44
7f974ec4-74ca-4d33-9e31-d4afed0fca96,758f51cb-b19f-4bc8-a599-e5902012b635,WH-WEST,shipped,2026-06-10T00:26:26,2026-06-11T21:29:50
4714e434-04e9-4cd9-bd1b-d262f1bc75be,077dfc5e-0bb2-47c8-a515-68336ee54c26,WH-WEST,picking,2026-03-20T00:04:24,
98041701-f9da-4d08-85a4-b2c2acf1d4f3,680120b7-8603-4f6b-a7de-384be760769e,WH-EAST,shipped,2026-03-31T20:12:37,2026-04-02T09:07:49
4442529d-856b-486b-b70a-740b89353ba5,29f46b45-2b5b-4890-8ac9-0d9e242095a4,WH-WEST,packed,2026-07-25T04:12:55,
778ca772-2728-4061-88a1-885c9de0767b,0e1b7071-6f6c-44fb-8f7a-6e73da639393,WH-EAST,shipped,2026-03-14T13:16:06,2026-03-15T23:40:16
d25f4713-8296-4099-ae7d-2395c9602629,5e9d244f-ae40-44b9-a66a-7ef654bf9196,WH-EAST,packed,2026-03-21T13:01:55,
7288d02b-95b8-4c2c-8631-c6f0859a8f57,87d2d805-ea81-4a0a-a8c3-d7901ee5743d,WH-WEST,shipped,2026-04-21T07:48:40,2026-04-22T08:29:44
15d149b9-3f8e-442b-84e2-0c82cdae9b4d,9204eef5-a92b-4c47-9d34-3cbbf1842398,WH-WEST,shipped,2026-05-05T20:26:01,2026-05-07T19:21:22
9eccda76-a3eb-4574-825c-561ae1948434,1bce7dd2-ee69-4f9d-b2eb-38927ccff6a8,WH-WEST,shipped,2026-02-19T19:36:01,2026-02-21T09:43:13
d08d4960-79c2-4f66-8d3e-b2ff3d6b8305,1d38cb36-4a5d-4019-8bd7-8af6fdf6ec58,WH-WEST,picking,2026-08-02T07:20:04,
07df0051-1c1f-48f7-881b-c7009b79ae29,b37b879c-b3b8-41b5-9f1b-13de6bcf1a82,WH-WEST,shipped,2026-08-09T07:01:16,2026-08-11T01:00:02
7bbe0193-9b44-4458-839f-88450fdcdbd9,627b38c7-aeed-49ac-b4c0-0c7def23ae62,WH-EAST,picking,2026-03-28T01:04:20,
4111ef87-b19d-4d53-99f8-dab33848fc47,96c00355-cf89-4b6b-b421-01326a6c3ae5,WH-EAST,shipped,2026-06-26T14:04:01,2026-06-28T01:35:53
02d3ce3f-6d4e-4217-98a2-e9e648d5c6ab,cf995d47-0373-4c76-98ec-df2f62e7643c,WH-EAST,shipped,2026-05-23T16:48:34,2026-05-24T18:03:40
5f2b5375-afa1-4338-84a4-04fe1e005617,1f91b07b-e349-4e3a-aa24-c8e8b94970d6,WH-WEST,shipped,2026-07-15T06:49:11,2026-07-16T08:51:55
cbd3bb44-2252-4d7a-9aa9-d6c7270a377b,a8d70b24-db60-494c-b793-5fa4c1064acc,WH-WEST,shipped,2026-06-04T11:53:22,2026-06-06T06:18:02
62a0d460-0415-4498-b8d3-040ad54dd4ab,9ac05cc6-169b-4b69-9f49-991a4773ca6f,WH-EAST,shipped,2026-03-19T16:31:13,2026-03-21T04:10:57
672be145-beec-4279-929a-c3083b7fc156,50d1d686-2262-48cd-98f0-31f6430ffbc5,WH-WEST,shipped,2026-04-13T21:01:10,2026-04-15T18:31:35
e595a724-02aa-415d-a569-9795dc4e1d5e,dba99e5b-db40-4d92-80c5-25c6a9782915,WH-EAST,shipped,2026-02-24T23:03:57,2026-02-26T03:43:08
e11a0fec-46fb-45e3-95b1-9121684b2533,6956e0f4-3bfb-4109-b121-3f362f5604dc,WH-EAST,shipped,2026-08-12T23:59:20,2026-08-14T01:03:23
4e678b98-be72-4e94-ab78-023c0ae25d09,15804970-6eaa-4f79-aba0-c26028c78f11,WH-EAST,shipped,2026-05-31T23:49:26,2026-06-03T00:48:23
c210ee9b-cfc9-48d5-801a-9527752619ae,8fdf5696-a3f0-4ba6-a2a0-79ad511f9900,WH-EAST,shipped,2026-03-02T17:53:03,2026-03-04T03:30:18
3cefe978-ed99-4369-bfda-04d8b28075b2,94ace6a1-cbd2-4a5c-ab52-2e47e1e16efe,WH-WEST,picking,2026-07-07T21:42:10,
66e23496-9d15-48be-9ac0-4c7001cd052b,6cca5067-15de-48c2-ac97-6d9c62d2969f,WH-EAST,shipped,2026-06-22T09:26:50,2026-06-23T10:04:02
b78eeb68-a8de-4ef2-bdd4-7a30b3ad2774,136a7345-bbb6-49e1-8a87-b8778f2b493e,WH-EAST,shipped,2026-05-17T05:10:12,2026-05-18T08:53:52
0e0381f9-ab37-4a50-98ab-8f24ceff1ef3,b6a19b4c-534b-4704-b4f9-37e6ce42ac4c,WH-EAST,shipped,2026-04-24T15:02:44,2026-04-26T03:03:55
9c820e13-8bb9-40ca-871c-ee60f6626c5f,3e64a3ec-f911-4f6e-87b3-1239057d67ba,WH-EAST,shipped,2026-06-17T15:43:24,2026-06-18T14:18:39
5764c18d-96ca-448e-9ec5-8dd19d519ff8,27571885-ec10-4b63-9ef6-019a3b9a15d1,WH-EAST,shipped,2026-05-22T03:03:14,2026-05-23T02:25:32
252b9266-8db9-4d93-9a2f-195946224f57,7c989325-1b3d-45b5-9ad8-c1f1433447ed,WH-WEST,shipped,2026-03-31T13:27:45,2026-04-01T19:42:13
68e14e00-d171-40d9-aee4-64beeae251ce,3ec86309-feba-4e1b-ad1f-87725ece8a0d,WH-WEST,shipped,2026-03-22T23:39:04,2026-03-24T14:53:57
530041f7-4197-4099-a67d-0590859e26f8,cda0d31d-573b-43a2-8dc3-7a131dff2343,WH-EAST,picking,2026-03-28T00:59:29,
c43c2747-227d-4bbf-99b8-e89a9db4e8bb,2fdede09-005e-4e94-9d24-743050673091,WH-WEST,shipped,2026-02-19T16:00:42,2026-02-20T20:13:45
c4d77358-d2b8-45df-a769-e7a580b2f3b2,86037b75-b2c0-459e-abd0-be5726599bc2,WH-WEST,cancelled,2026-07-31T21:36:39,
caa49ed1-3aae-49b2-a50b-85298a644281,f108e134-604b-41d4-ab96-117dcb3ee07c,WH-WEST,shipped,2026-06-15T23:20:39,2026-06-17T00:59:44
36f7548a-66ac-488a-bb9d-c46e48fa425b,d47526e6-51ea-4339-9249-b66542faacc1,WH-WEST,shipped,2026-08-10T22:21:08,2026-08-11T20:18:07
654ef05d-e0cd-4fca-8adf-d793ba826657,4f08ac35-c0cc-48b2-a31b-47f1c721c957,WH-EAST,cancelled,2026-06-22T14:47:37,
539bb449-c31b-4fb1-afee-51b0b50cadec,6e1ad76b-7283-4c87-ac18-ed95d26eb3c9,WH-EAST,shipped,2026-05-26T23:59:14,2026-05-28T18:30:17
d2faff39-9a7f-4c1a-88b2-c74ce807437d,ae23f2a4-7d54-48f1-a950-1ae14e72a175,WH-WEST,shipped,2026-03-26T11:29:17,2026-03-28T03:44:17
383abdcc-1071-40c3-8676-3c63b98958b2,6098ea5f-46dc-4d20-9743-535f86eed2bf,WH-EAST,shipped,2026-08-01T22:43:55,2026-08-03T10:17:07
85f52544-ac7f-4b38-813e-becae17314fa,858d1698-fa52-4cdf-903d-2f156ced2832,WH-WEST,shipped,2026-06-11T09:09:17,2026-06-12T20:52:43
9de95b43-e538-4519-b770-801e5b361c0c,5f264045-45c5-4532-aebb-1b6eb997500f,WH-WEST,shipped,2026-05-01T08:38:05,2026-05-02T17:16:11
33ba7d54-1e6b-4c6d-841c-68aa2a63799f,790edfbf-2ec5-4861-96be-07d8d5898aba,WH-WEST,shipped,2026-02-25T18:33:11,2026-02-27T15:48:18
f4c13fc1-b3eb-4b8b-8652-c607ce86bd4d,12b03779-5564-4672-bc05-ea16b3c139df,WH-WEST,shipped,2026-07-28T02:44:56,2026-07-29T18:54:32
be0eecd5-e2a1-4a9b-95ae-17a9a2db5ffb,055f2707-2727-4c7d-8d48-3951394a835d,WH-WEST,shipped,2026-03-23T04:40:38,2026-03-23T22:06:42
ade3a8cc-7233-49a9-97ff-34b858a9e143,8c3e7afd-12b6-4427-afd1-80f301ce6362,WH-EAST,shipped,2026-08-02T08:19:12,2026-08-03T09:51:21
d2cec749-2f35-49b0-b14a-2fb086fe3d81,21fc58e9-9674-4c1b-bb56-a7ba435e3afe,WH-EAST,shipped,2026-08-15T07:32:12,2026-08-16T11:05:32
f3bf66b5-62cc-470c-ac41-eda4393125c3,a42d0b85-b47c-497e-b5b5-e568f846f52e,WH-EAST,picking,2026-04-21T21:49:05,
524ed8bc-28ca-4683-9089-d88d683a0ed7,e67a2e1b-e9dc-4621-8b15-fef5c065a5ef,WH-WEST,shipped,2026-05-13T11:19:53,2026-05-14T02:31:50
164e7442-439b-43e4-b7fe-9c7efbe8b58c,423164cc-0632-4a11-8b24-3a5f1fdc04da,WH-EAST,shipped,2026-02-25T11:49:56,2026-02-26T05:50:08
7279fd0d-ffe9-4aa2-a047-ebdc36f556a2,c879e41e-4fee-40fb-96dc-96ff51b49004,WH-EAST,packed,2026-07-15T12:12:43,
c40ee747-cce6-4412-8474-3242766f59d7,54b78d30-2800-4968-a560-ec8096401277,WH-WEST,shipped,2026-07-18T12:42:17,2026-07-19T22:18:46
ee4d863c-8cd0-4d07-9f35-4c9a4b54a3b7,3a08a221-6907-4df7-8436-135d3351a025,WH-WEST,shipped,2026-04-17T11:39:12,2026-04-18T12:04:43
8aa964c1-2101-4702-8e1e-6b152d64a65c,0e5a30d1-7310-4c9f-b738-9a1784d1c680,WH-WEST,shipped,2026-04-23T10:03:51,2026-04-24T12:38:20
c5e04b52-440e-4865-8045-a896d54bd68d,0cea8c17-4403-410e-a0e7-6fc61a0bfb05,WH-EAST,shipped,2026-05-09T21:23:26,2026-05-11T14:00:19
3861cef5-fe7c-40d9-8c68-f53f76d7f88d,fe05dd37-55ed-4ad7-a396-2cea4d9e3d34,WH-EAST,picking,2026-04-05T19:02:57,
2727d3a2-f320-4825-9081-88fee7e28fe1,f384b88d-3200-41ff-ab91-9ba1304d6c62,WH-WEST,cancelled,2026-05-20T17:37:54,
42b53f9f-e14e-451f-bff2-bacd0d9aecfa,7232559d-d246-4cd5-905a-1f310ae6754b,WH-EAST,shipped,2026-03-15T20:50:19,2026-03-17T18:35:08
f6bf9b85-306f-49b4-a411-dab9c323eebe,81f25385-cefb-4d60-aa59-8ce2837620ca,WH-EAST,picking,2026-06-11T21:03:33,
3d91f26c-3dd3-49ce-86a0-ec3a1c6db220,dea73aef-b915-4ef4-b6bd-f3f862016447,WH-WEST,shipped,2026-06-06T09:57:21,2026-06-07T11:47:43
3a6e83f1-1e88-401f-917c-b23cd0b187d7,d0c969f0-efa9-482a-9c67-7c1999a051b1,WH-WEST,shipped,2026-04-07T12:56:18,2026-04-08T10:05:31
a5d7547a-5f2f-4e4b-9397-18a7409bf784,b9c567fe-1638-430d-b7b4-148421ba2da4,WH-WEST,shipped,2026-04-01T20:32:49,2026-04-03T03:09:16
35651999-32f9-4026-898b-59c4f16a1fa2,94a148ff-b6cf-4d5b-a303-6def9eb56ebc,WH-WEST,cancelled,2026-05-08T21:25:27,
79bea76c-24bd-4e69-a707-4238dd13a76d,74c91638-bc8e-4bb8-a0df-74b8ec17ab3f,WH-EAST,packed,2026-06-01T19:01:51,
a9109673-a70c-4ab2-8cfc-a66cf4f01aee,bccf365f-8dc9-4581-bb27-52870a6d270c,WH-EAST,shipped,2026-07-22T09:10:00,2026-07-23T20:23:11
adf8b01b-8cf3-4483-afe5-58380b22ce8f,82770870-6e22-4c09-85a2-cef788ead908,WH-WEST,cancelled,2026-05-01T12:23:22,
503656c4-6beb-40d6-a7e3-79ac44000a43,14bc5ece-108a-4887-94f5-9d6c481d9c4a,WH-WEST,shipped,2026-05-30T18:02:18,2026-05-31T15:41:52
95eea7b1-717a-4429-bd23-0ac6af230507,0a0ab9af-503b-4f47-a11f-8cc46f1839b4,WH-WEST,shipped,2026-07-05T19:22:50,2026-07-06T20:57:35
6b2aee7e-95bc-4580-9ac7-3bc55d99b8ab,b1675349-4004-4de4-8eb6-32f65635e6d2,WH-EAST,packed,2026-02-22T09:05:22,
c5fc71e6-d7ad-4429-bace-dcbe73bbbcd6,fc707f82-7fdd-4ca1-b6ec-8ae0a0454dc2,WH-WEST,shipped,2026-05-20T11:24:19,2026-05-21T13:09:05
8672c217-b8d6-4b37-8059-62f05a163279,48203751-2399-4d8f-98ab-15982a636244,WH-EAST,shipped,2026-07-12T16:37:09,2026-07-14T18:56:41
afa0bcdb-73a9-4c1e-899a-a1e9d7c2cdbd,db684d16-e410-4625-9625-631d96c9c58d,WH-WEST,picking,2026-08-02T20:04:12,
c82afe93-23f5-47bc-9bac-50db1021da0c,be93624f-f891-425e-8013-fa0dbe8dace6,WH-EAST,packed,2026-03-15T20:05:02,
da44d3a9-f1c3-43a1-bb0b-d7d8b9508281,86e6e632-857a-4340-a61e-a6f0c6805d5d,WH-WEST,shipped,2026-08-12T18:44:55,2026-08-13T15:23:37
1962a590-b8ff-4f10-bc49-f239fd8a2642,f381ff2c-89ca-4ded-b80d-e72d9065a9d7,WH-EAST,shipped,2026-04-09T16:42:49,2026-04-11T08:32:24
11dfa9f6-d238-4d1f-976f-da704c6b8ab0,f3335d03-e495-44c1-be1e-8cf82ab03b81,WH-EAST,packed,2026-05-26T07:30:15,
c5d41468-90fe-4e18-8da8-840f296aa180,060aa6ff-3324-4f18-ba9c-380a4a23d5d0,WH-EAST,picking,2026-06-20T04:24:07,
63fefcf7-1651-4613-8a18-0041ef0dd62c,d4f49cb8-135a-449b-9974-78ab8634b3d3,WH-WEST,shipped,2026-02-22T16:30:38,2026-02-24T14:53:12
2fb1233f-4e75-4a1b-bf4d-29b0a086da31,775437b1-d549-41bd-bfa4-83e9a472d52d,WH-WEST,shipped,2026-05-17T22:04:24,2026-05-19T11:08:02
37d86460-cce7-4fc4-9f42-58767283e6ba,45efd694-89c6-4b54-a116-4f30ce3419e6,WH-EAST,shipped,2026-03-10T00:01:36,2026-03-10T18:39:00
95aede71-8dab-464d-9046-6c38676aa33d,edcd9b38-b341-4138-93ec-826ed7d84bde,WH-EAST,shipped,2026-03-01T12:14:54,2026-03-02T06:48:14
785cc867-091c-4088-9f7a-6217689f8493,85d295c5-6fef-4c94-b47f-43620a1022b1,WH-EAST,shipped,2026-07-08T19:49:13,2026-07-10T06:32:52
248542bc-7a8b-4029-ac2d-cce56ac4c5d2,cb4755b2-19a3-43d4-a783-ff2104eeefb6,WH-EAST,shipped,2026-04-24T00:39:37,2026-04-25T04:49:24
e7c95052-b452-4b6c-9dab-e8e7250ff59d,036dfe4f-93eb-4e6d-8f67-0cdfaf3a043f,WH-EAST,shipped,2026-02-20T08:28:37,2026-02-22T00:29:26
794471f7-aa90-4a0f-971d-d916df7ba608,badc4c27-1c4f-4674-bdaa-b2bce42f32fd,WH-EAST,packed,2026-04-20T11:27:19,
60208eae-37f4-409a-8f86-f939c7257799,d031d2c4-0188-4c5e-9aa3-78cfabbb5f2e,WH-WEST,cancelled,2026-03-06T15:31:49,
d4829e24-7741-4415-a4bf-9c67238527b7,0f98207c-bbb5-4fe7-8808-a7d8dc66a583,WH-EAST,shipped,2026-08-08T14:28:55,2026-08-10T00:43:03
e031bfb4-ef2d-4ab0-8a60-f67b0a7d3b09,9ad28bc4-c3f6-4063-9281-879d7062b21e,WH-EAST,shipped,2026-07-17T22:17:08,2026-07-19T07:16:59
718b6db3-fa7b-4a04-a528-b3aed48280a8,4f5c6dcf-bb41-4820-b798-260d3b39e94b,WH-EAST,shipped,2026-07-11T23:15:44,2026-07-13T13:47:36
81c26e77-9b41-429e-a17b-0e2d83de0ba2,7e7440aa-96bf-40b2-9d88-db3febb80ce5,WH-EAST,shipped,2026-06-27T21:08:03,2026-06-29T04:28:27
a87233c9-0258-4119-8198-51e295d2b6eb,2979126e-fe61-487f-be0f-51d346cfc954,WH-EAST,cancelled,2026-07-12T13:08:52,
bc637c61-c1ce-4940-881c-9bcc75b632ca,0126f30f-f68a-4dc6-8bed-56fdde5b943a,WH-EAST,shipped,2026-05-16T02:02:18,2026-05-17T05:36:17
329b8dc8-cc23-47a3-91d3-f260b30d0177,35998918-883e-43b5-9369-eb57c8f8b69a,WH-EAST,shipped,2026-05-17T22:35:56,2026-05-19T05:50:27
280a8be0-774c-4ada-bdbf-8b689a492a44,40cdf154-76d1-4b1a-bb4a-0d4c68bc1add,WH-WEST,packed,2026-04-26T11:03:23,
ed3f077e-0021-4f6b-84cc-da65320e13d5,738d985e-83b1-4cf9-b010-bd263f9ed9c7,WH-WEST,shipped,2026-08-15T23:04:24,2026-08-16T19:32:12
04b0bc75-80f0-4d60-8a79-0b0e6f685e99,e751ce34-1ff3-432d-b292-d0bfeaeff03b,WH-EAST,picking,2026-05-10T03:36:48,
085eab04-eb0d-4e5b-8d7f-c37fe7c4dd3b,660206f7-b792-481a-859f-f56495ce17e5,WH-EAST,shipped,2026-05-02T04:03:31,2026-05-03T01:29:08
b3d0bb59-b291-4f6b-a3e9-03e668b6eb2a,74888b68-e776-4f00-8355-16bb5d30a964,WH-WEST,shipped,2026-04-03T03:33:10,2026-04-04T02:15:57
5db4021d-787e-4cc3-9b0d-95f0867777be,dd402de5-dd01-4c95-a9a6-ca4f65ece88b,WH-EAST,shipped,2026-08-14T18:40:20,2026-08-16T13:01:04
bc409f9e-5cb8-4981-87ce-a29eb0262516,2d59f7b6-927c-4004-9de2-495badcfb082,WH-EAST,shipped,2026-05-08T20:15:40,2026-05-09T23:43:15
9d1a1606-b1b2-4867-92fb-1cb1ee3ac05a,14a6fa06-c781-4669-83c4-6991ed5d7c25,WH-WEST,shipped,2026-08-07T07:53:02,2026-08-09T02:54:10
742a564a-4e75-4992-b1e7-242413ea1bea,bcf32f46-3b0c-471d-8a30-872f5e7725fd,WH-EAST,shipped,2026-05-28T03:59:21,2026-05-29T20:24:13
38830e2b-75f6-4491-9cb5-f1ef9e39971a,ea990970-6cbe-476b-9ce8-2f00874b9d6f,WH-EAST,cancelled,2026-07-23T12:43:11,
480b1fe5-dae4-4136-a658-079e2e40cbd8,25e9158d-321b-4241-9197-7912db79750d,WH-WEST,shipped,2026-04-01T05:16:15,2026-04-02T01:58:57
5570d907-9c68-40ad-b180-fdc1fe6ee649,b21d4b15-6387-4fde-8237-3b3992fa2c59,WH-WEST,picking,2026-07-02T15:30:53,
eff6ffa6-1934-4648-b168-e7568f6b4902,b1cdb79b-fcbb-4471-921d-7dad2e3ff8e1,WH-EAST,shipped,2026-07-09T00:42:58,2026-07-10T01:03:06
01bc363b-11af-46c9-9374-dfbe4d0d7758,81286eac-b6d2-4ce2-905a-1004b0e5c7a3,WH-EAST,shipped,2026-04-07T19:50:58,2026-04-09T12:44:38
c88e4090-bbbd-41bc-9135-deb757419033,75b3fb9b-8729-4c1a-9370-124e83ba7570,WH-EAST,shipped,2026-04-01T19:25:49,2026-04-02T22:02:56
10886803-2705-4a2d-90c9-f6635d84c1a5,52000ed8-b0eb-4e2f-a09e-35ae002af898,WH-WEST,shipped,2026-04-06T10:03:53,2026-04-08T01:54:14
584ef261-8977-4c14-8574-0a61020c4ca7,df153bb2-fbba-48b4-81c2-4b6e071e9984,WH-WEST,packed,2026-05-30T11:03:08,
838f9a7c-d9e6-4675-9df3-5d6af5100fe5,6c570515-45b5-4739-9652-58cb5edab474,WH-WEST,shipped,2026-04-14T20:45:15,2026-04-16T05:01:53
167b9c56-9442-4050-9148-29bcd586c7d7,deb8d72c-f8e7-4882-9aae-bb819e981a7d,WH-WEST,shipped,2026-06-20T16:49:30,2026-06-21T19:15:53
0d0d9a88-40bf-44b9-a3df-080a2704af59,62b50ee7-3964-4752-8226-2d6511224c88,WH-WEST,shipped,2026-02-18T23:45:10,2026-02-19T18:47:03
39efa2bc-8bb5-42e7-b7be-9dd3807e5c56,a92f350d-ba86-437c-8bdd-a0f12077daf1,WH-EAST,packed,2026-08-04T05:05:22,
f319bf27-61d2-4bbd-961d-ea71d38a3461,26e29980-da29-4d5d-bf49-5f5ace4800ea,WH-WEST,shipped,2026-04-13T21:41:30,2026-04-15T06:40:45
654fe481-9c7b-40fd-a89d-fd35986e393f,3796752e-8bdc-464c-ad1e-ede308d15bc2,WH-EAST,packed,2026-05-25T09:24:08,
40b59c2f-0741-4a1f-a13f-3fbe7c1acc09,e93054a7-dbbd-49fc-8e6d-f950e78df4ca,WH-EAST,shipped,2026-08-01T11:32:39,2026-08-02T17:19:43
9243edcc-3065-4486-a6cb-b51d5d00ee87,26c340dd-c203-43b7-bcba-86578a418037,WH-WEST,picking,2026-03-14T11:24:30,
1dccdbfa-38b0-4051-97c1-9dcd3c18f8fe,08a90f41-0175-4d79-855b-9ab1b0738847,WH-WEST,shipped,2026-05-11T04:46:29,2026-05-12T13:38:41
efab38ba-9d3d-4cb2-894d-904af1eee470,87db9d23-204e-4208-8965-5d6cf9508843,WH-EAST,shipped,2026-07-25T11:34:16,2026-07-26T15:11:33
a839d605-dfdc-4d33-a4c6-69b3136d93b0,7d059853-49cc-415e-8c19-42343f6a22b1,WH-WEST,cancelled,2026-04-27T22:27:12,
47f7e737-c5b4-4e5b-8bdd-19533ae760eb,f1046886-db37-47d5-a018-e4d45566e9e9,WH-EAST,shipped,2026-04-15T22:10:15,2026-04-17T10:42:23
16e47de7-bbcc-499c-8b97-3d4ee2987b22,25d36682-893a-40b4-b118-ea290d1142fa,WH-EAST,packed,2026-02-20T04:45:04,
91078aef-a05d-4a09-9e7a-8baedb160ff3,ff63eea6-af71-4cd8-a009-d6a6993800c1,WH-WEST,shipped,2026-06-26T04:02:35,2026-06-27T07:12:17
58e4dac4-5b9a-4b54-b6db-4cb0578f0afb,29ee6c57-4265-42bd-81a1-bf273cb8da2f,WH-WEST,shipped,2026-05-06T00:57:44,2026-05-07T03:46:25
36a1c9f3-7ee9-45b7-bd6d-c69d9d359f76,b72cbcc0-c3b0-4d1e-825e-605e4a2e696e,WH-EAST,shipped,2026-05-20T19:28:22,2026-05-22T09:14:26
2f4b631c-88d7-4541-81d3-cf9f4f3d8507,e5bb6096-71fa-4032-a95a-1457ed10bad5,WH-EAST,packed,2026-04-16T20:22:57,
0be7f1db-6df3-4b74-ab8e-6dabd5fbb64c,14670361-a7b3-4c78-ad78-0a8331b7d72e,WH-WEST,shipped,2026-07-20T20:29:24,2026-07-22T01:27:05
534efe01-ae5f-4de8-a90d-e9a76de8e232,5d770424-be34-47e1-8da6-0e0e70b5adf8,WH-EAST,shipped,2026-05-12T21:10:45,2026-05-14T22:26:51
7ac33bc1-1bf2-46e3-9d10-2307bc87d969,a4efb3da-96d5-489f-903e-3317fa804897,WH-WEST,shipped,2026-06-25T04:31:55,2026-06-26T13:14:39
0f955f4d-6237-4dca-bdbf-104abda5a265,da646324-162a-41f9-9341-a4726c310b45,WH-EAST,shipped,2026-07-01T23:11:44,2026-07-03T02:41:43
eab3c652-48d4-4c68-be86-097e1eaba66a,0b328781-f171-4bc0-81c1-7f80ac82282b,WH-EAST,picking,2026-07-17T12:16:45,
1789eb68-78f3-4bdc-b366-4c51706f7e2d,cf65109b-54f6-45cc-bdc2-d0150f57d326,WH-EAST,shipped,2026-06-17T15:48:15,2026-06-19T08:15:57
87e3e5af-eb38-4009-9815-0bfd2352c625,ae1531d4-c02e-4db7-a6ed-a0a151ad4818,WH-WEST,shipped,2026-06-06T14:25:35,2026-06-07T11:57:02
144997f7-1bbb-4a4c-9ab8-bd850b58195f,71021a79-71f6-4e22-8e68-ee86b007e04f,WH-EAST,shipped,2026-06-21T16:58:22,2026-06-23T05:06:11
f8bc66b1-07dd-4d8c-bce5-19e7383a4cf4,38657a6a-e79e-48bf-ba8f-2a013e848a17,WH-EAST,cancelled,2026-04-13T06:39:16,
87d23667-f2fa-4fa3-8a90-a6d997d1b760,e007877c-46ac-4105-b001-36d888cf7a3c,WH-WEST,shipped,2026-06-05T18:04:34,2026-06-06T08:24:31
29f8e136-5f32-470c-88ef-ae53123ddc55,57949e49-19d6-4de6-a9fe-8a93c1c22b4d,WH-EAST,shipped,2026-06-19T22:27:37,2026-06-21T08:15:36
8744cdf7-3d7c-4b25-b4b5-fc8de774047c,022b86f0-f76f-4681-b28d-becdfd46f084,WH-EAST,cancelled,2026-07-02T05:33:52,
4aaad0c5-2abb-4ecc-8944-e995286e88db,416a9ffb-85c5-408e-aba0-728c2bb20346,WH-EAST,shipped,2026-03-20T12:11:45,2026-03-22T06:43:09
1178e089-114b-4de8-9224-519fceeb9112,d0af6f43-e827-4e8b-9f0c-da4c29a37d07,WH-EAST,packed,2026-04-28T19:30:07,
a5ade57e-d9ad-45db-882c-ca5f9ed07a71,af9e17ad-dff5-4b74-8410-28d5ec8221a0,WH-WEST,shipped,2026-06-29T20:37:57,2026-07-01T19:15:01
dbd66932-e230-4e0b-bb54-9e34f13ff138,47d53111-4518-4524-8400-1e4c1dbdc6ad,WH-WEST,shipped,2026-06-14T07:42:39,2026-06-15T16:04:35
73bde519-b70e-479c-b6ee-b28034316030,c7021253-d34b-47df-b6cb-0af445f41381,WH-EAST,cancelled,2026-05-15T18:59:20,
d5db0ff6-7058-4689-af42-52d3349c6da0,1b900645-d1eb-402a-9b4b-cf384c2d5150,WH-EAST,shipped,2026-07-07T23:34:01,2026-07-08T20:50:15
5d4aed80-f1cb-4943-95fa-8f4087f4314b,58048e1b-964a-4f80-a765-fb0420fbea38,WH-EAST,shipped,2026-05-11T18:02:32,2026-05-12T19:48:02
7fd95c75-38a7-4b8e-8426-525df017addd,a18271ab-80cf-470c-bea9-5f4e51148ff9,WH-EAST,packed,2026-04-13T01:59:29,
dd83b656-7262-45b8-9015-f4b10ec9baca,f45ef13f-3ea8-451d-86d8-95b59d7108de,WH-EAST,cancelled,2026-06-19T15:24:14,
3456c62e-5452-41f0-8f87-80e835764f52,5183c9e1-6766-4b74-ba79-04366757a1f1,WH-EAST,picking,2026-03-18T14:30:23,
2862aefe-5b9d-407d-ab0d-d35f54f4c633,78480988-1dde-4010-aec2-78c5fc1d8166,WH-EAST,shipped,2026-03-03T03:30:39,2026-03-04T15:58:20
542e75ad-8ae4-4ba3-b3b4-4633b2896eb7,d18393e9-fe4a-4487-8c7a-d52deea7f528,WH-EAST,shipped,2026-08-04T00:29:07,2026-08-04T17:38:39
9b743d61-c1fd-4199-a0aa-8a540a5c25e8,1c8e3665-fd7e-4fd2-b12f-188720f2bdd8,WH-EAST,shipped,2026-06-30T21:44:34,2026-07-02T07:01:12
