id,checkout_id,sku,quantity,unit_price_cents
3e9ac738-2135-40ce-b785-0bb7ef343d2e,c2d9ed19-a5ec-4df6-9fce-7fa8090f0697,BEV-002,1,500
419f5c34-fcfc-49e1-a851-d7a1296d8478,3c11c131-881f-4e3c-bed6-5737f9643212,BEV-004,1,700
c250fbe5-2c32-497b-8f79-0c7b8afb679f,3c11c131-881f-4e3c-bed6-5737f9643212,JAF-004,1,1400
1fbb1a83-093b-473f-8ddf-cbe71806e66f,3c11c131-881f-4e3c-bed6-5737f9643212,BEV-004,1,700
996f6bf1-4c84-4e3e-bce9-384eebafa541,3c11c131-881f-4e3c-bed6-5737f9643212,JAF-001,1,1100
90f596e2-a5bf-4df4-a16b-a991d58f5756,4b859b06-ce1f-4e34-adb5-23f9f84cd4e4,BEV-003,1,600
aff3d6f7-af94-45e8-8bc5-fe6daebe064a,bbc91b60-90c7-4f3e-a804-32ca876bd9ad,JAF-004,2,1400
6f88e050-8756-45b5-b806-8f9ce9e05c1d,16c125ab-cb8b-49ce-b0a4-3114588df68c,BEV-003,1,600
08a8309b-3290-4ce1-a7db-e6fbac0a7332,16c125ab-cb8b-49ce-b0a4-3114588df68c,JAF-005,1,1200
b819dc62-a6f1-47fb-953b-a73790b3704c,16c125ab-cb8b-49ce-b0a4-3114588df68c,JAF-002,1,1100
dabe02e0-8084-4b27-8c84-a718b4fc3615,304ef86c-a9e1-43a5-91f7-f3032bd2ca1f,BEV-004,1,700
4be603f2-795d-4da1-aee6-974992196b0e,304ef86c-a9e1-43a5-91f7-f3032bd2ca1f,BEV-003,2,600
6245d778-5f9b-4e99-975d-af317a8dc70a,304ef86c-a9e1-43a5-91f7-f3032bd2ca1f,BEV-004,1,700
ae24ea03-41ad-48ac-8836-6c8163b06f6c,ea3d6a42-ee9e-4cea-970d-117e38786463,BEV-002,1,500
9ea27e14-7cc9-4b1c-a070-d0af1308d885,ea3d6a42-ee9e-4cea-970d-117e38786463,JAF-001,1,1100
a84a239f-5135-4bbf-9984-657280615cf7,ea3d6a42-ee9e-4cea-970d-117e38786463,JAF-001,1,1100
797f28cf-c749-4da2-adcb-4523064a5cc0,a6ccaa4f-ccfe-4b24-b073-a3d59a755b1d,BEV-003,1,600
c8ea0053-3922-46c9-b945-e0e5168c9543,a7eb73fd-e44e-4cf0-b320-985f6da24df8,BEV-001,2,600
7c36bc4b-653d-47bf-8207-3e17258cca04,a7eb73fd-e44e-4cf0-b320-985f6da24df8,BEV-004,1,700
f444d4b5-1806-4205-9870-7386bb1ed283,a7eb73fd-e44e-4cf0-b320-985f6da24df8,JAF-002,1,1100
437d2dbf-c253-4f64-a972-041c2ba192c1,c46f2285-789e-4d4d-9611-7c23fa0a604c,JAF-003,1,1200
5e5131dd-f303-44ea-a278-6638317b05c1,c46f2285-789e-4d4d-9611-7c23fa0a604c,JAF-003,1,1200
fb031255-91dc-4a45-9d00-1ce7b3043d5f,d2a9859e-eed1-41f8-902b-b5ed6b6d8147,JAF-005,3,1200
529e3f17-b245-468a-a2f4-328713bad5c3,d2a9859e-eed1-41f8-902b-b5ed6b6d8147,JAF-001,1,1100
93388d03-9d39-44ae-8213-5ac295a31049,9ffc3e91-0b72-4e0a-a484-7a0f8b63ee0e,BEV-003,3,600
be0385c2-010d-4d27-9990-e0fe1e85bb65,9ffc3e91-0b72-4e0a-a484-7a0f8b63ee0e,BEV-004,-1,700
e7308134-262b-4e54-9cd3-7628c1c53c13,9ffc3e91-0b72-4e0a-a484-7a0f8b63ee0e,BEV-005,1,400
ebf75732-da21-4f92-a933-8f1f5412ed06,9ffc3e91-0b72-4e0a-a484-7a0f8b63ee0e,BEV-002,1,500
d64bf045-8a39-4ed6-8349-87f189c9bc77,0e5df425-c648-43a8-abde-b7df521ed814,JAF-003,-1,1200
930cb6f1-e516-45f5-bc6a-9d45d3bf837e,0e5df425-c648-43a8-abde-b7df521ed814,BEV-004,3,700
01f0a1b6-d250-4a17-929d-972f33d3545a,0e5df425-c648-43a8-abde-b7df521ed814,BEV-005,1,400
a06006b4-bddc-4c8b-8cd8-ea150a2467c2,0e5df425-c648-43a8-abde-b7df521ed814,BEV-002,-1,500
8c27b98f-e99d-40db-9a51-520e2d886343,e757fc80-0354-4bd7-a6bb-9f7a66cdfca0,BEV-003,1,600
c510228f-68fb-4a81-b93f-84eac8e158ef,e757fc80-0354-4bd7-a6bb-9f7a66cdfca0,JAF-004,1,1400
841d672c-cd7c-427c-9ee1-765d11659613,c7a110d0-d260-4eed-a156-2e4c4e90e9bb,BEV-001,1,600
03312f2a-02a5-46ec-b182-74600721ca8f,c7a110d0-d260-4eed-a156-2e4c4e90e9bb,JAF-001,2,1100
fd22f08a-01c9-4265-b378-00bf39c8663e,c7a110d0-d260-4eed-a156-2e4c4e90e9bb,BEV-002,2,500
eaa493b2-a381-4f4a-a879-4cc84bd205a4,8f8d7c25-f4eb-42f0-9012-61460c190e2d,JAF-005,1,1200
a04b4fdd-dde9-46f2-9d48-22b1448682d8,8f8d7c25-f4eb-42f0-9012-61460c190e2d,JAF-004,1,1400
caf8aac5-e0da-45a2-86c6-22409977bdf0,8f8d7c25-f4eb-42f0-9012-61460c190e2d,BEV-005,1,400
5dfa396d-0891-441c-8ff1-b39d7361b839,c9c307e7-73df-46a4-85fc-2fd5b2483a37,JAF-001,1,1100
15285c23-2a47-45f3-a944-58c292203ae6,b8138734-be83-48ce-884f-a6f37b7e598c,BEV-004,1,700
c8248950-f724-4b89-bec2-79026c7d2ec8,b8138734-be83-48ce-884f-a6f37b7e598c,BEV-005,1,400
84d7628e-d76a-49bf-beb5-d014274f68c2,b8138734-be83-48ce-884f-a6f37b7e598c,BEV-002,1,500
f73531e1-44eb-448d-8cf4-16cf34fe0a68,69d47978-74a6-409f-8507-3c829dc5c98a,JAF-004,1,1400
4c122d6b-eeda-4485-b5ed-9ba477afec55,97fa50be-01b2-4a4f-9c47-0eeb3e21cd18,BEV-003,1,600
986dd94b-dfe3-494e-8b7c-be511cfdecc8,78cb0787-1720-471e-a05a-32c04f70132a,JAF-005,0,1200
c172f0b7-b977-48b6-bafd-6c264c3fab20,78cb0787-1720-471e-a05a-32c04f70132a,JAF-004,3,1400
0754cc46-d935-4f6e-8abd-1a6c3a097a03,71ac8b68-d6ef-432c-ba8e-cfdc4ebb38b6,JAF-003,1,1200
10c73e1c-7c73-4271-b551-104e8cb7dc84,b4ef3add-ced2-4795-9146-aef39ad48a81,JAF-001,1,1100
c2655b1a-58bd-46eb-98ea-5bddec85c014,9f30001e-546c-4445-b1fd-6c8718388ef0,BEV-004,1,700
1677c697-a3a8-44d3-a315-5b7121c586f1,475a8ad6-d8aa-4a17-8047-dfbdb3a25822,JAF-003,1,1200
0565dc27-b8dc-4404-8648-87e156baa6cb,ac032b7a-4f23-450e-a4d1-f030ac384f68,JAF-003,2,1200
bc6e6dda-677e-47c6-a2b5-6063ddf12cae,ac032b7a-4f23-450e-a4d1-f030ac384f68,BEV-001,3,600
88547a9d-48cc-4ba4-9717-b8b70e3f4564,d464285a-9f24-4852-b084-eef52e281cc2,JAF-002,3,1100
481d35c2-df3f-424b-863d-39f3be3fb75b,c57a63d8-6a8a-4d78-82e3-eb7e426c34b8,BEV-003,1,600
abcf4874-219b-4c0e-8850-392fa02bd0a9,c57a63d8-6a8a-4d78-82e3-eb7e426c34b8,JAF-002,1,1100
bf433437-abdb-4bce-8be6-577f9381611e,ff975f45-0642-4955-b4e3-591efb9ec864,BEV-003,0,600
0f5df546-fede-4515-ab42-7d53d3c52ca0,ff975f45-0642-4955-b4e3-591efb9ec864,BEV-002,0,500
7ccdcfa5-624f-4ab8-bd53-bb166653d787,ff975f45-0642-4955-b4e3-591efb9ec864,JAF-005,2,1200
0432a3f7-fcf6-4ef3-b151-4cfeed7cabab,5b6dcc44-3266-4809-9242-b528f04cd566,JAF-004,2,1400
9b0fe072-df50-4216-bd41-0007035a8a01,c69dbb95-6574-4632-91a9-87ebcdca6894,BEV-005,2,400
b87aaecb-72a5-4cb1-9dd5-0d7aa042fbd8,c69dbb95-6574-4632-91a9-87ebcdca6894,BEV-001,3,600
d51eaa69-b256-418b-8b8d-764d7cf97a61,c69dbb95-6574-4632-91a9-87ebcdca6894,JAF-004,1,1400
685209cd-f527-4854-9779-06ecd0247912,abb786fa-90b0-4ac2-8ccc-29f2b67381ef,JAF-005,1,1200
ad435c4f-5288-4140-baf1-1b019dddeb4c,f41c0386-5952-43b8-ad5c-3a317d992a0b,JAF-002,1,1100
346a3ca8-c73f-482c-8042-81ed6b8c96f8,f41c0386-5952-43b8-ad5c-3a317d992a0b,BEV-004,1,700
09a3d6b7-8083-45f3-a4c2-e8f533261960,f41c0386-5952-43b8-ad5c-3a317d992a0b,BEV-003,1,600
be497301-9337-4774-9b41-51b1e2b126ea,63b34c6c-5627-45ca-9755-20ec5b186896,BEV-005,1,400
c5ddc06d-0b96-40ed-a109-75eae54211e8,ec8caff4-aa6c-4804-b81a-de9ca4ec5b80,BEV-002,1,500
9b533d67-78dd-440d-b227-479ac8a6e815,ec8caff4-aa6c-4804-b81a-de9ca4ec5b80,JAF-002,1,1100
747db850-0928-4169-9029-3519fd72bc63,ec8caff4-aa6c-4804-b81a-de9ca4ec5b80,JAF-005,1,1200
0a554acd-2175-4746-8c57-3ab3eee857ee,ec8caff4-aa6c-4804-b81a-de9ca4ec5b80,BEV-003,2,600
be75306a-db10-4197-885e-595e44f6671d,58da401e-9e8c-42c3-b22c-5e4e80d05671,JAF-004,1,1400
4e1dba98-d0fc-421a-9579-11292bcfa93f,03267644-c31b-4e7b-b6bb-000350caec96,JAF-003,2,1200
4c57c4f7-821f-4c98-b17e-3cc26f2a7853,03267644-c31b-4e7b-b6bb-000350caec96,BEV-003,1,600
4d369846-95dd-4bec-b48d-b19f39b52373,e48f9f64-adb3-4286-9ade-f4dd8f2abd7c,JAF-002,2,1100
164f0c77-3964-45a2-a15c-e69ad374540e,e48f9f64-adb3-4286-9ade-f4dd8f2abd7c,JAF-003,2,1200
6c70a77e-1690-4dda-a651-b132c1353824,e48f9f64-adb3-4286-9ade-f4dd8f2abd7c,JAF-004,3,1400
f88a98b7-70ea-47de-9f04-f5d9e29327ee,0f61e28e-7a75-4a43-9adb-42c84c77d741,JAF-005,1,1200
96ca2f98-c626-4988-bbcf-bc62ce51e2b1,0f61e28e-7a75-4a43-9adb-42c84c77d741,JAF-005,1,1200
9f4a1bbc-3b15-4ba2-802d-df78c47834f0,c4bf1fca-d874-4ab0-ab5e-9c6e819f7d25,JAF-001,1,1100
5d78c978-cf44-477c-a362-a83dca13bcb4,9fcc9915-a7ff-44c1-8d0f-59f1a67ca6cb,BEV-001,1,600
3a738ac9-b88a-4614-b146-db9076cc9c2a,9fcc9915-a7ff-44c1-8d0f-59f1a67ca6cb,BEV-005,1,400
c89e9c99-5396-4d89-9152-4151b6aca856,22f3f369-c0e7-4646-91a7-f308c385d8a7,BEV-004,2,700
67f85404-80e8-4a9b-a654-313060c3d220,22f3f369-c0e7-4646-91a7-f308c385d8a7,BEV-002,1,500
fee398a2-e0e3-4aeb-a131-72a5bfd1b907,07a77e4d-c633-4662-8ec9-5ca617650869,JAF-002,1,1100
ca0fa1b6-02ff-4c6d-9abc-f275736c5be4,07a77e4d-c633-4662-8ec9-5ca617650869,JAF-005,1,1200
d892e9a7-3c7d-49cd-98fe-97e5abefad54,80c232ae-96d2-4f09-93ee-582eba557cc9,JAF-004,1,1400
0c22d964-63a3-4d15-8385-47de464b0d7f,80c232ae-96d2-4f09-93ee-582eba557cc9,BEV-004,1,700
a1f1506a-d75c-43a9-8935-6775a97021f8,80c232ae-96d2-4f09-93ee-582eba557cc9,JAF-005,2,1200
41c4d989-af6c-4f93-809a-3bdf739963c1,f6b601ad-1a76-4066-aab2-5d90f10347b3,BEV-005,1,400
1daa3992-75e9-4a6d-9f04-b09c32b8f67d,f6b601ad-1a76-4066-aab2-5d90f10347b3,JAF-003,1,1200
aa79764f-e5cb-49d2-a009-9be6ecb94a8d,f6b601ad-1a76-4066-aab2-5d90f10347b3,BEV-001,1,600
ae62faad-473c-47de-8799-f1e69fa6513b,9d7dea03-72cf-4913-a3ef-6579fe6d7253,JAF-004,2,1400
e458679a-5afa-441f-95a9-d2be833d43aa,00f771f2-d1c2-46bf-90f9-4f7c1bcf2090,JAF-005,1,1200
be2b0315-bc74-4c4e-932f-6dcda3ab8268,169e6146-8054-4a64-a17d-b4c46081d30a,BEV-004,2,700
63273980-6817-402e-ad26-2bf93700da22,93f44239-0645-40ee-a85f-c626346cf3dd,BEV-001,1,600
c8a846ef-d963-4d4c-b0fa-4740daecc2f5,93f44239-0645-40ee-a85f-c626346cf3dd,BEV-004,1,700
e5ef3b6c-660d-4dbe-8072-e4f20badbfe7,80658fd7-2c3d-4f43-b96a-adadf0fee152,BEV-002,2,500
9fa1c07a-0bd0-4ef1-84c4-2ae6a34b4c12,80658fd7-2c3d-4f43-b96a-adadf0fee152,JAF-004,1,1400
8ce87bad-1830-4f6e-9de0-e068e4182caf,80658fd7-2c3d-4f43-b96a-adadf0fee152,JAF-003,1,1200
82fc6791-6c6a-4d4b-a09a-ea4e041fa599,80658fd7-2c3d-4f43-b96a-adadf0fee152,BEV-003,1,600
81695eb9-2c20-4bab-b715-71b87e04e205,8ca92c1c-838f-4163-8436-e1706d5d9e49,BEV-002,1,500
be630431-5f3c-4c38-94f2-1274a1543933,8ca92c1c-838f-4163-8436-e1706d5d9e49,BEV-004,1,700
ef96f034-6cca-497c-9bc0-27e7e7836e4c,c2bb61fc-dbbe-41b9-9ed5-0964d211fda8,BEV-004,2,700
e780fb6e-5171-45d3-b58a-5a4c46d0fd42,0858ca5c-3561-4293-b365-8eb1aaaefd46,JAF-001,1,1100
90fb621c-34f0-45b4-8a62-d8a05e50a9f7,0858ca5c-3561-4293-b365-8eb1aaaefd46,BEV-001,2,600
680f5f89-c8c3-46aa-89d9-cf20c45410ac,0858ca5c-3561-4293-b365-8eb1aaaefd46,JAF-001,2,1100
1ad7054e-ea93-4f0a-9041-01ed3fce9b6d,0858ca5c-3561-4293-b365-8eb1aaaefd46,JAF-002,1,1100
f2aa060f-d43e-47ff-9ece-d25afaebdb33,d0d9c309-c68c-4433-8b5e-b571b1f70ad3,JAF-004,2,1400
f71747d3-9243-4340-a2a9-e96cc00f8266,c4e03e5e-a541-49b2-9909-4c279c76c16f,BEV-004,2,700
2c053fdb-7821-412f-9999-e9fcfe080081,c4e03e5e-a541-49b2-9909-4c279c76c16f,JAF-004,1,1400
1ae01165-b5ad-4306-bbd4-5dfe360b16b1,eb933685-b3ec-4129-a0a0-d1de0e39ccda,BEV-004,1,700
427780d0-5bd0-41e1-a473-e4c581cc9f4d,29a6dfe8-7391-48a2-9074-9bbadba1c225,BEV-005,1,400
fdb8cb9a-b430-4c16-8946-998dab4478de,79a74e0b-856b-48bc-9c50-17c460cb9650,JAF-004,1,1400
bd4cb74e-e574-4368-98e1-20d32fc64068,79a74e0b-856b-48bc-9c50-17c460cb9650,BEV-001,1,600
bacf8c4c-f2cc-4137-b0eb-2f5474c902a9,79a74e0b-856b-48bc-9c50-17c460cb9650,JAF-004,1,1400
b0cc270e-0152-4e4a-b5e4-75a1acb29703,79a74e0b-856b-48bc-9c50-17c460cb9650,JAF-001,1,1100
08738549-63e1-43f8-8d78-f9377dcf2e1a,5c135492-9767-445e-93c9-4310edc46ee8,JAF-004,1,1400
04202006-832c-4ddc-a2c7-a545c8453014,5c135492-9767-445e-93c9-4310edc46ee8,JAF-004,1,1400
d9112912-e59e-41af-8ff7-3fb7c527d1c3,598cf036-8365-42cf-b742-93f4ae0bb8cb,BEV-002,2,500
bba1ed82-1211-4d20-8ee1-3f4f4e8d472d,598cf036-8365-42cf-b742-93f4ae0bb8cb,BEV-001,1,600
243b3315-fd65-4fdd-bfd5-32fd5f4e9113,2b2b234c-91d7-41a7-b6f7-9d27f8021705,JAF-001,1,1100
63369cad-0047-4468-b087-9c8356ee2536,fa1a10e8-e7bc-4e4e-9d4f-2c35fecfad9a,BEV-001,1,600
702adce0-1ad8-43b1-8b96-095b675d8772,e1523113-2408-47fe-b8f4-cb38467b02ed,BEV-003,1,600
9b5830a4-ad32-4652-9b04-173c89069473,c559b52d-8fb4-4591-92b7-59fe381e6e50,JAF-004,1,1400
c1666375-c7f9-4b8d-bbba-df880c6f72e2,c559b52d-8fb4-4591-92b7-59fe381e6e50,JAF-003,1,1200
3f188ba3-fe38-4af6-a74f-59677b1bfc7e,c559b52d-8fb4-4591-92b7-59fe381e6e50,JAF-004,1,1400
1c772e06-977a-4306-9590-d70015089d8a,0e48c2cb-a7ca-46c9-9a57-4534ed34838b,BEV-002,3,500
93b79c79-6833-4830-95ec-cacb7e039386,9e18ab06-684d-496c-822b-548d809605d1,JAF-003,2,1200
ceaef66d-09a5-4870-a712-099ab1470501,d5b53df9-8837-4f8c-b691-5730e6319d0e,BEV-003,1,600
0dca3810-2873-4e4e-8a0f-e8ed95af1490,8dfe4a7e-d409-4ebf-aa5d-14ef8ec9e8da,JAF-003,1,1200
d9e8260a-7663-4d24-874d-1d509218f771,8dfe4a7e-d409-4ebf-aa5d-14ef8ec9e8da,JAF-005,1,1200
b1f52d01-b7db-4642-aeb6-5db5da182ccf,4cdcbcc1-ac4d-4f3f-a5a9-e3e1b8f2684d,JAF-003,1,1200
fde54384-abc1-4619-831b-68ffc3437f8b,511a6b5c-078d-4cc4-b9fc-e6387e9244f1,BEV-002,2,500
7136d0b6-8953-4ee3-b37b-e1450b6dc309,511a6b5c-078d-4cc4-b9fc-e6387e9244f1,JAF-002,1,1100
bdfe5f83-2ba6-47ec-9f8c-5814cfdbac2a,62826370-cb52-4cba-8b6c-983485390e88,BEV-003,1,600
e97620f3-e55e-470a-90ca-574e08b80acc,62826370-cb52-4cba-8b6c-983485390e88,JAF-002,2,1100
0e0b7bdf-cef4-4534-a092-8364a666efa6,62826370-cb52-4cba-8b6c-983485390e88,JAF-001,1,1100
42282950-b121-4aa4-8910-731a7b523a67,62826370-cb52-4cba-8b6c-983485390e88,JAF-005,2,1200
394f4e3a-1504-4e22-a721-8de1e4ae6840,77fbefc4-134f-47ef-b6b7-6ea73afa5d54,BEV-005,1,400
c79cb3f3-db47-4378-b5d5-31bd99eb562c,77fbefc4-134f-47ef-b6b7-6ea73afa5d54,JAF-003,3,1200
26a2d1ad-c3b9-47e2-a68f-b2e623c6c566,4c27d0c1-e69d-472d-a15a-5ff3fb484f39,BEV-005,1,400
4b12effa-09fa-4956-a36e-6e964da81d19,10d63f74-6f8c-46f4-b448-4ae868a0a596,JAF-004,1,1400
370b647e-ecbc-4fa0-ba87-dbecd781176e,10d63f74-6f8c-46f4-b448-4ae868a0a596,JAF-004,1,1400
e7915cb8-4672-4e7f-b6d4-f6ba513e24eb,10d63f74-6f8c-46f4-b448-4ae868a0a596,BEV-001,1,600
f0343519-a9c4-4d71-864b-49b639876c79,42ce4004-3ea6-4875-8bbe-36d3d69249c1,JAF-004,1,1400
8958008e-fa24-4468-91c8-2c810df4bb9b,42ce4004-3ea6-4875-8bbe-36d3d69249c1,BEV-002,3,500
ad74cd4a-ea3d-41a8-b819-2c73c7bd80a5,42ce4004-3ea6-4875-8bbe-36d3d69249c1,JAF-004,1,1400
c7b0b38d-ed4f-4d89-9246-fdeb1b005641,2beb3529-3cd5-4526-aeb1-3a7b49f82e39,JAF-001,1,1100
284e8930-9a69-4db9-8bd5-ff2adc004633,2beb3529-3cd5-4526-aeb1-3a7b49f82e39,BEV-005,2,400
7b433c52-6219-4208-9370-062e334b349d,1f615482-9d72-4ed7-814b-e0ee2f5b0f45,JAF-003,3,1200
bb0ea1c5-e89e-4309-b271-c78808653bb8,1f615482-9d72-4ed7-814b-e0ee2f5b0f45,BEV-002,1,500
de452bb4-891d-405a-b488-54c08526dce6,1f615482-9d72-4ed7-814b-e0ee2f5b0f45,BEV-002,1,500
5195b52a-01ce-49b2-977f-a06a1b0a045b,3a6286c7-62e1-431d-b2ac-abfb67cf0b59,BEV-003,2,600
aefd1e95-8ce9-43ec-b4c4-476ffac703d8,3a6286c7-62e1-431d-b2ac-abfb67cf0b59,JAF-003,1,1200
0eb93124-b850-40b1-b075-0e4cb976524d,3a6286c7-62e1-431d-b2ac-abfb67cf0b59,JAF-004,1,1400
c4290f3e-d2ff-4f7b-b043-f7e757372180,8b94c4b7-6cca-4321-bf97-d1b058dabcc4,JAF-001,1,1100
4db9200f-b41a-4e29-a856-6f27d501b141,8b94c4b7-6cca-4321-bf97-d1b058dabcc4,JAF-004,1,1400
905bdf09-1ac9-4bae-bb90-ad1cc68c5dfd,8b94c4b7-6cca-4321-bf97-d1b058dabcc4,JAF-004,1,1400
8ee26d97-0f68-409f-a4a4-e20748ab4398,a9c0dbe6-195e-4b5c-b353-d2f8cea32154,JAF-005,1,1200
cd8ead7b-f823-4bb5-be46-17ffb261e200,a9c0dbe6-195e-4b5c-b353-d2f8cea32154,BEV-002,1,500
905c4af8-20b5-43fb-8751-bce5b7a625b5,a41b4c9d-928d-4c1c-93cb-8adad95988b4,BEV-003,1,600
c20827f1-bc44-4bdf-92ef-8e2b637f16fe,a41b4c9d-928d-4c1c-93cb-8adad95988b4,JAF-002,1,1100
4ef6c9a8-98b0-4889-8ea7-8390a533ba72,a41b4c9d-928d-4c1c-93cb-8adad95988b4,JAF-002,1,1100
378ddb78-1577-46df-be00-e329c014bc97,a41b4c9d-928d-4c1c-93cb-8adad95988b4,JAF-001,3,1100
272c718d-a17c-41bf-8a3e-563882123c9d,7a3eb917-d344-44e0-9da4-995e90d0b878,JAF-005,3,1200
0bc7bbb6-96f3-4aac-8cad-458aee59f0b0,7a3eb917-d344-44e0-9da4-995e90d0b878,BEV-002,1,500
8df36254-aa01-4fd0-a4f6-c734d20ad03a,7a3eb917-d344-44e0-9da4-995e90d0b878,BEV-004,1,700
a41bcd98-a447-4fc0-8adc-5795eee40ce6,cc38dea8-23b9-4159-ba36-b05297fdbcf5,BEV-003,1,600
53946e25-fe12-4f8d-bc05-a8c96fd82d15,8e81e7a3-caf4-4738-923b-526e2d4ccbcf,BEV-002,1,500
3a1aa3da-886b-46b7-86d6-fdeed371c1de,f299adf0-9635-4ad7-8abd-2c20642e4045,JAF-002,1,1100
7535182d-ba42-43ce-9fc7-1c05b864acc5,f299adf0-9635-4ad7-8abd-2c20642e4045,JAF-005,2,1200
47773c21-5bc1-423f-ae4d-9e2b203e79be,8f5e6f2f-15f5-4766-be37-a390c1a0a6ed,JAF-003,1,1200
04ad2ac8-914c-464c-9854-897820c17e2e,623f0fc2-f1a3-43d3-9530-ad11900e78c5,JAF-003,1,1200
0d885ae9-289d-4703-9057-802a0df9d3cc,623f0fc2-f1a3-43d3-9530-ad11900e78c5,BEV-005,1,400
a5f96be6-eb7b-4c5e-a6a4-b0624384475b,c2c09c99-6c65-4ed7-98de-5eb6b7b0c629,JAF-005,2,1200
5d8b031b-a88d-42cf-9745-99db482aa0cd,c2c09c99-6c65-4ed7-98de-5eb6b7b0c629,BEV-004,2,700
7cc9ca6e-2bb8-4451-be5c-c24591595ca5,067a719d-ddaa-4e45-b535-1f6606abb521,BEV-003,1,600
66544020-d5cd-4c82-a612-61d809d1ea06,067a719d-ddaa-4e45-b535-1f6606abb521,BEV-005,1,400
f79a5e5e-7c22-4a64-8159-02ffb035a401,f1b01b3f-35ee-4cb3-b16c-e1ac2270e4e9,BEV-002,1,500
c4c06e2f-f036-4118-86c9-774bef5ab219,f1b01b3f-35ee-4cb3-b16c-e1ac2270e4e9,JAF-003,1,1200
c92f5a71-9e63-4f7a-af27-2124b4d638b7,f1b01b3f-35ee-4cb3-b16c-e1ac2270e4e9,BEV-002,2,500
017fdbd5-abef-4ce1-b72a-7e8d14eed9eb,e34200cb-464e-4a30-8075-e2705b919f52,BEV-003,1,600
83905bfe-32a6-4798-b02c-40c2912f44db,7d2f7fc8-28a5-423d-aa04-1feabd721464,BEV-005,1,400
327c5a60-93ff-44cf-9b45-ae09609e082d,7d2f7fc8-28a5-423d-aa04-1feabd721464,BEV-003,1,600
d04f11b8-5eef-4ae9-9ceb-c9f367287eb6,7d2f7fc8-28a5-423d-aa04-1feabd721464,BEV-004,1,700
bc3fb8a7-7982-492e-bf35-c5226d854c0e,7d2f7fc8-28a5-423d-aa04-1feabd721464,JAF-005,1,1200
268b0123-e280-40d0-ad02-b2cf508ca3e4,14b9de07-e85d-41a8-af17-7bc91649dea2,BEV-004,2,700
a3891f8f-d0c1-4396-9693-d6d465f1702d,75928a6c-c3d1-4a85-937c-11c489c9c921,JAF-003,2,1200
e472022c-22ba-420c-96ad-d6e8cc04b8ea,75928a6c-c3d1-4a85-937c-11c489c9c921,JAF-005,1,1200
2cd29356-54b5-4123-9e54-1b830fe20886,096aa2ec-2fd3-4ab0-af1c-01e1ce0125e7,BEV-004,1,700
004c127a-cc4b-449f-aa51-b5f84a33561e,0fd1c945-1394-4215-ab20-cd620f757202,BEV-003,1,600
5bd3be07-aac6-4ba9-bbaa-1e7423e50def,0fd1c945-1394-4215-ab20-cd620f757202,BEV-005,1,400
cd587aef-b049-47df-a63b-b0ae1113e53f,0fd1c945-1394-4215-ab20-cd620f757202,JAF-003,1,1200
95554622-f932-48eb-8576-22c83abec38e,7dcf8c42-26cf-4088-bc85-377dcaf22f13,JAF-001,1,1100
f9d2c405-94ef-4f53-81cc-2595896c366d,7dcf8c42-26cf-4088-bc85-377dcaf22f13,JAF-003,1,1200
43371255-8fbb-46ea-8421-38c19989be35,7dcf8c42-26cf-4088-bc85-377dcaf22f13,JAF-004,1,1400
e85743de-909c-4748-8edb-b87bbe5de956,6e8a55d7-3cd0-4a85-9534-790f889f76ea,BEV-001,2,600
0dd5320c-a7aa-45d7-b04f-c13f746b1587,6e8a55d7-3cd0-4a85-9534-790f889f76ea,JAF-001,1,1100
e6ad7145-7f1d-45de-b60d-d92213cf2fb7,92fe3f3d-f0b0-4cd1-88e9-611b8a70ff70,BEV-003,1,600
f5e16f39-63b8-4842-81f3-005dade4726d,92fe3f3d-f0b0-4cd1-88e9-611b8a70ff70,BEV-001,3,600
c4405440-639f-41cb-a822-04e1236920a9,92fe3f3d-f0b0-4cd1-88e9-611b8a70ff70,JAF-001,3,1100
bb30d0a1-4bf7-422f-9807-ea8f41472c86,92fe3f3d-f0b0-4cd1-88e9-611b8a70ff70,JAF-001,1,1100
bc5163bc-4774-41cc-9a94-446ab7f33f2e,46dc5764-fd47-41ba-ba12-0591fec95da9,JAF-005,3,1200
c6992e99-5482-4a88-923e-3973f8861811,669e5c74-1577-48da-9815-bdb6cf822b26,BEV-003,1,600
e7eb18ec-6166-4a87-8a2d-11b300c97767,ce852f53-dee0-4a82-baec-e5532d3f91d4,BEV-002,1,500
7c395507-5f86-4c41-8299-b78a8b407659,ce852f53-dee0-4a82-baec-e5532d3f91d4,BEV-005,1,400
8c262bba-ffb1-44ac-afb9-1a3eb48c35ac,ce852f53-dee0-4a82-baec-e5532d3f91d4,BEV-002,1,500
1b980c60-a8ac-4e6b-b146-1d711091ce9d,719a9d92-ed1f-4578-a7c1-a57c7863f908,JAF-004,2,1400
d389b69b-1b54-475e-a6e1-e07b1c193471,e47524a1-2f79-48f1-8777-3de2d88f921c,JAF-001,3,1100
3192047a-7267-4bb5-b466-003d00144e08,e47524a1-2f79-48f1-8777-3de2d88f921c,BEV-002,1,500
917da064-d283-4836-9b90-f4a75972aa62,e47524a1-2f79-48f1-8777-3de2d88f921c,JAF-002,2,1100
2dbf98a5-de5b-474a-b83a-bd355498e905,7460f697-1dd6-41d4-8be7-8c13157090ce,JAF-005,3,1200
fdcdc2d2-e28e-47d4-88af-5e276f500e2b,7460f697-1dd6-41d4-8be7-8c13157090ce,JAF-004,1,1400
282bd3e5-d9d5-4b84-8cbb-6d24384cb25c,2e01b80f-3f11-4c87-b897-fda00e7f02fd,JAF-001,1,1100
4c480c22-6660-4b78-8817-9a17c36bf65a,2e01b80f-3f11-4c87-b897-fda00e7f02fd,BEV-001,1,600
8bf54562-b974-4134-9930-d57a3076adbe,2e01b80f-3f11-4c87-b897-fda00e7f02fd,JAF-002,1,1100
44798eb2-2b44-49e4-a59e-ccfcbcf574ef,7bda6d1a-f057-4258-bba6-cb8c70dc2c39,JAF-004,2,1400
0550fd60-39fb-4484-a3ad-2ac3829b2278,7bda6d1a-f057-4258-bba6-cb8c70dc2c39,BEV-004,2,700
48b4f0ea-00fb-4cc8-a014-649ea2194313,cf972f4c-b0bc-4f7b-a618-abfaa1f576be,BEV-003,2,600
c9b79bad-1dde-4e2c-a9ca-bd239b449ca3,cf972f4c-b0bc-4f7b-a618-abfaa1f576be,BEV-003,1,600
ee168208-932f-4e60-9262-6d254bc8cf22,cf972f4c-b0bc-4f7b-a618-abfaa1f576be,JAF-004,1,1400
472a3299-107c-4014-b0cb-208b959ceb3c,a93c2669-9c6a-44d9-85ba-3f669fc56a86,BEV-005,0,400
93f18442-a94e-4211-85bc-c50aec0a8549,a93c2669-9c6a-44d9-85ba-3f669fc56a86,BEV-003,1,600
ede0726f-32fa-45d3-b541-af02185c16ac,cd022971-7184-4c49-9a53-894e99ab8243,BEV-004,1,700
b3450fca-39e5-434f-afc0-dc37dace8aa9,cd022971-7184-4c49-9a53-894e99ab8243,JAF-003,1,1200
e1e53c3b-34b3-4135-9216-5556eaf22cdf,a8f24487-213f-45a8-8bc5-0b6921ee33a2,BEV-005,1,400
9b2de1c6-d3fa-40e0-98fa-fc55a00eafca,a8f24487-213f-45a8-8bc5-0b6921ee33a2,JAF-004,1,1400
f83b07ab-39e4-4bfe-bc0a-f96d00c1919c,6982453b-eea2-4503-93bd-52cffb9c734c,BEV-001,2,600
f549de8c-5aa8-4360-a3d3-c47bf302fb65,6982453b-eea2-4503-93bd-52cffb9c734c,BEV-003,1,600
5e6b30f2-a867-44b3-9802-75e4d56573bf,38a82fb9-3c8c-4ff4-9e0b-274eeb1f530f,BEV-004,2,700
4fb0c4ae-b11a-41ee-ba34-1ce6ea9d9f17,38a82fb9-3c8c-4ff4-9e0b-274eeb1f530f,JAF-001,1,1100
c1df9e90-b3e6-4845-be22-126464f5181c,6d469572-4a94-4377-b1d5-c69c82f89cca,BEV-002,1,500
6e380a74-a32f-4aaa-8981-541ab303545b,a0c930d4-2cda-483a-b0ea-c0e2fe6c52e5,JAF-001,1,1100
0387902f-face-4438-8596-b5277e4ee0be,12d98fd6-40b2-4719-a477-3f1474a7638d,BEV-004,3,700
21bcfe48-7ee1-4113-9bf4-127bfe2dae12,1cf47add-67e3-404b-b25a-33ceeceaec8b,BEV-003,1,600
4cede36a-c5d2-407a-8d21-7562a5db7ca4,9f479218-b1e8-4555-8ea9-15e5625e85dd,JAF-001,1,1100
aee67304-fb41-496f-b4f8-043da04270e8,9f479218-b1e8-4555-8ea9-15e5625e85dd,BEV-005,1,400
4e8fbd39-48af-43c2-b4df-2c406451ab29,9f479218-b1e8-4555-8ea9-15e5625e85dd,JAF-003,1,1200
37f5802c-3cff-485b-9a8a-3731ae095c95,9f479218-b1e8-4555-8ea9-15e5625e85dd,BEV-002,1,500
0025a6e0-0339-4ba6-89ee-1a55ff65708f,63597562-ff17-4061-b4e4-c98e09674dc9,JAF-002,3,1100
b81a4c45-e7aa-4502-aafd-47abac5f535b,63597562-ff17-4061-b4e4-c98e09674dc9,BEV-001,3,600
20d41a97-6d72-40cc-90d2-03de4b60f076,63597562-ff17-4061-b4e4-c98e09674dc9,BEV-003,2,600
5fc6bf36-157f-44fa-bd41-c1aef6e36427,4c6f812a-9e6c-4051-bb58-de0c8d48b36d,BEV-001,1,600
acb900c2-21c6-45b9-a321-b5d6144b4426,38c4b00a-d279-4183-88e0-55f70899a71b,BEV-005,1,400
ff523cb6-e947-4972-aac6-1bae5e54e407,903bc6ab-9847-4caa-8e97-90d0976eecc2,JAF-004,1,1400
3da415af-c626-420e-81d2-3e6a8c228f64,903bc6ab-9847-4caa-8e97-90d0976eecc2,JAF-004,1,1400
dbe8c24f-ea9f-42c6-86e9-5aff0623a9a3,903bc6ab-9847-4caa-8e97-90d0976eecc2,JAF-001,1,1100
88c0668c-c6c5-42ca-ae0e-19a74e1bc6b2,e0369ad1-b4de-42e6-a92c-0fa687b07974,JAF-003,1,1200
44a05457-f2da-4da5-a410-c0442274bbcf,e0369ad1-b4de-42e6-a92c-0fa687b07974,BEV-004,1,700
9d6a5438-f5b3-4847-92f6-9adaf3bbaa60,e0369ad1-b4de-42e6-a92c-0fa687b07974,BEV-002,1,500
e7e431fe-ca3e-4f08-b2d2-c606306534b8,5050c77f-07c4-401d-bbb5-92b89d5ceb34,JAF-005,1,1200
0249de4a-d051-465c-b338-d96b1bf1efe7,31d0db05-c20f-411b-b7a8-4e9d2d61f930,JAF-001,2,1100
aafd15e9-e6bc-4df6-9e13-e1fe85af4c2c,31d0db05-c20f-411b-b7a8-4e9d2d61f930,BEV-002,2,500
58166b10-1d49-464c-a708-0796deef8b6a,8cd00b1e-a4bc-4d3f-beea-787da58dbb88,BEV-003,1,600
0f123af1-7d3b-4963-bf96-e92d33c911dc,8cd00b1e-a4bc-4d3f-beea-787da58dbb88,BEV-004,2,700
efbb6668-8370-4427-9daa-f0bdc84200e6,e5316120-a579-43be-b2d1-a1d90cfa6d06,BEV-003,1,600
35463dc7-b019-43ea-a909-53e5ae19478e,e5316120-a579-43be-b2d1-a1d90cfa6d06,JAF-005,1,1200
4fab6893-e8eb-4fe4-b4ea-6ec6f86a8297,187bb5eb-e113-4884-b755-9c434ffce8ab,JAF-004,1,1400
ce503959-8ca3-4c5e-adf2-dd796f6c7774,8d41557f-4454-449a-886b-2f0ec1be9680,JAF-004,1,1400
0b602b1d-91db-46b9-9811-8cf4cfb45e70,8d41557f-4454-449a-886b-2f0ec1be9680,JAF-001,2,1100
00516baa-1273-4b05-bc60-d7ca9a07f837,02ceb63e-d2a0-4eaa-94e5-475afd20aa29,BEV-005,2,400
84691779-1b4e-407c-a731-5a4971d3bbb6,02ceb63e-d2a0-4eaa-94e5-475afd20aa29,JAF-001,1,1100
c409d7c2-dbc2-4347-8b91-cb68056edbb5,02ceb63e-d2a0-4eaa-94e5-475afd20aa29,BEV-001,1,600
40c224b6-657f-4dfa-8c4c-5f07e91a147a,1d8384a7-24f6-44e8-ae01-2f1560de8918,JAF-001,1,1100
76ec1c44-0818-42b8-91a4-ae348ec8c05a,048d6f6d-ff89-4dde-b6c3-b8c4ceef3b87,JAF-005,2,1200
3b4e5a33-774e-44d3-99ac-52d8ace93a4a,048d6f6d-ff89-4dde-b6c3-b8c4ceef3b87,BEV-001,1,600
6c2334f1-779e-4a1a-b3ac-5a3cace6b3e9,048d6f6d-ff89-4dde-b6c3-b8c4ceef3b87,JAF-003,1,1200
1324c130-6975-478a-a47a-55d48554c385,c144a978-aee9-4c13-8d33-1461582cf573,JAF-005,3,1200
ccd3afd2-1630-4dd4-ac4a-9c1a812e4a2e,c144a978-aee9-4c13-8d33-1461582cf573,JAF-005,1,1200
8cf55f41-d2a5-43c0-bd19-805bcc4eb229,c144a978-aee9-4c13-8d33-1461582cf573,JAF-004,1,1400
8f7a52fd-9d31-40b4-a971-1efe3b276596,f19fe4f5-af76-4118-90cb-6b1dc963d231,JAF-005,3,1200
1dfc378c-5b33-489d-945b-ddd413c02747,51e4de45-ba6f-46b3-9ee8-8e3d4c56a478,JAF-001,1,1100
24c97932-aebe-4cbf-b5b7-febe3cff3075,24c8bebb-d0e7-4c13-97c7-b22b3b06779c,BEV-004,1,700
617a2ea8-4a6a-4127-9f24-dc6ede95529b,d8f40a8c-b041-40b7-83b8-8c5982a6261c,BEV-004,1,700
0f85f739-55a1-478e-a7f9-f56749109f45,d8f40a8c-b041-40b7-83b8-8c5982a6261c,BEV-005,1,400
3bae2e12-e76d-4a32-bed1-e059ba200dec,cda4c6a8-9fef-44b4-b6c4-f3fb8dcec15d,BEV-002,1,500
885a8942-22ef-4836-ac42-0d7c62ec0c8b,cda4c6a8-9fef-44b4-b6c4-f3fb8dcec15d,BEV-003,1,600
8e3ebdd5-51c1-4cc8-9455-1035ca7a8ea8,9915c523-e847-4642-99ae-8d21d912b4c9,BEV-003,3,600
f0215796-9217-44ce-9a35-09e2d736a985,7ec0a894-3a66-400f-8054-79ece312d520,JAF-003,1,1200
07184b27-badd-4912-8467-f5fe1eef398e,7ec0a894-3a66-400f-8054-79ece312d520,BEV-005,1,400
1d975b87-6309-490c-96dc-dcb879b80892,12fc46bd-0e34-471b-a11f-e0ecadf71fd5,JAF-002,2,1100
231d2141-3606-4e6e-a2c7-acbda1c1ee37,12fc46bd-0e34-471b-a11f-e0ecadf71fd5,JAF-002,1,1100
175e2c69-973c-486e-a748-f31e920a1c6c,12fc46bd-0e34-471b-a11f-e0ecadf71fd5,JAF-002,1,1100
931bb5df-c9f9-459b-8f46-e3f49b7370fd,12fc46bd-0e34-471b-a11f-e0ecadf71fd5,BEV-004,1,700
05dc3944-b917-47bb-ab0b-5a314f7b6bd6,db93585d-bb3f-437c-a74c-7b275b4bdf58,BEV-005,1,400
28ac5691-b765-483e-b50f-9badb5e584e7,db93585d-bb3f-437c-a74c-7b275b4bdf58,BEV-001,1,600
2e2cfcc1-ba5f-4a4c-84bd-4c5050930715,db93585d-bb3f-437c-a74c-7b275b4bdf58,BEV-005,1,400
63294a7e-7215-48d1-855e-1e21f4fb9477,bd2fbf5e-fe19-4b24-aa11-bfb3db4c4841,JAF-003,2,1200
78f1ae53-f1a1-4997-b6d4-25ce049113f8,bd2fbf5e-fe19-4b24-aa11-bfb3db4c4841,BEV-001,2,600
3296e5ea-cb45-426a-bfdf-5a1828e49043,b68a9b74-c293-40be-9fa0-f97f4b2e4075,BEV-004,1,700
97a69376-2c9d-4042-9785-ffdeab295285,5d2f0819-690a-440a-a17a-b362dfba8b5c,JAF-002,1,1100
c66883f4-27b4-491a-9c64-ffab143d313a,5d2f0819-690a-440a-a17a-b362dfba8b5c,BEV-002,2,500
c6e833af-7ae2-4f69-980a-b1e2121dce3f,f3dd4e24-d3b2-48b9-ace9-cfdcd0379884,BEV-004,1,700
67c39872-f744-4f94-9698-1d20e8de99f7,f3dd4e24-d3b2-48b9-ace9-cfdcd0379884,BEV-003,1,600
740fddc1-db1f-434c-ac2a-6e9fd861bdad,f3dd4e24-d3b2-48b9-ace9-cfdcd0379884,BEV-005,3,400
343cc99a-b9f1-4b8e-88c5-34f55ab55b5f,76032c4d-5b0c-418e-b23f-a5f3553e7c60,JAF-003,2,1200
cd6c52bf-f26c-4d48-89f2-63b7c05c989f,76032c4d-5b0c-418e-b23f-a5f3553e7c60,BEV-001,1,600
456547f1-c93b-42cc-9c66-f5bc3c45d911,1c30efa3-8720-49da-955b-6622c37438fa,BEV-004,2,700
bd78e3fc-efa5-42b0-b148-a4878b461c14,8a2b45fd-c09e-4e6f-a89d-f80284072c4e,JAF-002,1,1100
34a72e71-0cbd-48ca-889f-fca590e6c848,8a2b45fd-c09e-4e6f-a89d-f80284072c4e,BEV-002,1,500
c012a889-4df9-4bb8-b841-6b061a094c1e,8a2b45fd-c09e-4e6f-a89d-f80284072c4e,BEV-005,3,400
44f3f8b8-68ab-4590-87ee-d61271c44537,8a2b45fd-c09e-4e6f-a89d-f80284072c4e,JAF-001,2,1100
99e90987-cb60-4e08-9cdd-cd74a18d43cd,af26272d-d7e7-4b14-bb0a-3e86dc6fc2fd,BEV-005,1,400
b20fe7bb-2656-47b5-aedc-f2e646f4c9b4,af26272d-d7e7-4b14-bb0a-3e86dc6fc2fd,JAF-005,1,1200
6bd75e00-d5f4-4764-a113-32c04d875c7f,f9c5c835-4a98-47c0-8bb5-719f77436bc9,JAF-001,2,1100
e996df6e-0fb5-406c-9899-bab5063b0f88,8da6809e-f357-44e9-99f8-570dc6dfdfbb,JAF-001,2,1100
cd3a7c73-9b78-43cd-893e-823cc0a605da,8da6809e-f357-44e9-99f8-570dc6dfdfbb,BEV-003,1,600
2a0a9512-ed0f-4a2b-85cb-7f5398aab869,8da6809e-f357-44e9-99f8-570dc6dfdfbb,BEV-001,1,600
b876ca6b-ef7c-42a6-830c-46bc9f9d6137,2fd3d01f-825a-4129-87b6-b1f916ed7176,BEV-001,3,600
c95e44ac-6ff3-40ca-bb8e-6e121be11d71,2fd3d01f-825a-4129-87b6-b1f916ed7176,BEV-004,2,700
6b74f5c9-623e-4671-9dd6-d3d72f6188ae,0070167a-89d9-4c8a-bd82-56468671d135,JAF-004,1,1400
dd70c1b1-a2c9-456c-b6d7-01fa032f1e17,0070167a-89d9-4c8a-bd82-56468671d135,BEV-002,1,500
4f47b00b-adfd-4d59-956a-695b1db36975,90fe9d55-3a62-4e3c-b9e5-fa7c6ca62305,JAF-002,1,1100
81356c1e-2f28-4623-b5c8-9360f6989c6b,c239366f-2f12-47c8-be98-83258ae7555e,JAF-004,1,1400
9c7c4aac-dfed-4ffe-aa33-bc8c00d8546c,c239366f-2f12-47c8-be98-83258ae7555e,JAF-999-DELISTED,2,1200
51ea233d-1c90-4d85-9915-ce62503a2ccb,ee223367-93d9-4246-a839-b90a11cb955c,JAF-003,1,1200
c705c2be-fdeb-46b9-8b36-7f314b4c04aa,f6a23028-16bd-4ae3-99f2-e35d8e087f4d,JAF-002,1,1100
764ed4f7-25c8-4fbb-be00-fdb20ac4b7fb,7adc6c35-419e-4962-a6bd-0d25bf258982,JAF-001,1,1100
9e924015-8262-488e-ae0c-75ddf5222fd6,7adc6c35-419e-4962-a6bd-0d25bf258982,JAF-005,1,1200
51058535-b3c5-4237-b68d-367810efda58,a4424dea-5fee-465b-93a4-9cb2817e1f5d,JAF-001,1,1100
3e449298-3c12-42b2-83f4-81fc2386916c,a4424dea-5fee-465b-93a4-9cb2817e1f5d,JAF-004,2,1400
de595d78-25e8-4573-b21b-45983489516b,2519bf98-cd79-4cc1-9606-506d46045c2b,JAF-001,1,1100
76f6800f-1a22-4b89-9a39-cf8ef523a0ab,2519bf98-cd79-4cc1-9606-506d46045c2b,JAF-001,1,1100
52124221-083d-454a-9026-32e901f7fe5e,f17b832d-fa05-45bc-b7f8-f6c76beccefb,BEV-001,1,600
f72bd079-389b-4805-90de-71baae6a703f,f17b832d-fa05-45bc-b7f8-f6c76beccefb,JAF-002,3,1100
8e6ffc4f-0f70-4ec1-b3ca-dd88235a30a5,a541ad93-67d5-42c4-b806-3bb109d27d48,BEV-003,3,600
1c61e90e-4572-459f-babc-cc584d4add61,a541ad93-67d5-42c4-b806-3bb109d27d48,BEV-001,1,600
a8d1ee2c-b5c1-4893-98b1-fe8e87092e3b,a541ad93-67d5-42c4-b806-3bb109d27d48,JAF-005,1,1200
e71835d8-7aa0-4b33-9fba-a9790cc23481,a541ad93-67d5-42c4-b806-3bb109d27d48,JAF-001,1,1100
aa79696e-8221-4f52-aca2-13f7f94e1986,22be12aa-e6df-4f51-9735-031470529c61,JAF-003,2,1200
0527b4d1-081f-4b7f-8000-cf9a4087857c,22be12aa-e6df-4f51-9735-031470529c61,JAF-001,1,1100
709031f0-2411-4dd6-8e67-7f9e93694efe,0c1858c3-5ceb-4f6d-b981-311741ca9ed5,BEV-003,1,600
c2a77644-08ef-44e2-a7b1-f21ee330db7b,85c47c55-a7c6-4127-a4d4-0c48ed0d3e82,JAF-999-DELISTED,1,700
b958ddec-e4c7-424c-916c-0dbb8062f21c,85c47c55-a7c6-4127-a4d4-0c48ed0d3e82,JAF-001,1,1100
3b35c55a-1434-4365-aa22-bdcd3cdcd090,a341a4c6-0cb2-4028-8856-2fed657ee2b8,JAF-001,1,1100
66eac346-8e50-4653-a738-097be428249e,a341a4c6-0cb2-4028-8856-2fed657ee2b8,BEV-001,2,600
de4112bc-0cc0-43d3-9956-4b45c2bb4b24,d7cbbe47-abda-4e75-a787-fe7447802686,JAF-005,3,1200
94865674-6f4a-42b2-b395-f2f52104b42f,d45d0d92-d717-4d9e-80af-5abc582cae97,JAF-001,3,1100
aa56ca52-d4b5-40f4-8049-f83c1a992657,2219ff42-6b9f-4957-90b4-d639dbe004ff,BEV-001,1,600
9d7d0dbd-a507-4277-becd-ed7c37f3b448,2219ff42-6b9f-4957-90b4-d639dbe004ff,BEV-003,2,600
70d364fa-9651-4747-9e2e-1a8abd1249c0,2219ff42-6b9f-4957-90b4-d639dbe004ff,JAF-004,1,1400
e22f9cd8-2656-4d67-b9f0-cbbee3ab4c7e,635ae531-4762-4d80-b75b-a0b46dbd73be,BEV-001,2,600
820f0262-625a-4339-933f-37a2162be5a4,2bca818c-1b5d-423b-b541-1edb064d3b61,BEV-005,1,400
dfdb99e4-92a8-4051-a29d-8b06704c1b3b,ffc97ac4-d47e-4f77-9eaa-6f62703a5197,JAF-003,2,1200
d3781569-0b4c-4f94-aa04-8f488403c3a9,fa444501-947c-4cb3-9c6f-30f7ce997515,JAF-005,3,1200
3afcb2e8-1732-4106-9b3c-3f47ebeb45a0,fa444501-947c-4cb3-9c6f-30f7ce997515,BEV-002,2,500
316f19da-7df1-480c-becb-2f7e01c1ddaf,511fe5f1-0cf5-4526-b667-7688e165292e,BEV-005,0,400
2167f2fc-082d-4be3-a743-9166caa6f7b3,8c68ff6e-275f-4db0-9b1b-efdd0b19f6d5,JAF-003,1,1200
eaaa82da-5227-4894-afd6-53a069c0549c,8c68ff6e-275f-4db0-9b1b-efdd0b19f6d5,JAF-002,1,1100
05422bc8-2fc0-4d9d-8009-8e507bb305b3,8c68ff6e-275f-4db0-9b1b-efdd0b19f6d5,JAF-002,1,1100
f15ebccb-427f-4c1d-905f-595798f7a72b,8c68ff6e-275f-4db0-9b1b-efdd0b19f6d5,JAF-001,3,1100
257eb032-90be-4788-85c9-6da193b251e1,3b58b6bc-f994-4dce-ba3d-1a02cc6019ef,JAF-003,2,1200
18847763-287a-4b6c-bf19-67f8f0f4a966,3b58b6bc-f994-4dce-ba3d-1a02cc6019ef,BEV-002,3,500
c9c8dbb8-9d9b-40a3-924a-8e913b25df60,f29b41d5-6f17-4304-b0a4-bad544f2a771,BEV-002,0,500
82a9c9ef-6e75-4892-84a7-5b4c71efc605,7f4520ac-c074-471c-86e0-de2db9dbecd4,JAF-004,2,1400
4cbe83c0-ef2d-4497-b9eb-e4c98461ad2e,0c5b4cc9-002e-4f0b-832e-e211529a0273,JAF-003,2,1200
beee5419-bdb3-4975-b4f4-7f4e4805c5c4,0c5b4cc9-002e-4f0b-832e-e211529a0273,JAF-004,1,1400
d6fe9c44-00d0-4bc9-9e6d-43b693e3cb8a,d4e5516c-0273-4725-bb0a-91947112e12b,JAF-003,3,1200
583bd94f-0996-4c2f-9fc8-aa49bc6f4c41,d4e5516c-0273-4725-bb0a-91947112e12b,JAF-002,2,1100
7d0a2a4c-564e-41d4-9f37-0d7bd76f57eb,ab4b757e-e7a2-4bf4-87f9-784e7872a8e3,JAF-001,2,1100
231bb526-7ae0-420f-b398-c952f243e492,b5a27489-6cf6-4a30-b671-e0aab725c04e,BEV-002,1,500
3c5219eb-29ed-4bcd-89f4-55120d9b45a0,b5a27489-6cf6-4a30-b671-e0aab725c04e,JAF-005,1,1200
db3d52a1-e3bb-44ab-88aa-7851efba68df,3998f953-04fb-4866-bdeb-a44f7c293e06,JAF-005,1,1200
506cc617-76ef-4437-869b-83f756e86740,3998f953-04fb-4866-bdeb-a44f7c293e06,JAF-002,1,1100
d6ecb4a1-ba79-4805-82ab-8fdb3a7adaa2,3998f953-04fb-4866-bdeb-a44f7c293e06,JAF-003,1,1200
f0dd2d8b-a061-4012-b190-c271613076b7,ce99ecb8-a883-4816-9a66-435aa072f2f8,JAF-004,1,1400
b385120b-f935-411a-b410-f3e033419aa8,d6c130b7-b6a9-457a-b6e3-5ab0c165d0a9,JAF-002,1,1100
85556395-fd84-4c18-adfc-7e9b3f7312b1,d6c130b7-b6a9-457a-b6e3-5ab0c165d0a9,BEV-003,1,600
4e23ad1e-59e6-435a-b258-afc71d4e9e5c,afda4288-304d-4828-acdb-80d4f560bb27,JAF-005,1,1200
35d24689-8927-4085-92b0-e396f292e934,7602e90c-6ebe-4c70-81e6-6290637dd557,BEV-003,1,600
5cc4a33e-2ab4-4bab-a412-12d8310f88dc,7602e90c-6ebe-4c70-81e6-6290637dd557,JAF-002,1,1100
d7b880be-e8dc-4875-bf61-07fe9a4ed5be,e4678531-6bba-4b08-97cc-ed88add10492,BEV-005,3,400
8c6e6f72-ae66-4a2a-9549-b9b1b27aa6cd,59a509e1-46c4-41a9-aed8-47e5bf14ae89,BEV-005,1,400
7d60e219-13b2-4a33-a250-e678e2bdbeb8,606fbedf-f840-4729-a0fa-afa9c4707986,JAF-001,3,1100
7acd3e6c-9842-4e7b-a8ef-57aac89c465e,606fbedf-f840-4729-a0fa-afa9c4707986,JAF-005,1,1200
51a81e22-20f6-43c7-9d49-37ba7a5710f1,dcff6de2-05fa-4bc4-afd2-a3e47bc96aaa,BEV-004,2,700
509541a9-e056-40d3-a026-cd71f8a20aec,638232fb-36cf-4fab-bf38-fd4ecdd0f183,BEV-003,1,600
d4ff7d6f-55c7-4be8-9dd7-9fb0da07118a,57d75ad9-ee23-4847-9aaa-4e6fa3850623,BEV-002,1,500
699745ab-98a2-437d-8ab4-1ef05e52ce47,57d75ad9-ee23-4847-9aaa-4e6fa3850623,JAF-004,2,1400
b557751b-3e58-4565-8409-5b4d62636d11,57d75ad9-ee23-4847-9aaa-4e6fa3850623,JAF-004,1,1400
a74c2c54-7e2d-4f73-bc37-d21c32954807,57d75ad9-ee23-4847-9aaa-4e6fa3850623,BEV-002,1,500
7e3858b2-7315-4d2e-b20e-3837a0708a92,e347ec1d-7f68-4a9e-91fa-25704568b78b,BEV-002,1,500
c8cb5b5d-1cff-4d23-ab28-6e1057440591,e347ec1d-7f68-4a9e-91fa-25704568b78b,BEV-003,1,600
1a91e1fd-2e21-455a-a751-179b9b85f142,51c8e52d-a43d-449d-b927-deef8853935d,JAF-999-DELISTED,2,1200
48347122-19fb-406c-b7a2-db05eb5c7e20,51c8e52d-a43d-449d-b927-deef8853935d,JAF-005,1,1200
6e2193a1-cc92-4ae1-b839-330fd5f90dfa,51c8e52d-a43d-449d-b927-deef8853935d,JAF-999-DELISTED,1,500
c9861757-63b1-402c-becb-728cf609e081,51c8e52d-a43d-449d-b927-deef8853935d,JAF-005,1,1200
d6147020-c7a3-426f-8165-baef8f85233f,2b36f8e1-6afa-4adf-9e1b-2ad6d66a9552,JAF-003,1,1200
2d41388a-6e9d-4a01-aea3-204227b89f83,2b36f8e1-6afa-4adf-9e1b-2ad6d66a9552,JAF-001,1,1100
9de85036-6ed6-4cd9-8a80-150ffd67c9aa,2b36f8e1-6afa-4adf-9e1b-2ad6d66a9552,JAF-003,1,1200
138bd694-a7ad-42fb-98ad-e212a8f3efa7,2b36f8e1-6afa-4adf-9e1b-2ad6d66a9552,BEV-001,1,600
f661e5e2-3043-421b-a48c-2c65e56f8265,322150bc-1b4b-46a4-9bd0-707c1a3e256b,JAF-005,1,1200
86b2e573-3f80-44bf-b729-f66b34a19849,eb1ddce5-5bb5-41cb-a429-96d3460e45fc,JAF-005,1,1200
14d88e95-309a-4d7e-8506-64d5e10c27b9,eb1ddce5-5bb5-41cb-a429-96d3460e45fc,BEV-002,1,500
dd41cf85-19dd-4a7b-a55e-4495501ac297,eb1ddce5-5bb5-41cb-a429-96d3460e45fc,JAF-004,2,1400
e90dc86e-2c95-42cf-85e8-822147bf8392,8d7381af-4947-4e3e-8ac6-43c868390c46,JAF-001,1,1100
4e10b0d2-ddbd-4ff2-98e6-8bab365d1d57,207fb05f-11d9-4ed8-b9b5-01c1acda8a5a,JAF-002,1,1100
622c762a-b021-4145-a11c-effeb7f9fda3,207fb05f-11d9-4ed8-b9b5-01c1acda8a5a,BEV-003,1,600
f3c6a122-6e51-42a0-baef-c647b39bd30a,29cc28f9-d1b3-4987-a42f-5caa478745c6,BEV-001,1,600
25fa2041-b517-43f9-9149-1495faa9681a,29cc28f9-d1b3-4987-a42f-5caa478745c6,JAF-001,1,1100
62ae635c-f62e-4d62-b8f6-ef107aeb8589,29cc28f9-d1b3-4987-a42f-5caa478745c6,JAF-003,1,1200
774f9105-681e-499f-ad85-19eb9135ef35,5da6d562-c745-4e75-aeb1-328f97c95271,JAF-003,1,1200
2fcfc82f-63fa-4cc4-af15-7f92fa4d035d,5da6d562-c745-4e75-aeb1-328f97c95271,JAF-002,3,1100
4b42a18a-a724-41e7-b4e0-f879127a9eab,5da6d562-c745-4e75-aeb1-328f97c95271,JAF-004,1,1400
79bb3989-da76-458c-8f68-7d8e76fc6019,51c3b093-c793-4fe6-9856-95ea3050953a,BEV-004,1,700
d0ae182d-17a5-4bd9-997c-94a04f12e1ba,51c3b093-c793-4fe6-9856-95ea3050953a,JAF-004,3,1400
0a0381f2-e958-41b9-a93f-eb205c2035c2,51c3b093-c793-4fe6-9856-95ea3050953a,BEV-002,1,500
b652e4b8-6a59-4545-ba98-2a6bd9ab8233,51c3b093-c793-4fe6-9856-95ea3050953a,JAF-003,1,1200
49382d13-98a6-4057-aadd-566baa937686,0b9dfc8d-dca5-4503-abb7-3721dae9e2b9,BEV-005,1,400
6da5e36f-dfc7-447c-890e-c1e4224e8c38,0b9dfc8d-dca5-4503-abb7-3721dae9e2b9,JAF-001,2,1100
3c201095-27f7-4cfe-af06-620ae662ad85,61b9bb20-e3d1-4ffc-91b8-752c1132bca5,BEV-004,1,700
231f97e7-6e6c-4c74-811e-dc644acf41f2,61b9bb20-e3d1-4ffc-91b8-752c1132bca5,BEV-003,1,600
88387c54-2463-4ab4-b52b-c0f2633820aa,61b9bb20-e3d1-4ffc-91b8-752c1132bca5,BEV-004,3,700
7a2d01ef-cc10-4fb5-adad-6c6afd88f17b,67771298-9c43-4f27-9eb7-0821c4e6319a,BEV-001,1,600
ff5ebf43-51d1-4e32-831a-594ebfa15d13,67771298-9c43-4f27-9eb7-0821c4e6319a,JAF-004,1,1400
343bc809-b6d5-44b0-8dd1-f834bb3a5155,a4885651-89d0-4fce-be41-914c6a984a0c,BEV-003,2,600
49631b54-747c-49cd-90fe-dd2aaad7bf7e,3dc449cf-3450-4c68-a886-9c21a41831fc,BEV-002,2,500
e6c702d2-036d-4007-823c-691f8878fc9e,563eda74-21cb-4c18-8540-3bad33c13a8e,JAF-003,1,1200
7b323f80-8f91-467a-9f59-c31ce59647b9,754de991-f08e-4c2e-ab8c-b4799701e228,BEV-005,1,400
e1d9b011-c49d-4ba3-a35b-e97f27e6bb33,754de991-f08e-4c2e-ab8c-b4799701e228,JAF-003,1,1200
ed290ca2-a52f-417f-8f6a-31eaffda7bf6,754de991-f08e-4c2e-ab8c-b4799701e228,BEV-001,2,600
4bb7a498-62be-47a1-b734-32c914a2af0b,754de991-f08e-4c2e-ab8c-b4799701e228,JAF-003,1,1200
e6b8fded-a8fc-40a3-84d5-9cf44014f98a,11234e0b-1283-4d0a-8a19-f13b8802b460,BEV-004,1,700
6f60804d-336b-494e-ac28-9442e7c4a30c,d5a6b890-1834-4f4d-9784-bcc216d04978,JAF-004,1,1400
90be5e85-2db3-45ed-8f26-53c05d5198a9,d5a6b890-1834-4f4d-9784-bcc216d04978,JAF-003,3,1200
4206ccc5-2bb6-46b7-b847-d1611c43b6ce,08aaa4b1-8ef4-4e8d-8f08-b9128dd269b3,BEV-004,1,700
2b35ab01-392d-46a0-9a61-ad8e5c34e758,08aaa4b1-8ef4-4e8d-8f08-b9128dd269b3,JAF-001,1,1100
cd0f3639-d0a5-40e3-ab67-e5882bdca367,bd5a8e5b-a701-485f-87e7-01f9ed4f669e,BEV-002,1,500
355c0f78-812b-46c5-8dcf-5f155606a363,bd5a8e5b-a701-485f-87e7-01f9ed4f669e,JAF-001,3,1100
af3e56f5-9b17-4337-927a-c06f4fedfc8e,43b564c5-1735-4e4c-bb18-b5a4834f99cf,JAF-004,2,1400
2ba445ad-9701-40fb-96e1-f18f4c51e4f9,43b564c5-1735-4e4c-bb18-b5a4834f99cf,BEV-004,1,700
56cebcfb-83f5-4943-9957-0ec19c87ad43,942e4be1-17fd-46fa-b554-f38ea4447adb,JAF-001,1,1100
725dfcd7-e642-4ab2-a12f-fcd80b446cbd,d6f568e5-f94b-42e6-a94f-4b550be76db6,JAF-005,1,1200
05701e6c-887e-4e0b-a438-448a38fe21cf,d6f568e5-f94b-42e6-a94f-4b550be76db6,BEV-004,2,700
a83f78d2-e521-40f6-8594-bdec893740bb,33839eaa-89ff-43fb-85cf-a3a7d48c8bc6,JAF-004,2,1400
91efb87f-ed23-4bd2-8cd8-40688a40acb5,853bb768-d554-4db5-9893-b3e0464541f2,BEV-005,1,400
c13db85d-18c1-407a-8b38-db1392304e14,853bb768-d554-4db5-9893-b3e0464541f2,JAF-001,1,1100
3ccfbb9d-3b2e-481c-97b1-ac83f63e2ccc,853bb768-d554-4db5-9893-b3e0464541f2,JAF-004,1,1400
2cbe5ec5-c81d-4ea7-90d2-7f0864546506,0486bd6e-0223-45e8-8b72-dcda0c462c2b,JAF-003,1,1200
0b6d2455-834c-4acd-9356-8d5dcf5b91db,0486bd6e-0223-45e8-8b72-dcda0c462c2b,JAF-004,1,1400
b9d547b4-681a-418d-a137-b39e04432ad5,0486bd6e-0223-45e8-8b72-dcda0c462c2b,JAF-004,1,1400
48099868-f041-4e6f-982c-63a9c8982f99,0486bd6e-0223-45e8-8b72-dcda0c462c2b,JAF-001,1,1100
1cef372b-0da2-4f1f-b6cd-c55009f9a41e,4d974546-91ca-4526-8c18-2245159ce8b4,BEV-004,1,700
e3681060-1c2c-40c8-8bc9-84a70d3639e3,4d974546-91ca-4526-8c18-2245159ce8b4,JAF-001,2,1100
2afa98da-b621-4770-b716-65a6cec5281c,4d974546-91ca-4526-8c18-2245159ce8b4,BEV-002,1,500
eece6317-1c6a-4b9f-8c1b-139ea8e1627a,671967f1-6539-45ae-9c14-f8dd3707ba05,BEV-002,1,500
1b8c47f1-0583-4963-8028-33368ec6e34c,6470f4cb-1b03-4dd9-ad46-a3716c20fd8c,JAF-002,2,1100
db8e8e08-31f0-470b-b4c6-37b36cd489f5,debf14ea-c1aa-44d4-89c2-c24fb8204bed,BEV-001,1,600
70eff328-f3d8-4349-ba97-419591ce484e,debf14ea-c1aa-44d4-89c2-c24fb8204bed,BEV-004,1,700
250d579d-b16c-4d6e-8659-2c7da0e4e48f,11e12029-3d01-4244-89a5-186d87cee1ad,JAF-001,1,1100
603160db-8731-4127-b970-cef81215e2d5,ad2c587b-93fb-4f47-9e15-9847bcc633e3,BEV-005,1,400
ad1e77d1-5e84-404c-84df-563116013043,ad2c587b-93fb-4f47-9e15-9847bcc633e3,BEV-002,1,500
e3621e2c-e191-4994-a5cd-d410a5351c53,7d46132f-2b05-47f1-912d-959aba4685ca,BEV-005,1,400
d0757571-ea0e-4bf1-ab83-a48fc3edc6ab,4da79b72-5228-4e3e-843b-68d1c4a4784b,BEV-001,1,600
b77a7de6-e8ad-4a79-aaf4-7b37d6090867,e469fc98-1f1f-42f4-a0c4-c6c74318f4f3,JAF-005,1,1200
cf561e1f-ca51-4d76-9acf-af49303a1689,42920e51-240c-4a8e-8dba-6c38f8d22aee,BEV-002,1,500
7d1d47ca-b335-4ece-af17-b487cc38a4df,c511644e-a03f-48d1-beae-4ca909fee59e,JAF-001,1,1100
c028aae4-1d23-4862-9b60-05697135ba73,c511644e-a03f-48d1-beae-4ca909fee59e,BEV-002,1,500
2d44f4a2-5567-445c-afa3-c0d00b33149d,c511644e-a03f-48d1-beae-4ca909fee59e,BEV-001,1,600
eba13002-c8b4-49d2-88db-13ad96e937df,d21e4e06-d005-4429-a747-f68748bb0200,BEV-005,1,400
9ecdbc7d-abef-45ae-9f1b-8100708a75c6,d21e4e06-d005-4429-a747-f68748bb0200,BEV-004,2,700
6c99beda-516f-4462-bc7d-fd4547d02006,07da5825-95f9-4e45-b944-9c25c53c5583,JAF-001,1,1100
b450ff56-6201-4f28-8df8-75dd1bf2124e,07da5825-95f9-4e45-b944-9c25c53c5583,BEV-001,3,600
e1c27250-a558-432b-a8fc-b64d8d9dec76,5562c740-99d4-4163-a994-440f5789fd24,BEV-002,3,500
981c322e-c6dc-4654-985a-41338652f3cb,5562c740-99d4-4163-a994-440f5789fd24,JAF-002,2,1100
e2572a14-6e79-4d02-a262-e05d0fbe21f8,5562c740-99d4-4163-a994-440f5789fd24,BEV-001,2,600
9def4358-2139-4b68-9774-96863a843cd1,5562c740-99d4-4163-a994-440f5789fd24,BEV-003,1,600
5e6a08a9-2821-4212-9cc0-a0626b19385e,18860ecf-735e-4fda-a6b3-9edb255f2946,JAF-001,2,1100
9f365a35-1e76-44c8-8ade-5ac9fda51d33,a0a9aca5-a2b2-4314-b074-3d4ab437d3f9,JAF-003,1,1200
91788440-abb7-4224-b925-c428bb7162e4,aa80f285-11da-470d-ad1f-d4e452c2150d,JAF-002,2,1100
b529ee3d-2434-428b-9744-c6b338a8e6f5,aa80f285-11da-470d-ad1f-d4e452c2150d,BEV-004,1,700
e9893ad0-bcd1-4257-be41-6b25df73720a,aa80f285-11da-470d-ad1f-d4e452c2150d,JAF-004,0,1400
62fd4a09-359e-4f01-b600-f352f2716d4a,aa80f285-11da-470d-ad1f-d4e452c2150d,JAF-002,1,1100
96908fc1-7905-4900-9137-f91ea869799d,97a749d2-7850-441e-99be-05d74b5c6955,JAF-004,1,1400
3434ba55-13fb-4da8-9fea-2198f0c8c5f3,97a749d2-7850-441e-99be-05d74b5c6955,JAF-001,3,1100
f2779fb1-261a-4322-81a7-957a0139239d,97a749d2-7850-441e-99be-05d74b5c6955,JAF-003,3,1200
12e36704-4d0b-48f2-8b8b-aab172742bb9,97a749d2-7850-441e-99be-05d74b5c6955,JAF-999-DELISTED,1,1400
463c0018-59ca-47fd-bceb-3ae33c49866f,53e23de6-bb01-427e-b87e-44759e631c37,BEV-005,1,400
072c2a0b-bda6-4c20-aa9a-8b42a4c46ad6,53e23de6-bb01-427e-b87e-44759e631c37,BEV-004,1,700
6fa2a9ac-c953-46e4-a8f1-cc20a1ab4a3d,53e23de6-bb01-427e-b87e-44759e631c37,JAF-999-DELISTED,1,400
37bf75c9-a989-43c8-8693-b1594b7e7e65,e9ef0d52-776d-4f5f-b861-79146f7daece,BEV-001,1,600
f0cedd70-198f-48e5-8586-8101a737cde1,e9ef0d52-776d-4f5f-b861-79146f7daece,JAF-003,1,1200
4a12af71-cddc-45f7-92fb-36765d3bac97,d1977379-6e50-4112-a480-85c9b06b55dc,JAF-002,3,1100
e46fdc10-8abb-4246-ab6d-4aaaed0e0cd8,174cce56-731a-4a45-9a09-ad8f00ff6689,JAF-002,1,1100
a8e68a27-5594-4b4e-bc7d-6026424568e0,174cce56-731a-4a45-9a09-ad8f00ff6689,BEV-005,2,400
ae6a9eb9-34ef-4edc-93a1-61f477791d54,c5145d70-a44c-42f6-8c57-84ff07b390a0,JAF-003,1,1200
805367f9-a304-4448-a300-917c4d711ee0,c5145d70-a44c-42f6-8c57-84ff07b390a0,BEV-002,1,500
a7b079b1-efca-4508-8968-1a2418158505,6e5d0114-701d-4b00-b1e4-07d2b00826bf,BEV-001,1,600
f1f7e567-4184-4251-89a4-9fd46749aa91,dd48ff52-5cb0-48b8-b7eb-771120e5c22e,JAF-003,1,1200
c9fc8599-9dab-4008-891f-56e1a0ca15dc,dd48ff52-5cb0-48b8-b7eb-771120e5c22e,JAF-002,1,1100
1f5d2af4-f557-4e93-81c6-ded76945f2d5,dd48ff52-5cb0-48b8-b7eb-771120e5c22e,JAF-003,1,1200
6c49da9b-bacb-4f9d-90b4-cf59cbb95deb,dd48ff52-5cb0-48b8-b7eb-771120e5c22e,BEV-005,1,400
e29d6cd3-1c39-4bcd-81c9-a448dc8242c8,758f51cb-b19f-4bc8-a599-e5902012b635,BEV-003,1,600
0333b864-7469-40e6-887c-702c9e15237b,077dfc5e-0bb2-47c8-a515-68336ee54c26,BEV-002,1,500
67feaa6e-e3c8-4c7d-b68c-348a5c63c43a,077dfc5e-0bb2-47c8-a515-68336ee54c26,JAF-003,1,1200
24853ccd-e64f-4fec-bbb2-aa4c749343c6,680120b7-8603-4f6b-a7de-384be760769e,JAF-003,2,1200
ebc7faaa-91d0-4aec-8e4d-2e9ad61bcc91,680120b7-8603-4f6b-a7de-384be760769e,JAF-003,1,1200
e1ac125d-2445-455a-afd3-9edb1e2cfe3c,29f46b45-2b5b-4890-8ac9-0d9e242095a4,JAF-002,2,1100
3b1354ce-cea4-4b0e-baa7-a1c8e1d05d6d,0e1b7071-6f6c-44fb-8f7a-6e73da639393,BEV-004,2,700
fe9a6a76-21a7-4495-a080-9ea011eefcb9,5e9d244f-ae40-44b9-a66a-7ef654bf9196,JAF-005,2,1200
c1f3ce98-0f6c-42d0-be4b-372e644bee2c,87d2d805-ea81-4a0a-a8c3-d7901ee5743d,BEV-001,1,600
fb581c56-792c-4aad-ab0f-e7f322407612,9204eef5-a92b-4c47-9d34-3cbbf1842398,JAF-004,2,1400
e6e3917e-272e-4e37-aee0-c65f337a1de4,1bce7dd2-ee69-4f9d-b2eb-38927ccff6a8,BEV-004,3,700
7331c16b-144c-4fd3-b9d9-73d1199042d2,1bce7dd2-ee69-4f9d-b2eb-38927ccff6a8,BEV-005,1,400
48f3623a-c766-43b3-99bf-91ae9bbd4b5a,1bce7dd2-ee69-4f9d-b2eb-38927ccff6a8,JAF-005,1,1200
cb5cb2a5-854a-43da-892b-fb87393afff2,1d38cb36-4a5d-4019-8bd7-8af6fdf6ec58,BEV-001,1,600
a0f45389-1ca8-42d5-a53d-c5e1c8d37e40,b37b879c-b3b8-41b5-9f1b-13de6bcf1a82,BEV-004,1,700
a0414ea2-325a-4bbd-bfc5-c3e12150ea4d,b37b879c-b3b8-41b5-9f1b-13de6bcf1a82,JAF-003,1,1200
cd752df6-8b20-4231-bb1c-8309e07ec61b,b37b879c-b3b8-41b5-9f1b-13de6bcf1a82,JAF-005,3,1200
128a4037-894b-461a-b1cc-25d4fd5cd777,b37b879c-b3b8-41b5-9f1b-13de6bcf1a82,BEV-001,1,600
e9096890-0b14-40cc-9b9d-ee64f4f010b3,627b38c7-aeed-49ac-b4c0-0c7def23ae62,JAF-001,1,1100
90de75a7-770b-45cd-bad5-237d40cc7cbb,627b38c7-aeed-49ac-b4c0-0c7def23ae62,BEV-001,1,600
ab458f8f-28f3-4944-a353-c7519d4ff795,96c00355-cf89-4b6b-b421-01326a6c3ae5,BEV-004,1,700
7c88acf3-6fb8-46f8-8c7b-2dd9e98a51ef,96c00355-cf89-4b6b-b421-01326a6c3ae5,JAF-001,2,1100
c3980651-2dfa-4ab0-b935-3e18273ef7e6,cf995d47-0373-4c76-98ec-df2f62e7643c,JAF-002,1,1100
dced6b03-c040-40e4-b4df-7d9b25e151b5,cf995d47-0373-4c76-98ec-df2f62e7643c,JAF-002,1,1100
87bc05ba-e468-4203-8396-738f8ee30606,cf995d47-0373-4c76-98ec-df2f62e7643c,JAF-003,1,1200
2c12e65e-cbd2-424b-80d2-592dfcc7f2af,cf995d47-0373-4c76-98ec-df2f62e7643c,JAF-001,1,1100
0df09f48-70e7-4edd-a184-efb4b9424f37,1f91b07b-e349-4e3a-aa24-c8e8b94970d6,BEV-003,1,600
aefd8012-2e99-4a84-981d-7990e2ca2f21,1f91b07b-e349-4e3a-aa24-c8e8b94970d6,BEV-002,3,500
4d2b0523-a93d-4771-9c1e-a6b01c8e8aa9,1f91b07b-e349-4e3a-aa24-c8e8b94970d6,JAF-002,2,1100
34aea2fb-4b73-4be3-8eee-954f7a4a8f4b,a8d70b24-db60-494c-b793-5fa4c1064acc,BEV-002,1,500
3aede1cf-da3f-4fca-a5f8-b2ea19d864dd,9ac05cc6-169b-4b69-9f49-991a4773ca6f,JAF-005,1,1200
ee74a508-6907-4adc-931c-84bbdd6949d8,50d1d686-2262-48cd-98f0-31f6430ffbc5,BEV-003,1,600
c9595def-c926-41c1-8b61-3313f30f407b,dba99e5b-db40-4d92-80c5-25c6a9782915,BEV-003,1,600
14aa6910-a524-476d-a15c-a7d5a969a8d0,dba99e5b-db40-4d92-80c5-25c6a9782915,JAF-001,1,1100
1f01411f-1fd1-49a5-9508-2f898485bb9d,6956e0f4-3bfb-4109-b121-3f362f5604dc,BEV-004,3,700
122001ca-de7a-4dbc-8dee-8e3995c08eb8,15804970-6eaa-4f79-aba0-c26028c78f11,JAF-005,1,1200
5229ea48-7330-4458-b17e-94aa36c699ec,8fdf5696-a3f0-4ba6-a2a0-79ad511f9900,BEV-003,1,600
31e16b44-6428-4988-88ab-668b161840d2,8fdf5696-a3f0-4ba6-a2a0-79ad511f9900,BEV-005,1,400
cbbda670-9dd3-438d-b5a9-04081ae74046,94ace6a1-cbd2-4a5c-ab52-2e47e1e16efe,BEV-004,2,700
56309347-5bf8-4b1a-ad15-ef6b2fecb44b,94ace6a1-cbd2-4a5c-ab52-2e47e1e16efe,JAF-002,2,1100
cd3c9a9e-fa70-41b8-8a00-99a04d439221,6cca5067-15de-48c2-ac97-6d9c62d2969f,BEV-003,1,600
9d05fd41-3880-45d3-9a20-7fdc6752a85d,136a7345-bbb6-49e1-8a87-b8778f2b493e,BEV-004,2,700
ccd78e47-c6a2-47ce-870b-d8c50cb2c300,136a7345-bbb6-49e1-8a87-b8778f2b493e,JAF-003,1,1200
1736d363-63fb-4a21-8233-4cbc94667830,b6a19b4c-534b-4704-b4f9-37e6ce42ac4c,BEV-002,3,500
5aa5724f-55ac-4835-b183-e3bf9b95f8b2,b6a19b4c-534b-4704-b4f9-37e6ce42ac4c,BEV-005,1,400
0d852482-b386-44c2-b983-cf48592a362d,3e64a3ec-f911-4f6e-87b3-1239057d67ba,JAF-003,3,1200
cb1ed30f-abbc-4449-8851-a60b20ea2482,3e64a3ec-f911-4f6e-87b3-1239057d67ba,BEV-002,1,500
8f822028-55c4-46b8-9f2a-05d2a2cca2b3,27571885-ec10-4b63-9ef6-019a3b9a15d1,BEV-003,1,600
ea2e9d37-4a6f-434f-af41-0ff2b7120eb5,27571885-ec10-4b63-9ef6-019a3b9a15d1,JAF-002,2,1100
034ca49e-5a79-4555-af1b-9239b05d7f91,27571885-ec10-4b63-9ef6-019a3b9a15d1,JAF-002,2,1100
58682e38-d5de-48f3-bd05-487074b943ad,27571885-ec10-4b63-9ef6-019a3b9a15d1,BEV-005,3,400
6921908e-ce86-4cf8-b923-afe218ecb353,7c989325-1b3d-45b5-9ad8-c1f1433447ed,JAF-001,1,1100
f318d757-ae2b-4e5d-ad30-dabd601a032a,7c989325-1b3d-45b5-9ad8-c1f1433447ed,BEV-005,1,400
55909bf6-6d3d-494e-bbdd-09903123d461,3ec86309-feba-4e1b-ad1f-87725ece8a0d,JAF-003,1,1200
2a51214a-5621-46be-8a8a-08ea7c2c4734,cda0d31d-573b-43a2-8dc3-7a131dff2343,JAF-003,1,1200
da1dd21a-2fa1-4d5d-8b55-b48c1fa46f34,2fdede09-005e-4e94-9d24-743050673091,BEV-003,1,600
9fc2a114-0d6d-4d8f-89fc-3b6944be3917,86037b75-b2c0-459e-abd0-be5726599bc2,JAF-002,1,1100
e53d2351-1836-4308-be2d-a5349a896073,86037b75-b2c0-459e-abd0-be5726599bc2,JAF-002,1,1100
b120fb55-c082-4f3d-9606-756407334e49,86037b75-b2c0-459e-abd0-be5726599bc2,JAF-002,1,1100
81ed1317-348c-4acd-8f42-5d88463d160d,f108e134-604b-41d4-ab96-117dcb3ee07c,JAF-001,1,1100
4a4b23ff-4049-4850-9a7d-a42905eccbdc,f108e134-604b-41d4-ab96-117dcb3ee07c,JAF-003,1,1200
7795b7b6-c316-4942-9e45-03727ba41c3d,d47526e6-51ea-4339-9249-b66542faacc1,BEV-003,1,600
6c07dc83-b984-4a77-b94e-d94be4c9afb6,4f08ac35-c0cc-48b2-a31b-47f1c721c957,BEV-001,1,600
67890a21-d614-4bcb-bdf8-c06a29ff038f,6e1ad76b-7283-4c87-ac18-ed95d26eb3c9,JAF-002,1,1100
1dd029af-a4e0-4ef8-9cb1-90bbdc5a4152,ae23f2a4-7d54-48f1-a950-1ae14e72a175,BEV-001,1,600
c8da3b01-5f46-497a-9851-2d0056f78d43,6098ea5f-46dc-4d20-9743-535f86eed2bf,BEV-005,2,400
b925fba9-c04f-460b-95b5-f8852e4f34df,6098ea5f-46dc-4d20-9743-535f86eed2bf,JAF-003,1,1200
03fc01fa-8ac3-43ce-b692-1eb1d1e53288,6098ea5f-46dc-4d20-9743-535f86eed2bf,JAF-005,1,1200
daaf93f4-401e-49e8-be8e-7b6e97fc3d9e,858d1698-fa52-4cdf-903d-2f156ced2832,JAF-003,1,1200
650ff32e-eb7e-4e41-8589-a1c1c61e8932,5f264045-45c5-4532-aebb-1b6eb997500f,BEV-002,1,500
a0d88014-7ae4-4e81-85a5-52a5dba52ab0,5f264045-45c5-4532-aebb-1b6eb997500f,JAF-002,1,1100
ee0ee769-04e1-4894-810f-849685d3acea,790edfbf-2ec5-4861-96be-07d8d5898aba,JAF-001,1,1100
38d4aefc-bf9c-4686-ae15-890ec21e1824,790edfbf-2ec5-4861-96be-07d8d5898aba,BEV-003,1,600
740586e4-daf5-464b-ba63-5ef67ab2d493,790edfbf-2ec5-4861-96be-07d8d5898aba,BEV-005,1,400
1221246b-c45b-413b-a1e5-d4e6e847fc79,12b03779-5564-4672-bc05-ea16b3c139df,BEV-005,1,400
f3cca864-c3f5-40fb-b34e-09032e3a74c7,12b03779-5564-4672-bc05-ea16b3c139df,JAF-001,1,1100
4feedf72-7da4-4549-87a0-105595ad9e31,12b03779-5564-4672-bc05-ea16b3c139df,BEV-005,0,400
5261c0c2-484f-4c3d-8ca1-8aa0d3cc4577,12b03779-5564-4672-bc05-ea16b3c139df,JAF-005,1,1200
d97a8b86-dab1-474d-b816-a4a06b3112b0,055f2707-2727-4c7d-8d48-3951394a835d,BEV-002,1,500
2ee50976-54cd-46c6-b655-83b6d7c4bfbe,055f2707-2727-4c7d-8d48-3951394a835d,BEV-004,1,700
1dbd99b0-52b3-4d03-bd10-3cc402b45124,055f2707-2727-4c7d-8d48-3951394a835d,JAF-002,2,1100
32e37c2c-3fe7-441c-be70-006dff5d2a3f,8c3e7afd-12b6-4427-afd1-80f301ce6362,BEV-002,1,500
d2d91112-8ebc-47e5-9dbf-911e44c12032,8c3e7afd-12b6-4427-afd1-80f301ce6362,BEV-004,1,700
9dc89f2e-108b-4538-abbc-109e129d3834,21fc58e9-9674-4c1b-bb56-a7ba435e3afe,JAF-001,1,1100
a114502e-1ab9-4c2c-9671-257e2ac8a47c,21fc58e9-9674-4c1b-bb56-a7ba435e3afe,JAF-004,1,1400
3a26b053-bd26-41c2-89b3-f597d844013b,21fc58e9-9674-4c1b-bb56-a7ba435e3afe,JAF-004,1,1400
48d1ff1e-9fb1-43ad-a10f-1c3969cb863d,a42d0b85-b47c-497e-b5b5-e568f846f52e,JAF-004,1,1400
cb10ce94-f3ad-4658-8a33-84447f07861b,a42d0b85-b47c-497e-b5b5-e568f846f52e,JAF-001,2,1100
fda38b46-61a6-46c4-ab27-8c1155cd63c8,e67a2e1b-e9dc-4621-8b15-fef5c065a5ef,JAF-002,1,1100
e323231d-ccc4-45e6-977b-6a2031835600,423164cc-0632-4a11-8b24-3a5f1fdc04da,JAF-003,1,1200
dda3ab38-1569-4456-92f9-bf49ae80d50d,c879e41e-4fee-40fb-96dc-96ff51b49004,JAF-003,3,1200
31602b2d-eaac-4b8a-a642-1f20b63423a2,c879e41e-4fee-40fb-96dc-96ff51b49004,JAF-003,1,1200
e7598628-f178-4140-9c54-b4379d170df0,c879e41e-4fee-40fb-96dc-96ff51b49004,BEV-002,2,500
cf5b8a05-3ff0-4c1d-8486-519e99e65002,54b78d30-2800-4968-a560-ec8096401277,BEV-005,2,400
6c3471cf-7047-4372-bc84-8b5812114b80,3a08a221-6907-4df7-8436-135d3351a025,JAF-005,1,1200
087aafed-da6d-483d-b0ea-0af8123c36c7,0e5a30d1-7310-4c9f-b738-9a1784d1c680,BEV-002,1,500
03729729-70a2-4dff-a272-8b0a08eaebca,0e5a30d1-7310-4c9f-b738-9a1784d1c680,JAF-003,3,1200
a43e8c24-a90f-4dfa-bd32-e8a1ed90ad50,0cea8c17-4403-410e-a0e7-6fc61a0bfb05,JAF-005,2,1200
50e8e7b9-538d-4a4e-8635-3ad6cc4cf1f9,fe05dd37-55ed-4ad7-a396-2cea4d9e3d34,BEV-004,1,700
42336c38-4d3c-46db-bb24-e4f5dedb20ba,f384b88d-3200-41ff-ab91-9ba1304d6c62,BEV-005,2,400
09300bfe-eb3a-4229-9bfd-ecbd1a13e68c,7232559d-d246-4cd5-905a-1f310ae6754b,BEV-005,2,400
deb62fe0-c734-4f27-9597-568faca3d1e4,7232559d-d246-4cd5-905a-1f310ae6754b,BEV-004,1,700
cfbec94a-e7a3-470c-8960-d450882df3b7,7232559d-d246-4cd5-905a-1f310ae6754b,BEV-003,1,600
817066bc-9976-4910-b514-2ce0c908392d,81f25385-cefb-4d60-aa59-8ce2837620ca,JAF-005,2,1200
184e2af6-ba05-4ad1-9f6d-0c321a00d836,81f25385-cefb-4d60-aa59-8ce2837620ca,BEV-002,1,500
68ad9f65-64d6-4f80-9300-7ed254b0a55a,81f25385-cefb-4d60-aa59-8ce2837620ca,JAF-003,2,1200
96ddd1c7-5c5b-40de-a368-ff8d4ce31434,81f25385-cefb-4d60-aa59-8ce2837620ca,JAF-001,2,1100
6e7c87dd-f2d1-47e4-8e4b-f5e66c631a7b,dea73aef-b915-4ef4-b6bd-f3f862016447,BEV-003,1,600
f4d55d27-2ce7-4915-abc5-716f39f76827,d0c969f0-efa9-482a-9c67-7c1999a051b1,BEV-005,1,400
73aa5124-dd25-4967-b29e-8cc57f1a1a9d,b9c567fe-1638-430d-b7b4-148421ba2da4,JAF-003,1,1200
1fda6cd9-ab72-4c15-9f36-482003768cf7,94a148ff-b6cf-4d5b-a303-6def9eb56ebc,JAF-001,1,1100
fe5c72b0-9c0b-40b8-89ca-fcc565e85fb6,94a148ff-b6cf-4d5b-a303-6def9eb56ebc,JAF-004,1,1400
a531f381-f0da-4e1c-b9f5-154a4fc3ba43,74c91638-bc8e-4bb8-a0df-74b8ec17ab3f,JAF-004,1,1400
ceb520a1-fe73-416b-8bb3-0e701728ba02,bccf365f-8dc9-4581-bb27-52870a6d270c,BEV-003,1,600
e1dae55c-e30a-4a3f-b3dd-6af12d44728e,82770870-6e22-4c09-85a2-cef788ead908,BEV-001,1,600
73a83cd0-73d1-4464-8f79-b6344adfeb0e,82770870-6e22-4c09-85a2-cef788ead908,BEV-004,1,700
660b383e-d004-4591-865e-2fdaf8fad3df,82770870-6e22-4c09-85a2-cef788ead908,BEV-005,3,400
95bbe959-eafc-422a-b4a5-3420bba1debe,14bc5ece-108a-4887-94f5-9d6c481d9c4a,JAF-999-DELISTED,1,1400
90c86dc3-9593-4ce5-891d-649b3d0e43fd,14bc5ece-108a-4887-94f5-9d6c481d9c4a,JAF-005,1,1200
b800bf0c-b964-4554-a71f-9701f325afee,0a0ab9af-503b-4f47-a11f-8cc46f1839b4,JAF-003,1,1200
f3b9438e-e43a-4973-86b7-d3be051d880e,0a0ab9af-503b-4f47-a11f-8cc46f1839b4,BEV-004,0,700
ad533a6b-a1a1-4a09-b0b1-cfd7e2328891,0a0ab9af-503b-4f47-a11f-8cc46f1839b4,JAF-002,2,1100
1c514b13-f7a5-4775-93df-0be0c269be0a,b1675349-4004-4de4-8eb6-32f65635e6d2,JAF-002,2,1100
81f8da5e-7127-4e2e-9e48-3bfc4f70aba1,b1675349-4004-4de4-8eb6-32f65635e6d2,JAF-002,1,1100
8ecaa46d-86c6-411d-a509-7cd45600ebe3,fc707f82-7fdd-4ca1-b6ec-8ae0a0454dc2,JAF-001,0,1100
099e6f68-2cbb-4270-bbf7-d29afb859ff4,fc707f82-7fdd-4ca1-b6ec-8ae0a0454dc2,JAF-003,1,1200
0ecdd31b-0497-4000-b4ba-d689d9fc32ae,fc707f82-7fdd-4ca1-b6ec-8ae0a0454dc2,BEV-003,1,600
2573bf7a-6e20-4b79-886c-548ba1dc5efd,48203751-2399-4d8f-98ab-15982a636244,JAF-001,1,1100
d22b4c0b-5498-4caa-8970-baa674ca14b3,db684d16-e410-4625-9625-631d96c9c58d,BEV-001,1,600
17b5171f-9827-4e5b-897e-9b03d204f208,be93624f-f891-425e-8013-fa0dbe8dace6,BEV-003,3,600
b5b3bda8-ef44-4bfd-a4bf-63697fcbfd61,be93624f-f891-425e-8013-fa0dbe8dace6,JAF-003,2,1200
fa81643e-e9a2-4e59-919a-1a944a800a22,86e6e632-857a-4340-a61e-a6f0c6805d5d,BEV-001,1,600
c0b4b2fa-27ac-435b-8847-00883366247a,86e6e632-857a-4340-a61e-a6f0c6805d5d,BEV-003,1,600
0e6db763-80cc-4f1d-9254-b7e75cec1c0e,86e6e632-857a-4340-a61e-a6f0c6805d5d,BEV-004,1,700
31bc9c60-a949-4806-850f-a5ecd14fb0a5,86e6e632-857a-4340-a61e-a6f0c6805d5d,JAF-001,2,1100
d849f317-1ade-4b68-a733-3df1f813e183,f381ff2c-89ca-4ded-b80d-e72d9065a9d7,JAF-002,1,1100
f7217028-dfaa-4460-84c1-d3fe15715fc0,f381ff2c-89ca-4ded-b80d-e72d9065a9d7,JAF-002,1,1100
26f9da0d-7973-41dd-bb3a-47526bbb5430,f381ff2c-89ca-4ded-b80d-e72d9065a9d7,BEV-004,1,700
5d41d503-8ee6-4bf8-a92d-d77df5703b11,f3335d03-e495-44c1-be1e-8cf82ab03b81,JAF-002,1,1100
48f6a8c7-d5e9-49c2-a338-8c7dc05beee1,f3335d03-e495-44c1-be1e-8cf82ab03b81,BEV-005,1,400
8aff2b12-f9b6-4821-94e2-47898bcb8a73,060aa6ff-3324-4f18-ba9c-380a4a23d5d0,BEV-003,1,600
825f9b03-de86-400d-ae63-24474f7fc1bc,d4f49cb8-135a-449b-9974-78ab8634b3d3,JAF-001,1,1100
4c473560-380f-414f-9169-f5708dfcf184,775437b1-d549-41bd-bfa4-83e9a472d52d,JAF-999-DELISTED,1,600
9525228f-62ce-48d7-8641-f5750bd0397c,775437b1-d549-41bd-bfa4-83e9a472d52d,JAF-001,2,1100
2c6fc44a-51d2-4e76-8a5e-8bbfecc55db3,45efd694-89c6-4b54-a116-4f30ce3419e6,BEV-003,1,600
24cea653-3546-43ac-ad2d-e4aa0caab4a9,edcd9b38-b341-4138-93ec-826ed7d84bde,JAF-005,1,1200
fcb84f5a-9fbb-4817-ad0a-9dca2d5957a3,edcd9b38-b341-4138-93ec-826ed7d84bde,JAF-001,3,1100
89916314-8f77-4ad5-8f02-e57ba6ebe49b,85d295c5-6fef-4c94-b47f-43620a1022b1,JAF-002,1,1100
5093170e-f2f8-4a53-82ac-dfeae05bdfba,cb4755b2-19a3-43d4-a783-ff2104eeefb6,BEV-005,1,400
1f204be6-306c-4627-ba0b-4b5610f0ac85,cb4755b2-19a3-43d4-a783-ff2104eeefb6,BEV-004,2,700
67790963-6475-4789-bb79-3b2ad0ef9006,036dfe4f-93eb-4e6d-8f67-0cdfaf3a043f,JAF-002,3,1100
0e263e36-9dd4-48a9-90ee-bb10f2aae192,badc4c27-1c4f-4674-bdaa-b2bce42f32fd,JAF-001,1,1100
4748717a-144b-4631-9e2b-0690aed77d40,d031d2c4-0188-4c5e-9aa3-78cfabbb5f2e,JAF-003,1,1200
24f4d0fa-8a96-48e5-bd20-b54e47423af8,d031d2c4-0188-4c5e-9aa3-78cfabbb5f2e,JAF-005,1,1200
127e1818-9e12-4bda-bc78-4efda15daff2,0f98207c-bbb5-4fe7-8808-a7d8dc66a583,BEV-001,1,600
657a31aa-1122-4d81-8bb0-1b582d2f1a54,0f98207c-bbb5-4fe7-8808-a7d8dc66a583,JAF-005,1,1200
549a8b92-879b-4dd8-89af-1d59f3594569,9ad28bc4-c3f6-4063-9281-879d7062b21e,BEV-002,2,500
362ea38b-75e1-49fc-8173-b735cfbfe947,9ad28bc4-c3f6-4063-9281-879d7062b21e,JAF-005,1,1200
b5940ced-6fc8-4bc4-837f-848a2937d903,4f5c6dcf-bb41-4820-b798-260d3b39e94b,JAF-005,1,1200
acc8beaf-9e9f-40d2-9263-fc2175c55ad0,7e7440aa-96bf-40b2-9d88-db3febb80ce5,JAF-003,1,1200
156e1cf2-6452-4109-8114-3dae5e8dba2e,7e7440aa-96bf-40b2-9d88-db3febb80ce5,BEV-002,1,500
dd49f09f-0f6c-4a9b-b35f-1bcc19f8e8f7,7e7440aa-96bf-40b2-9d88-db3febb80ce5,JAF-005,1,1200
ab766cc4-77dc-43af-b7b8-b4daa5fb6e9d,7e7440aa-96bf-40b2-9d88-db3febb80ce5,JAF-005,2,1200
6d8d3725-7117-4eb2-81b0-57d90952930f,2979126e-fe61-487f-be0f-51d346cfc954,JAF-002,2,1100
505e18e8-d898-4418-bb6e-b952642add11,0126f30f-f68a-4dc6-8bed-56fdde5b943a,JAF-001,1,1100
158de265-2306-4258-90d4-b381cd4fe124,0126f30f-f68a-4dc6-8bed-56fdde5b943a,JAF-004,2,1400
fc6742d0-a2b7-4826-aebf-bb7fe1c34c27,35998918-883e-43b5-9369-eb57c8f8b69a,BEV-004,1,700
f8296012-e216-4877-af4b-af5fecab1460,35998918-883e-43b5-9369-eb57c8f8b69a,BEV-001,1,600
68dc2554-c77d-423a-8067-5bbcf1ea6e7c,35998918-883e-43b5-9369-eb57c8f8b69a,BEV-001,1,600
451218db-bee1-4a9f-bef6-9c95c6b75c3a,35998918-883e-43b5-9369-eb57c8f8b69a,BEV-001,2,600
ac9d6da4-7111-44ad-80e0-a29b56bd8e80,40cdf154-76d1-4b1a-bb4a-0d4c68bc1add,BEV-002,1,500
1d435e6c-df36-48a8-b34c-ade333d6135c,738d985e-83b1-4cf9-b010-bd263f9ed9c7,JAF-004,1,1400
d0b2ec70-b2c3-452f-a513-0ab5e456b8a6,e751ce34-1ff3-432d-b292-d0bfeaeff03b,BEV-002,2,500
de580cc0-6d0e-4278-b637-359c97690455,e751ce34-1ff3-432d-b292-d0bfeaeff03b,JAF-999-DELISTED,1,500
dcc52779-f3d8-41d6-87cf-94cb8cd5a4ed,660206f7-b792-481a-859f-f56495ce17e5,BEV-002,1,500
744f3558-33c6-495b-9a3f-10316c935f25,660206f7-b792-481a-859f-f56495ce17e5,JAF-002,2,1100
52803d15-b321-4589-bda4-236e199e483b,74888b68-e776-4f00-8355-16bb5d30a964,JAF-003,1,1200
98821b52-10f6-4052-80b2-4fa8e93411f8,74888b68-e776-4f00-8355-16bb5d30a964,BEV-004,1,700
bea84170-af33-49b9-969a-810ca8b27724,74888b68-e776-4f00-8355-16bb5d30a964,JAF-002,2,1100
0b33ef6b-2035-49c5-927a-e31d70f3daa5,dd402de5-dd01-4c95-a9a6-ca4f65ece88b,JAF-004,2,1400
9e85fb8d-f28a-4cbc-a1c2-189e2c461f88,2d59f7b6-927c-4004-9de2-495badcfb082,JAF-002,1,1100
c5350414-a3f6-411a-b110-dadf7b85a377,2d59f7b6-927c-4004-9de2-495badcfb082,JAF-003,2,1200
21a67a35-137b-4884-a071-4225661f7c80,2d59f7b6-927c-4004-9de2-495badcfb082,JAF-001,1,1100
0eee74ef-6bc1-46ba-bb83-061fcc266497,14a6fa06-c781-4669-83c4-6991ed5d7c25,JAF-002,1,1100
620b03d9-ff3b-424c-9a0d-811f84c86c0f,bcf32f46-3b0c-471d-8a30-872f5e7725fd,BEV-001,3,600
d950335e-9e3d-4c78-93c6-04f57254befc,bcf32f46-3b0c-471d-8a30-872f5e7725fd,BEV-005,1,400
3a524694-6d2d-4b93-8524-0a90bdd1bd73,ea990970-6cbe-476b-9ce8-2f00874b9d6f,JAF-003,1,1200
1fa19540-6d91-4062-a745-896d85ecbc4e,25e9158d-321b-4241-9197-7912db79750d,JAF-001,2,1100
5b2b7664-d786-4506-9704-36bacff807ad,b21d4b15-6387-4fde-8237-3b3992fa2c59,BEV-004,1,700
30495cf8-2c44-4f19-ab1d-a2c576f45b7f,b21d4b15-6387-4fde-8237-3b3992fa2c59,JAF-004,2,1400
f376ae69-7bfa-4b4a-a844-c8925b53bed7,b21d4b15-6387-4fde-8237-3b3992fa2c59,BEV-004,1,700
7ba5c8c3-f33f-4d14-8de1-cd4abbc1d21a,b21d4b15-6387-4fde-8237-3b3992fa2c59,BEV-003,1,600
742783ef-c199-4d12-9672-62652cc87798,b1cdb79b-fcbb-4471-921d-7dad2e3ff8e1,JAF-002,1,1100
7512955d-5aa2-47fc-b734-b7177f61051a,81286eac-b6d2-4ce2-905a-1004b0e5c7a3,JAF-004,3,1400
209debac-390f-4577-8026-b99a6553a36e,81286eac-b6d2-4ce2-905a-1004b0e5c7a3,JAF-005,3,1200
a4bb1333-c035-4d95-b85f-2c4e811da04a,75b3fb9b-8729-4c1a-9370-124e83ba7570,JAF-002,1,1100
4c06a6a7-fedf-40bb-871f-5f150ff3a6ae,75b3fb9b-8729-4c1a-9370-124e83ba7570,BEV-005,1,400
3fad07dd-364e-44d5-913f-116f501002c0,52000ed8-b0eb-4e2f-a09e-35ae002af898,BEV-001,1,600
670efa9d-5fcb-40be-9e5c-cf947aa791f9,df153bb2-fbba-48b4-81c2-4b6e071e9984,JAF-001,1,1100
fc8baa17-6cd2-4ec1-9b64-be7fc9eb5a53,df153bb2-fbba-48b4-81c2-4b6e071e9984,BEV-002,3,500
d81721e4-e8e2-41da-9668-abcb79b85e54,6c570515-45b5-4739-9652-58cb5edab474,JAF-001,1,1100
c2d112f1-f576-4cc3-8394-12edae6aa3df,deb8d72c-f8e7-4882-9aae-bb819e981a7d,BEV-004,1,700
fb8ad3f3-2ce4-482d-b484-a74805f2be3a,62b50ee7-3964-4752-8226-2d6511224c88,JAF-004,1,1400
5892c854-c1c4-4c02-b8fd-8095b26d11e9,62b50ee7-3964-4752-8226-2d6511224c88,JAF-002,1,1100
af99a185-50be-48b4-9893-0ebb0bc451ea,62b50ee7-3964-4752-8226-2d6511224c88,JAF-004,1,1400
d98776fd-960a-4d56-bbed-f67b2b4e5eb5,62b50ee7-3964-4752-8226-2d6511224c88,JAF-005,1,1200
92658a67-6c6e-428a-a766-4f77288f5142,a92f350d-ba86-437c-8bdd-a0f12077daf1,BEV-003,1,600
67e7fab9-dc26-4cdf-accf-a0fb20db96a6,26e29980-da29-4d5d-bf49-5f5ace4800ea,BEV-003,1,600
05836dec-635b-4b2c-be72-b14a921f500f,26e29980-da29-4d5d-bf49-5f5ace4800ea,JAF-002,2,1100
b8bcd787-c862-4b55-8975-17f7ba6fb95c,26e29980-da29-4d5d-bf49-5f5ace4800ea,BEV-003,1,600
9c0c10c1-6d62-4af8-9393-4064ddbddc33,3796752e-8bdc-464c-ad1e-ede308d15bc2,BEV-005,2,400
b28a3172-5bee-4248-b1a1-b8db8cef01d0,3796752e-8bdc-464c-ad1e-ede308d15bc2,BEV-003,1,600
5e115340-cf4d-46d9-a646-10af1e84e98e,3796752e-8bdc-464c-ad1e-ede308d15bc2,JAF-005,1,1200
65d4f5c8-b857-4f06-91e0-48df081587c1,e93054a7-dbbd-49fc-8e6d-f950e78df4ca,JAF-004,1,1400
25134e8b-8481-49ef-9fa4-9d725ca24dc7,e93054a7-dbbd-49fc-8e6d-f950e78df4ca,JAF-005,2,1200
3da4e14d-49eb-4d73-bb02-d4aa245dfbdb,e93054a7-dbbd-49fc-8e6d-f950e78df4ca,BEV-004,1,700
18a8bdf9-558f-40a7-85fe-a038f887112f,26c340dd-c203-43b7-bcba-86578a418037,JAF-002,1,1100
d5b76cfc-55d6-49e6-b0b5-f9e1cda8877e,26c340dd-c203-43b7-bcba-86578a418037,JAF-005,2,1200
f6db8c10-fde8-4d42-b4d2-fa628f2cd2fb,08a90f41-0175-4d79-855b-9ab1b0738847,BEV-005,1,400
c5b5581b-4da8-4627-90b9-e61d58e63de1,08a90f41-0175-4d79-855b-9ab1b0738847,BEV-005,3,400
75b22aec-6a51-41de-9275-441b3af70cb5,08a90f41-0175-4d79-855b-9ab1b0738847,JAF-002,1,1100
63b4cf31-7c93-4df8-b3a3-ece019384f65,87db9d23-204e-4208-8965-5d6cf9508843,JAF-002,1,1100
52ef38a7-5ae8-4e64-8137-324eeb03919e,87db9d23-204e-4208-8965-5d6cf9508843,BEV-004,1,700
43746822-5ee6-4cad-9460-f410cfa23c9a,7d059853-49cc-415e-8c19-42343f6a22b1,JAF-002,3,1100
51cb6a7a-0537-4085-9e2e-0763464761ca,7d059853-49cc-415e-8c19-42343f6a22b1,JAF-003,1,1200
983e5e06-aa71-4a1f-baf7-0c6b9ddfc843,f1046886-db37-47d5-a018-e4d45566e9e9,JAF-001,2,1100
44c922c6-4fb5-4015-9a0a-0c0cf73eabac,f1046886-db37-47d5-a018-e4d45566e9e9,JAF-003,1,1200
72b76dc8-d047-496c-8f78-0d0dfea09449,25d36682-893a-40b4-b118-ea290d1142fa,JAF-003,1,1200
1bd9b270-41a3-4d05-ab57-51affbeb170b,25d36682-893a-40b4-b118-ea290d1142fa,JAF-005,2,1200
cfde1cf7-af0f-427e-a206-1aae0b73d805,ff63eea6-af71-4cd8-a009-d6a6993800c1,JAF-005,2,1200
c27ea408-c020-41d9-a58c-6ce8287091fa,ff63eea6-af71-4cd8-a009-d6a6993800c1,BEV-001,1,600
a5fda4a2-ceb5-4bc1-be2e-286796c39940,29ee6c57-4265-42bd-81a1-bf273cb8da2f,JAF-003,2,1200
a2759f6f-46a5-4819-a397-f0aa2f910ff5,29ee6c57-4265-42bd-81a1-bf273cb8da2f,JAF-002,1,1100
8adfd548-3694-46a9-b1df-7544b0f180af,29ee6c57-4265-42bd-81a1-bf273cb8da2f,BEV-001,1,600
81b2ff89-1c4a-44a4-ad1a-e23f6539465e,b72cbcc0-c3b0-4d1e-825e-605e4a2e696e,BEV-005,2,400
0907676b-00be-46d2-b560-3b9f00dd4762,b72cbcc0-c3b0-4d1e-825e-605e4a2e696e,BEV-005,1,400
ae5743b1-4aae-4e3b-8e1a-7369c3f0fa49,e5bb6096-71fa-4032-a95a-1457ed10bad5,BEV-004,2,700
cc5ac3e6-530d-456e-845c-359254f3bc64,e5bb6096-71fa-4032-a95a-1457ed10bad5,JAF-005,1,1200
42de5317-3de0-4863-8f43-cbf02400e6e4,e5bb6096-71fa-4032-a95a-1457ed10bad5,BEV-001,2,600
fdea41f3-ec7d-49c9-9a4b-1e8fbf96cfef,e5bb6096-71fa-4032-a95a-1457ed10bad5,BEV-003,0,600
9fceb412-a53b-40ae-b716-bebb8642c838,14670361-a7b3-4c78-ad78-0a8331b7d72e,JAF-002,2,1100
7ee1b21d-9722-4c8b-bab0-fc788110eebe,14670361-a7b3-4c78-ad78-0a8331b7d72e,BEV-002,2,500
cfc4ab74-aab2-4824-8176-64137489a300,14670361-a7b3-4c78-ad78-0a8331b7d72e,BEV-005,1,400
4e6c8cf6-ceaf-46d8-8411-6c737f46cf8f,5d770424-be34-47e1-8da6-0e0e70b5adf8,JAF-003,3,1200
9921cb50-2b54-4c90-a12b-b537e2725234,5d770424-be34-47e1-8da6-0e0e70b5adf8,BEV-003,1,600
393454e3-5f7c-4590-8731-bb7bd9e815f4,5d770424-be34-47e1-8da6-0e0e70b5adf8,BEV-003,1,600
939983d4-3c56-4032-a1cd-94f9174a9b96,5d770424-be34-47e1-8da6-0e0e70b5adf8,JAF-004,1,1400
4c87eda8-e204-4c10-9c97-42d973a8b73c,a4efb3da-96d5-489f-903e-3317fa804897,BEV-005,3,400
8506e44f-1184-4d29-bd07-a30d6e6e5e3d,da646324-162a-41f9-9341-a4726c310b45,BEV-001,1,600
fa4486da-33c3-4430-8604-3c0c34fb755d,da646324-162a-41f9-9341-a4726c310b45,JAF-002,1,1100
87b4f253-8852-4cd5-b198-6691ea347719,0b328781-f171-4bc0-81c1-7f80ac82282b,JAF-004,1,1400
58bfedea-f186-4400-83ad-ba4eef8b4bb4,cf65109b-54f6-45cc-bdc2-d0150f57d326,BEV-005,1,400
183f69cf-db01-4159-bf34-674d896b0476,ae1531d4-c02e-4db7-a6ed-a0a151ad4818,JAF-005,1,1200
5675ec5f-aa81-47d6-9208-7892e6bb7f9a,ae1531d4-c02e-4db7-a6ed-a0a151ad4818,BEV-004,1,700
0437f4b5-0489-42dc-a113-9a701791cf73,71021a79-71f6-4e22-8e68-ee86b007e04f,JAF-005,1,1200
b6b9c9bf-7b31-4833-9997-78a7345ca036,71021a79-71f6-4e22-8e68-ee86b007e04f,BEV-003,1,600
53f84d22-5793-4fff-b818-db8cf1ab6c0d,38657a6a-e79e-48bf-ba8f-2a013e848a17,JAF-005,3,1200
d32b3d67-12fa-4731-9cc2-5314e2738a02,38657a6a-e79e-48bf-ba8f-2a013e848a17,BEV-002,1,500
fb6fd585-626f-4c66-b268-b78905f83529,38657a6a-e79e-48bf-ba8f-2a013e848a17,BEV-005,1,400
9de787f3-1d88-475c-920b-2159eea58a27,e007877c-46ac-4105-b001-36d888cf7a3c,JAF-004,1,1400
fe954fde-4d2a-4cf1-b424-73266be4b29b,57949e49-19d6-4de6-a9fe-8a93c1c22b4d,JAF-003,1,1200
08da676e-558b-48ae-b969-28db6208997a,57949e49-19d6-4de6-a9fe-8a93c1c22b4d,BEV-004,1,700
1f2bd566-1f8b-4e0f-ad9b-56203f64f3f5,57949e49-19d6-4de6-a9fe-8a93c1c22b4d,BEV-005,1,400
70bf6494-a294-46c1-9eb4-2db8d09173ab,022b86f0-f76f-4681-b28d-becdfd46f084,BEV-005,1,400
1338d86c-eb8e-45b7-a0b6-46991f8a9a08,022b86f0-f76f-4681-b28d-becdfd46f084,BEV-004,2,700
aebcdac8-d9d4-4c4e-899f-0ef1d383f5b0,416a9ffb-85c5-408e-aba0-728c2bb20346,JAF-004,1,1400
a50a75af-4e99-4cb8-9e92-dd281fa4a8fc,d0af6f43-e827-4e8b-9f0c-da4c29a37d07,JAF-002,2,1100
d0613efc-9390-4932-bca2-3368fa7e6e62,d0af6f43-e827-4e8b-9f0c-da4c29a37d07,JAF-001,1,1100
426c7b1d-ddc6-4eda-be2e-ae3908e60e63,d0af6f43-e827-4e8b-9f0c-da4c29a37d07,BEV-005,2,400
24abc2f6-2e40-40bc-b909-ccac99df4d51,af9e17ad-dff5-4b74-8410-28d5ec8221a0,JAF-005,1,1200
4b854b63-6fb0-413c-813c-d9c455000ecf,af9e17ad-dff5-4b74-8410-28d5ec8221a0,BEV-002,1,500
2b24b46f-c134-4442-986c-98de4011e006,af9e17ad-dff5-4b74-8410-28d5ec8221a0,JAF-001,1,1100
35dabf28-0c09-4f3e-886f-789768f8e2bb,47d53111-4518-4524-8400-1e4c1dbdc6ad,BEV-005,1,400
54f3d505-3f20-43d4-9b92-e14528f48b73,47d53111-4518-4524-8400-1e4c1dbdc6ad,BEV-002,1,500
a17c41b2-40b8-4cf8-a05f-a15cfa6c56b4,47d53111-4518-4524-8400-1e4c1dbdc6ad,BEV-003,2,600
a9ebe25e-d501-4089-8c28-751e3dd05d18,c7021253-d34b-47df-b6cb-0af445f41381,BEV-001,1,600
7253ec9a-2a0d-4918-bd55-c79b8cc06f5c,c7021253-d34b-47df-b6cb-0af445f41381,JAF-001,1,1100
84f4f1d5-7bd7-47d0-b9d2-4d27caf245e0,c7021253-d34b-47df-b6cb-0af445f41381,JAF-003,1,1200
e9cf8b0e-74b0-43b7-8601-43c97e6fd85d,1b900645-d1eb-402a-9b4b-cf384c2d5150,BEV-005,1,400
a71ff21b-0eb3-4993-a89b-1e65728760d3,58048e1b-964a-4f80-a765-fb0420fbea38,JAF-004,1,1400
fadb3d72-26a3-42fa-9414-563aa391f6e7,a18271ab-80cf-470c-bea9-5f4e51148ff9,JAF-003,1,1200
6f791801-9fd0-4efc-9aa1-86197c50971d,a18271ab-80cf-470c-bea9-5f4e51148ff9,JAF-005,1,1200
801c2f76-9ee0-4fb3-a613-d56a33f0fb19,f45ef13f-3ea8-451d-86d8-95b59d7108de,BEV-003,1,600
01fd2c5e-dab0-4588-bd4d-dc004692aeb5,5183c9e1-6766-4b74-ba79-04366757a1f1,BEV-005,2,400
96dd5f42-b689-4303-8a88-a3a3ca24011c,5183c9e1-6766-4b74-ba79-04366757a1f1,JAF-004,1,1400
c17d175e-a771-48e6-8566-f0a780b4c990,5183c9e1-6766-4b74-ba79-04366757a1f1,BEV-004,1,700
4c687b2d-27d0-495c-b7b3-9856548629fd,78480988-1dde-4010-aec2-78c5fc1d8166,JAF-003,1,1200
b69981c6-833a-43da-82b1-7854b6567a5c,d18393e9-fe4a-4487-8c7a-d52deea7f528,JAF-003,1,1200
420f161e-52b2-49f8-b7be-94c213499f37,d18393e9-fe4a-4487-8c7a-d52deea7f528,BEV-003,1,600
79c474a8-b75e-4dc7-9bf0-be57c20659e1,d18393e9-fe4a-4487-8c7a-d52deea7f528,JAF-003,3,1200
ddbad2ca-d0e8-4151-a6b4-b9e5759dae23,1c8e3665-fd7e-4fd2-b12f-188720f2bdd8,BEV-003,1,600
02b038b7-8650-4088-957d-ff56cde5fcc5,1c8e3665-fd7e-4fd2-b12f-188720f2bdd8,BEV-002,1,500
efcecc3a-eeb2-4a1f-8cc8-296616615ebb,1c8e3665-fd7e-4fd2-b12f-188720f2bdd8,BEV-003,1,600
0f5677c4-9516-4664-8620-fc1ef718b62c,1c8e3665-fd7e-4fd2-b12f-188720f2bdd8,BEV-002,1,500
81c38619-8c95-4acc-afad-b08b63b82381,dfa88644-5574-4a16-9cfc-40d0cea0d253,BEV-003,1,600
60b442b5-669c-41a0-aa88-e6fe59c3b2c5,a4668297-073b-4a24-9bb3-8ccd89527647,JAF-001,1,1100
5a1a75bc-69dc-42c4-be70-02198d6dee45,a4668297-073b-4a24-9bb3-8ccd89527647,BEV-001,1,600
478f964d-302d-42c2-a87b-af637db4672b,7e734cb3-afaf-4202-91d6-17d35e2e0402,JAF-001,3,1100
796b98db-10c0-4e3c-a018-5b7ffefc2f8f,7e734cb3-afaf-4202-91d6-17d35e2e0402,JAF-003,1,1200
32103230-0303-4ffb-9173-e9109c0d48e9,7e734cb3-afaf-4202-91d6-17d35e2e0402,JAF-001,1,1100
288b41ea-148b-489d-ad4a-9de272069659,8836db09-3528-41b0-8487-1767bc4d8bd9,BEV-001,3,600
908c3a78-7d2b-485f-ad73-b6eff68b2c70,8836db09-3528-41b0-8487-1767bc4d8bd9,JAF-004,1,1400
6e4cfbd2-55d3-42b9-af6a-55e47f18f267,8836db09-3528-41b0-8487-1767bc4d8bd9,BEV-003,1,600
eebb7ce6-6057-4aa5-ad42-a4e6e1b95305,43f54645-8908-4bc9-8216-a2c92ffb0a22,BEV-005,1,400
11e82922-e8d3-469c-90a4-c4872db79ea3,43f54645-8908-4bc9-8216-a2c92ffb0a22,BEV-005,1,400
609bac45-8ff2-4c50-9f22-e8f183607d75,43f54645-8908-4bc9-8216-a2c92ffb0a22,BEV-004,1,700
91ae8f6e-f2cc-4fd9-adc2-39aa80e23925,be65a509-25c9-4308-ae65-5371625217ce,JAF-001,1,1100
afdf3788-a2fd-4252-88cb-5897db00cf47,be65a509-25c9-4308-ae65-5371625217ce,JAF-001,1,1100
47d4ffe3-bfd7-48f3-b8c8-86c443b4af5d,be65a509-25c9-4308-ae65-5371625217ce,JAF-001,2,1100
3be3ef99-182a-4fda-8a39-c92f05b4235b,2fcd3729-d49e-4a4c-88a1-e46236c18658,BEV-002,2,500
e9605bcc-1d00-4191-a70f-59d0849f293f,e6aaf002-14e9-49de-96d3-e9046f7ab4d7,JAF-002,2,1100
164aa758-13a8-4b3c-bf51-56b7c5793ffd,e6aaf002-14e9-49de-96d3-e9046f7ab4d7,JAF-003,1,1200
40719a72-5f00-4461-9d20-562a670762cc,947288bf-49b2-42fd-b55a-6a2280619a7f,BEV-003,1,600
fa191336-04d3-4e9f-a3d7-6c1853d857c7,7d4e63a5-f23d-491e-8390-e6dd6c122258,BEV-002,1,500
5efff653-c84b-4ae5-9458-5ae7e6210296,7d4e63a5-f23d-491e-8390-e6dd6c122258,JAF-004,3,1400
210b8392-cbae-41b7-8c77-2e2cc7a4d903,e090bbfa-4d15-4183-a0c1-057dd00189c8,JAF-001,1,1100
af06ebe3-61ec-4b1e-ae87-1cef93f31a1c,e090bbfa-4d15-4183-a0c1-057dd00189c8,JAF-002,1,1100
678f4e5a-51a8-4f5c-bf61-218ccc75e55c,e090bbfa-4d15-4183-a0c1-057dd00189c8,BEV-002,2,500
b4db12fd-76bb-4bd4-8d61-98e9d2681e89,e090bbfa-4d15-4183-a0c1-057dd00189c8,BEV-002,2,500
6129d936-51f2-41ef-802e-875b3a9ea6f0,674bca9e-6026-40a2-8e7d-668bbade3633,JAF-003,2,1200
619c0775-1f57-41e1-81e6-866180c3695e,1adc54f1-6410-45ac-9bed-7532053b4e50,JAF-999-DELISTED,1,1200
a0b67741-1990-480e-afa3-c4a364a5a24c,1adc54f1-6410-45ac-9bed-7532053b4e50,JAF-001,1,1100
b9e9d276-3eb1-478c-9743-41c188a805c3,af69b295-ae39-487b-b405-1af396f596e4,JAF-003,1,1200
5c12064b-0b8c-444e-80cf-5494c1baf39d,c29c749f-756b-48cb-a52c-d356335daf61,BEV-003,1,600
09d334b2-28ec-4073-b08f-359499fb0000,afe9c7c3-d0ae-45f1-b846-f1893b5c645e,BEV-002,1,500
84035544-69a0-492c-a30a-ef3f809ed071,b72141e2-404c-4708-8fe3-c002b7a624d6,JAF-003,1,1200
102752ce-b6ae-4fad-98e3-c374cc133701,93fc1424-6e1a-45cf-bccb-d0365d1676b3,JAF-004,1,1400
1829395f-5c2c-437f-ba20-d50f0cca902f,93fc1424-6e1a-45cf-bccb-d0365d1676b3,JAF-003,1,1200
095d1013-c4e3-46a9-87c2-8ba5a3bda48a,93fc1424-6e1a-45cf-bccb-d0365d1676b3,JAF-002,1,1100
45ec36a1-5fad-4a85-8cdd-ab2a6c1d1b8b,dd04b6ee-6ef0-4970-9991-87351b7c94ca,JAF-002,-1,1100
ca1e52be-1781-4f77-83a3-0cccd6173fe2,dd04b6ee-6ef0-4970-9991-87351b7c94ca,BEV-004,2,700
56fe5c54-2ed9-4ebc-a8ce-4507da987e34,dd04b6ee-6ef0-4970-9991-87351b7c94ca,BEV-005,1,400
648669d8-0e33-4df7-b46d-9f1f003c8437,51c738ec-b26a-4058-9f74-4e34a3bd9b19,BEV-002,1,500
e8f70c04-4e57-478c-a444-d94a8247fc26,382d0d28-4e68-4903-9245-d83abab4cdf2,BEV-002,1,500
94e218a7-e176-4ce7-9239-254f12a7a86b,382d0d28-4e68-4903-9245-d83abab4cdf2,JAF-002,2,1100
b8d88f93-1486-48e1-9498-03774e4a31b1,cfaf022a-33e4-4df6-b42a-61cf37804734,BEV-001,3,600
398d2282-ec01-4ab4-a00b-09a676745fdd,116d2309-376d-493c-b181-f429e76dfa14,JAF-001,1,1100
f9f9517a-a0ca-453b-a2be-31d2628146f1,4b6b717b-65f6-4462-b81a-c8844f9b580b,JAF-003,1,1200
4b674ff4-d632-4031-982c-82a6c4558d5c,4b6b717b-65f6-4462-b81a-c8844f9b580b,BEV-003,1,600
ce38d4ac-09ae-495d-b128-a307a0735c20,4b6b717b-65f6-4462-b81a-c8844f9b580b,BEV-005,1,400
9f42ffb8-1298-4204-bd5f-25b98b452cbf,4b6b717b-65f6-4462-b81a-c8844f9b580b,JAF-001,1,1100
0b532b8b-37e3-4352-a2ae-9b4ad1f2a9ec,277b7eda-a86c-4d76-b444-ef9536e16caf,JAF-004,1,1400
39a011cb-c505-4faf-a0fd-68b02d67e118,277b7eda-a86c-4d76-b444-ef9536e16caf,JAF-002,1,1100
27395bd3-5270-43ad-8098-caca44e79947,3f360e04-7613-45d7-8f31-2d5d8725d02d,BEV-005,1,400
0b2ef9f2-6415-43bf-8851-4aa4803a5339,a3bd770b-a390-4c2d-8758-38a16fcada63,BEV-001,2,600
f928189e-6ee0-438c-baee-8b3c89f8c2cc,d34eee56-2f3b-48f6-8bb0-79409ae56b1d,JAF-003,3,1200
cf7a7266-2e06-49c4-975f-da13520af123,780828f3-69c3-4b1d-a52a-255535c444fa,BEV-003,1,600
5d2821f1-7d7f-4d61-8383-c023ffe17281,9fffed70-000b-416f-a1e1-67f0e38f6cc5,JAF-002,2,1100
815df590-d333-4d49-a17b-27ceb3ad811e,2d8b8a7f-559a-4e9a-bcb7-b303248aa1a3,BEV-003,1,600
f378d2a3-af0b-4583-b140-32f2ea33f354,2d8b8a7f-559a-4e9a-bcb7-b303248aa1a3,BEV-005,1,400
d758718c-9642-4234-9caa-8f798258a404,2a601dc3-ec5c-42fb-b3cb-437b5776c7e6,BEV-005,1,400
8c0e0cc9-70d6-41f1-a5c9-cf72950a2c92,2a601dc3-ec5c-42fb-b3cb-437b5776c7e6,BEV-002,1,500
e91ae36a-0f93-4e48-a03a-cc4bf3e52e7e,ca9cb53f-ab1a-4c3c-bb3c-6aa395fe88c3,JAF-002,1,1100
4cb4e3df-4314-4698-8087-ea59dac8fd4c,2b741c83-f498-43bb-b9a3-832d2952682b,BEV-004,2,700
a1a04e4c-1039-44da-b6f6-fb62e5c6eece,2b741c83-f498-43bb-b9a3-832d2952682b,JAF-005,1,1200
d4e6b966-d744-478a-a05f-5ca540a14b8f,2b741c83-f498-43bb-b9a3-832d2952682b,JAF-004,1,1400
98df6c9c-6f6f-463f-a399-a6d86aa3eae9,2b741c83-f498-43bb-b9a3-832d2952682b,BEV-003,1,600
49225aca-c35e-4046-b827-0425e84e3004,7465ca22-eca4-4a61-ad67-e0fdac2586ef,BEV-005,1,400
30471108-a542-4b12-a300-92d4be94de26,7465ca22-eca4-4a61-ad67-e0fdac2586ef,JAF-002,3,1100
33298161-e414-40de-abba-08e664969bf9,7465ca22-eca4-4a61-ad67-e0fdac2586ef,JAF-004,1,1400
dbe24050-2e98-42ab-84d3-e6eb033f5153,3beb3618-6287-4389-b3c4-48421db81352,JAF-004,1,1400
652c7ff0-70a0-4b00-a149-fb39e3d1ace5,3beb3618-6287-4389-b3c4-48421db81352,JAF-002,1,1100
0a3e2dfa-7ae6-4b5d-9360-7a76ae270f7d,3beb3618-6287-4389-b3c4-48421db81352,BEV-004,1,700
9d1706d8-e6fb-456a-8dd6-7e6d90dd51ee,e3e17d84-0b49-42f0-94d4-c3ee5c918f7d,BEV-005,1,400
36cfb09a-7de2-46f0-a25b-cef48c076e4d,cdffd740-8b61-4b5a-93b8-8f54aa41c2e7,BEV-005,1,400
a13a01ae-fefd-45da-845e-047c8aae9984,79c5a5e2-35d6-43db-bd4f-d7fb6bcb32e8,JAF-003,1,1200
7117aee3-cca2-49e0-b86c-7e89466673ea,d09c6511-ff0c-4fb4-9c32-d11d679d1be9,JAF-001,2,1100
05692f82-f05d-4236-844a-25725941dc81,6df2bd17-4007-4fef-9fcf-a98e2d3117c1,JAF-004,1,1400
b556d1c8-a2c0-4dbe-a036-2e20940e01d6,5949f203-64f6-4f51-956b-1de19845b7d1,BEV-003,1,600
9d7c225e-f2b4-4119-a51a-f5167cfc6859,5949f203-64f6-4f51-956b-1de19845b7d1,BEV-001,2,600
839960de-bc10-4f16-b165-0cfe83bb3977,5949f203-64f6-4f51-956b-1de19845b7d1,BEV-001,1,600
1d9460ee-6bf6-4503-90f8-6c795172fd07,a3a144e2-f353-493b-a68c-15ab76506afc,BEV-004,2,700
89f11ede-9ac6-4d2a-9ea6-30bd749319d0,a3a144e2-f353-493b-a68c-15ab76506afc,BEV-005,3,400
b028d360-8bfa-4d54-9ac0-8664a6f40c30,a3a144e2-f353-493b-a68c-15ab76506afc,BEV-001,1,600
d50cd6f2-b716-4bc2-b2bd-b83500f599cf,02cd5d42-1f0a-4cfa-9ce6-a43e6dbadbf8,BEV-004,1,700
0b1f07f9-d9cb-4a33-9b5f-3c2072125964,e2dacf0b-cc9a-488c-8040-68aa828e618a,BEV-002,2,500
670ffa32-6559-4f4e-9c66-da2663bfaf8f,d7ee0006-0d71-48b0-9340-0e3c0a77e5b2,BEV-002,2,500
abe54629-65e2-4893-86aa-fb6565a20bc3,d7ee0006-0d71-48b0-9340-0e3c0a77e5b2,JAF-005,2,1200
af3dcc20-bc40-4c4a-b2d7-d69f3e37d0c5,c66fb059-8cff-4cb0-9444-0c26325d5a9c,BEV-003,1,600
2cbf67ea-65c9-439c-8e7b-f91c9d3e29b7,c66fb059-8cff-4cb0-9444-0c26325d5a9c,JAF-004,0,1400
bcc9eae1-3993-4b3a-82e6-c79f651eb3f8,9d27aa72-5967-4f02-9752-212aac033ec9,BEV-003,2,600
3f36ab6d-5e84-4220-af51-57ea978038e8,31fa8b13-4fae-4546-8219-363fd71f126e,JAF-001,2,1100
078a1f60-3d32-401a-9301-3fcf4081c997,31fa8b13-4fae-4546-8219-363fd71f126e,BEV-005,1,400
f636e89c-7321-47a8-8d56-d47f78b29b95,d091f526-a1df-4047-9949-2704dad874d7,BEV-004,1,700
5e105079-001b-4a47-8772-52247fd49c25,d091f526-a1df-4047-9949-2704dad874d7,JAF-003,1,1200
4119e7b9-dba0-43ae-addd-0b2d61bd0d14,5edaff1f-70fe-4652-a22b-fc03292bd885,BEV-001,3,600
c39bf150-c63c-47d5-93f1-f3e22fbf61b9,ce9fa148-ea93-4df8-9d86-a4acec4d93fc,BEV-004,1,700
5c2251af-6d33-4c16-a58c-23fc84d41b28,ce9fa148-ea93-4df8-9d86-a4acec4d93fc,BEV-005,1,400
f810782d-aa7f-43f4-b14a-7506ae1017ec,ce9fa148-ea93-4df8-9d86-a4acec4d93fc,BEV-004,1,700
b46a6ebe-f883-4a0a-9931-b51f423dcb1d,f4c3716f-9ee1-4c36-b608-8ef9979e91a1,JAF-004,2,1400
d2a21a6d-b822-4efd-9345-4c1c76828836,fd34169e-497e-484d-8347-b4f90ed476ed,JAF-004,1,1400
e8f063f9-e47f-475b-8cdf-285b472a38a3,fd34169e-497e-484d-8347-b4f90ed476ed,BEV-005,1,400
f043776b-ef9d-4fb0-a5a8-afca74911a2f,281941e6-9519-4078-a482-2c8a6a5e6d16,BEV-003,1,600
56968c29-fc67-4924-a461-87c61d7c19e9,64628f53-aac7-4a72-8b77-f39e65cb766f,BEV-004,1,700
ea63fc3e-a22e-4f3e-b6b1-d1d7c5566429,64628f53-aac7-4a72-8b77-f39e65cb766f,JAF-002,1,1100
b198285c-34b4-4c7b-80ba-540c74d157f9,64628f53-aac7-4a72-8b77-f39e65cb766f,BEV-004,2,700
842ce95c-31b5-4eb5-9de2-7c68d84908da,1e521731-b87b-4dec-b87c-d4e1a17a7623,BEV-005,1,400
516925c7-3181-4368-8213-b40047838959,1e521731-b87b-4dec-b87c-d4e1a17a7623,JAF-005,-1,1200
25a185c8-e7a3-4bd1-8ff2-7410ac06aa4c,1e521731-b87b-4dec-b87c-d4e1a17a7623,JAF-003,2,1200
5d8c1fd5-f965-430a-90d6-4c5d0636552b,5287e08a-0488-4797-bd4c-e50eae10737e,BEV-005,1,400
9addddb2-c336-4dbb-960a-77cfb42177e9,172de6bb-6150-47cc-87bd-a1995de7b698,BEV-003,1,600
5ccd7583-0db8-4ad1-b4cf-6301f1c56091,09bc9019-071b-4a16-ba84-807dbc8159dd,BEV-005,1,400
a4add3e9-8f06-4722-aa4a-533547576c8f,09bc9019-071b-4a16-ba84-807dbc8159dd,JAF-005,2,1200
6dc3c71e-e09f-4548-a04a-17cd07a3d4ac,c51a201f-09e0-48ac-93e0-d1f7145f12df,JAF-003,1,1200
733a514a-efe4-4b3b-b48e-8164b6521825,c51a201f-09e0-48ac-93e0-d1f7145f12df,BEV-002,2,500
d57db9bb-699a-4e8f-89bf-4c3bf8d8024b,c51a201f-09e0-48ac-93e0-d1f7145f12df,BEV-003,1,600
08741d1f-868d-41ba-aaba-b45fb726bdb8,5cb92a05-9f3c-4677-b3ce-22fe7f5ed260,BEV-005,3,400
62ede1d4-197a-496d-a17c-1eb23d2cc3ce,ee979906-a6f7-48a7-b524-ca32084cce94,JAF-002,1,1100
0ec2672f-6000-47c0-b070-f03736c63513,ee979906-a6f7-48a7-b524-ca32084cce94,JAF-005,1,1200
587ee875-c1e4-4fd4-b004-7eab696bf8cd,6867a1ff-4825-442a-b832-5d8c2801e210,JAF-003,3,1200
2c0c93ad-1c75-46dd-ab2f-67e9730538aa,6867a1ff-4825-442a-b832-5d8c2801e210,BEV-001,2,600
3eeea604-49e0-40a2-a0ec-d29b650ad605,a431a12d-a0d1-4aa9-831d-bc457e71fda2,BEV-002,1,500
c3703650-08ba-44c0-8491-c6bd2c021532,a431a12d-a0d1-4aa9-831d-bc457e71fda2,JAF-002,1,1100
a4b3990c-bd35-45ed-b3b5-d120023ebbe6,a431a12d-a0d1-4aa9-831d-bc457e71fda2,BEV-004,2,700
a1d157d3-631e-4062-83ee-4bbc76eff833,1b7c9438-7446-4ad0-829b-9c18405b5cf6,JAF-002,2,1100
fa077d3e-f9eb-4e53-9e2f-b4c4768ff080,1b7c9438-7446-4ad0-829b-9c18405b5cf6,BEV-001,3,600
f8320de9-8373-4706-a669-91ac9153bd41,5967173e-23b2-4239-a1b4-cf09a990798a,BEV-004,1,700
11208847-2dfa-461b-8924-28cddf814845,91ec046d-5772-406e-b174-a9f47fead344,BEV-005,1,400
fad431c1-44a3-4754-b124-e10498da33c0,96c23a2c-84b7-4458-afd8-547672268a7b,BEV-002,1,500
f48a49f3-de94-4c84-baa5-46a5ccb6ff3a,96c23a2c-84b7-4458-afd8-547672268a7b,JAF-003,1,1200
1c98cf25-fcc3-4012-845a-c9cb1f928732,25024ebd-f65e-48e1-a75d-12d6c5036cd5,BEV-001,1,600
730c8b56-7772-436c-82ed-f28191739372,e91facbd-7b01-473b-bdf6-bf4b374612f1,BEV-003,2,600
12f9e0ac-f9f4-4b8e-abf5-4fa2b193492e,bde93b24-1692-4f1f-9fd8-4b8207f7168c,JAF-005,1,1200
7330d567-7a4e-43c0-8509-718f6e751cec,bde93b24-1692-4f1f-9fd8-4b8207f7168c,BEV-004,1,700
bfaddd06-631c-4a56-99ae-06c27901537c,79b440a6-f65b-4cee-b158-d01384b9d87d,JAF-005,2,1200
c6b818a8-644b-448d-b85e-3ca2e7ed847b,79b440a6-f65b-4cee-b158-d01384b9d87d,JAF-001,1,1100
dbd40121-471e-4078-94de-3329e4e2637c,7ea3028b-6aa0-45b6-963b-e4e638ffc3b2,JAF-002,2,1100
ac25a9f1-a975-4327-9f2c-3c97a0bc38d3,7ea3028b-6aa0-45b6-963b-e4e638ffc3b2,JAF-001,0,1100
432e8a93-af75-4123-a6f4-24b8d7002b66,7ea3028b-6aa0-45b6-963b-e4e638ffc3b2,BEV-005,1,400
314bdaf8-295e-41c4-a2bc-1d6a323c7805,69d10d8b-f7dd-4b5a-824b-41adcf01c181,JAF-004,1,1400
15312b0c-ba2e-4745-ac10-5a9f965c1a49,69d10d8b-f7dd-4b5a-824b-41adcf01c181,JAF-002,1,1100
71e94f22-858e-48f8-9056-3b63a3d721e2,69d10d8b-f7dd-4b5a-824b-41adcf01c181,JAF-004,0,1400
056967ab-f650-4561-9093-055fa0da36eb,69d10d8b-f7dd-4b5a-824b-41adcf01c181,JAF-005,1,1200
18231970-1ac5-4c69-8838-98c412559ce6,e67b6103-69f2-4916-9b5f-7a685ecfd11a,JAF-999-DELISTED,1,1200
f63f208b-8fe8-4564-9287-d20abead3db7,e260958a-1980-4f9d-84f4-58b370762770,BEV-004,2,700
2a06a919-6a96-44f9-b1ab-56b2b2658344,dd28601c-560f-4cf3-9944-cd6fd5d87340,JAF-002,1,1100
641a42c3-a6b4-4b57-843f-69a6caec6c6d,dd28601c-560f-4cf3-9944-cd6fd5d87340,BEV-003,1,600
5b716a02-4ec9-49cb-a668-7dd4c3ceb636,dd28601c-560f-4cf3-9944-cd6fd5d87340,BEV-002,2,500
69c64f10-96e4-4169-8d64-a600c7e7e6cd,a877d479-9ac2-4720-af7b-0ca4f3c3f20b,JAF-003,1,1200
0d5bc527-3ad6-4cb8-980c-a49f0598d8b4,a877d479-9ac2-4720-af7b-0ca4f3c3f20b,JAF-005,1,1200
d0080812-00b0-482d-ae9e-45a311fc834a,a877d479-9ac2-4720-af7b-0ca4f3c3f20b,BEV-004,1,700
dea0503b-fab8-4069-89b2-8cc176b3c6b3,2ec7d48c-9522-4157-a36f-0e9fe8934f48,BEV-004,2,700
a1a11aed-cc0f-4d14-af7c-ef153b89ba27,3c12edf1-cedd-46d1-8c03-6f7b8155947e,JAF-004,2,1400
2f76f4b6-f9f9-4b98-be74-9e20552c4310,3c12edf1-cedd-46d1-8c03-6f7b8155947e,BEV-005,3,400
34b099f5-f7cf-4ca8-b175-e81b0449706d,3c12edf1-cedd-46d1-8c03-6f7b8155947e,BEV-005,2,400
b6b95f02-1c78-4958-81e9-6957f0ab6bbd,2cb3bd5a-4ca5-4500-be00-27c5f0908e92,BEV-002,1,500
68be223a-eafb-4e52-9362-111d53a8d4ca,2cb3bd5a-4ca5-4500-be00-27c5f0908e92,JAF-005,1,1200
c925b7e0-33eb-4773-b2e1-70c40a485df0,c8a58826-5158-45da-b981-711ded39b675,BEV-002,1,500
3e562ad2-fb83-49f9-bfa4-b1563e1fa83c,d69dcb1a-bd69-4ea6-bfef-fea0443e1365,BEV-001,1,600
f7014916-b278-4567-ae04-94137cd322b1,d69dcb1a-bd69-4ea6-bfef-fea0443e1365,JAF-002,2,1100
23a24ae0-da68-4eae-858d-33d2abae40f0,b2e7b096-8e44-48fa-96b7-9fa9b062072c,BEV-002,3,500
cc03792c-ff0e-4e47-a38a-eedc2bd6b56f,b2e7b096-8e44-48fa-96b7-9fa9b062072c,BEV-005,2,400
f46d474e-f4c5-4e30-b7ae-6f1f3d3752be,83765771-b595-4ae8-9be7-c4be8f621735,BEV-002,1,500
46a0f00d-5019-4dc5-b9ff-359229dd2090,a8aa0713-ccd8-4ab2-aae7-c7ea76c05cb3,JAF-002,1,1100
4f6aca99-62fe-4174-9b64-fd6ddb686e8a,8495e4a5-7f30-4ffe-a556-5f0ac879b8eb,JAF-004,1,1400
f4b8f5b5-79ba-428e-aacd-92304046eea9,8495e4a5-7f30-4ffe-a556-5f0ac879b8eb,BEV-005,1,400
387cfcea-560f-4aef-b360-24965f2bf113,8495e4a5-7f30-4ffe-a556-5f0ac879b8eb,BEV-004,1,700
bf9f5110-631b-4334-ac7c-cdd4404a9a71,87f25195-c22d-4769-be16-ecddcf8373c9,BEV-005,1,400
ddecafe4-7137-4dd2-b9f2-4f7121264447,87f25195-c22d-4769-be16-ecddcf8373c9,JAF-005,2,1200
7999079a-3aa8-481f-8d22-5ad6585f3371,542f1a8b-738a-4299-a3f8-4699f670ceb9,BEV-002,1,500
ca98d93f-003b-4d25-b931-294e225d7711,94351ffb-a706-4858-bfc7-23ccde5b7c46,BEV-002,2,500
3cf5567a-9dc3-4658-aef9-e9b16c6109a0,94351ffb-a706-4858-bfc7-23ccde5b7c46,JAF-004,1,1400
18efa054-917b-4537-8aad-b63bb4c017e6,94351ffb-a706-4858-bfc7-23ccde5b7c46,JAF-005,1,1200
a31e6479-6d94-4bcc-90a1-f85c536c703e,7f246954-e2a6-4799-9c38-208d22895c1c,BEV-004,2,700
05983629-296d-4610-b498-4191135653ea,10c7e0b5-4c90-4554-8aba-adc027a5145b,JAF-005,1,1200
c0958a52-18a9-4d49-ba8c-a58110aea0f3,10c7e0b5-4c90-4554-8aba-adc027a5145b,BEV-003,1,600
6e29cbc1-2220-4692-ab34-ce9c5e55cd88,1a5c2584-3d55-4295-97fd-256faee5cf43,BEV-003,1,600
aa89de34-19a9-46a3-b6ac-41a9f34b7998,1a5c2584-3d55-4295-97fd-256faee5cf43,BEV-001,1,600
f1ab672f-a2a8-467a-add6-4aa8ff44e8fc,1a5c2584-3d55-4295-97fd-256faee5cf43,BEV-002,1,500
2cfaef9f-1d4f-42f8-86c2-e62004df63e7,b3b702ed-6251-42ad-b8b0-d129109c7ea0,JAF-001,2,1100
3c1d85e7-e6bf-4b38-875a-9c6c19352d56,f69cf207-6184-47a5-b5df-ba3a3d9efd7a,JAF-001,2,1100
1e5b214c-289f-4401-aba3-e69af614687e,5f150015-225a-46fb-9cc6-cf62607d178d,JAF-004,1,1400
29a7f213-c7d5-47c7-bf5e-d433465888bb,f74a0cf5-670b-4f5c-a663-abe3c9ef7705,BEV-004,1,700
20bf130e-60d5-42a7-8df4-f7d873b13e8e,f74a0cf5-670b-4f5c-a663-abe3c9ef7705,BEV-001,1,600
70a4051d-2ed8-4d4d-951e-a90483e57d4e,f74a0cf5-670b-4f5c-a663-abe3c9ef7705,JAF-001,1,1100
c2b7e718-9de5-4326-b4d8-298c5a76c0f0,4801882b-10bf-4e47-a62e-6c8e63f6018f,JAF-001,1,1100
e61ff8c6-5970-4bbd-8a13-76d3b6ec3b84,3891b6d5-6311-4c5d-8e7f-69f9986b1fd3,BEV-004,1,700
0189926e-0153-4d8b-bdea-4920bdcf87b7,3891b6d5-6311-4c5d-8e7f-69f9986b1fd3,JAF-001,1,1100
b28a9955-6dfe-4f0d-b2ce-2f44305db88d,3891b6d5-6311-4c5d-8e7f-69f9986b1fd3,JAF-003,1,1200
94613ef1-ccb3-41f2-b84b-52fc0d32ff27,3891b6d5-6311-4c5d-8e7f-69f9986b1fd3,JAF-002,1,1100
a237eb17-c57d-4253-93d0-de7195c43960,3ea3296f-1614-4dea-b0db-84e6a88917f6,BEV-003,1,600
440f13a2-4637-4e24-bf97-3ce268963d0c,3ea3296f-1614-4dea-b0db-84e6a88917f6,BEV-002,1,500
9bf41aee-ac5c-4ec9-ba32-fc3b5344bfd2,3ea3296f-1614-4dea-b0db-84e6a88917f6,BEV-002,1,500
5bd4e9b2-aec9-41ff-8a52-046500ac4b76,3ea3296f-1614-4dea-b0db-84e6a88917f6,BEV-001,1,600
7c185cc3-ba64-43db-8aad-b271bfe98bc8,881f17da-dcbe-4239-bde6-1eed77192412,BEV-003,1,600
131467f9-99e5-46d1-b73a-a309b3c7702c,2f2f78eb-a50a-4402-99c6-00f37ce72a36,JAF-003,1,1200
4507163a-6108-4cb5-b6a7-80cb5a57ae15,e1fbf149-6ecc-49d3-a8c7-372de797fd71,BEV-001,2,600
e72c0ea8-ecd1-430b-be32-562144f6eb9f,dff2d262-fbdc-4754-b3bf-85788aaad806,JAF-002,1,1100
6200cd31-aea4-4bfe-8c64-7b996d2136f8,dff2d262-fbdc-4754-b3bf-85788aaad806,JAF-004,1,1400
348d5520-d30b-411a-8825-62fee4ef6348,6524e0ba-b2ab-43b5-8c04-7393c02b70f6,BEV-004,1,700
e13b0989-2765-4f51-859a-653be84bde6d,bf7ab878-ca2f-4901-a84b-26617145c3ce,BEV-002,2,500
78f9a86e-d8e1-4515-927b-ab9b2d468b5a,5f6c56ed-9de5-4b4f-a35e-6c671fa5276c,BEV-001,1,600
566f3eed-5783-4e0c-ad9f-57c7a5698fea,5f6c56ed-9de5-4b4f-a35e-6c671fa5276c,JAF-001,2,1100
97cde146-03db-49fb-b7c9-64ea853ea153,d5e1aa36-9504-46a2-80c6-5426bc4a182b,BEV-002,2,500
08ca8bc1-d678-4505-aa16-75e623d8e013,d5e1aa36-9504-46a2-80c6-5426bc4a182b,BEV-004,1,700
7683c4d6-d157-45ed-9cd6-c75091c181cf,d5e1aa36-9504-46a2-80c6-5426bc4a182b,BEV-004,1,700
be5fbe21-99fd-498b-97c0-d11856b37731,c118787e-15d6-4f77-b119-378188976024,BEV-003,1,600
d80a0074-ffac-4a94-8659-2ce1759eb31f,2515bb39-7d94-4da2-a19f-4382651227d9,BEV-003,1,600
5c292487-4819-4292-b6cd-3b6892f593d5,53f26c50-645c-4872-a23d-184d99519531,BEV-004,3,700
c9948db6-94f3-444d-b818-b479056034b4,53f26c50-645c-4872-a23d-184d99519531,BEV-001,1,600
3c73b165-f48f-42a6-ab12-79d86e3146a1,53f26c50-645c-4872-a23d-184d99519531,JAF-002,3,1100
66a83236-995a-4b4a-93a6-a00146bd8f9d,53f26c50-645c-4872-a23d-184d99519531,JAF-004,1,1400
e9840785-2330-43bd-9c76-a17b5f08e927,0b2ee4e7-13bd-4dc2-a38d-689f2bafd1dc,BEV-002,1,500
cfc6593f-042a-417a-b59a-8ce6a1f0e633,0b2ee4e7-13bd-4dc2-a38d-689f2bafd1dc,BEV-002,2,500
c94ebb6b-5fc1-4ea6-b8a4-9dbaea8a9241,0b2ee4e7-13bd-4dc2-a38d-689f2bafd1dc,BEV-004,1,700
7dfce214-f963-4fec-9376-9c6684dc9ea0,d134b1b2-e34b-4dd6-9974-36d25d522222,JAF-003,1,1200
b8849f7b-d774-4b0f-9cfa-b1522ad31ebe,d134b1b2-e34b-4dd6-9974-36d25d522222,JAF-005,2,1200
25629b62-5630-4e7e-a375-6b34afab157f,33e8813c-d800-47d4-adc7-631be1831933,JAF-003,2,1200
b0890cc3-64cc-4e7b-adc6-649096a252d9,33e8813c-d800-47d4-adc7-631be1831933,JAF-002,3,1100
7a73225e-ca8f-4396-8073-cd6580127963,360f4ab9-2206-4667-862f-5f7d0d56c48b,BEV-001,1,600
e0409b1f-b02c-4bbd-a006-cfe8c0795a9b,524d0b87-729d-4481-aaed-6657b076dbff,JAF-002,3,1100
7558e4f4-3c11-4009-9534-7330d5d0bbaf,524d0b87-729d-4481-aaed-6657b076dbff,BEV-004,3,700
6086ffda-ba73-4cd0-b999-cca4c8dd85ba,64d12ef5-0732-46e1-a12a-80fbef2e2846,JAF-004,1,1400
74eceedc-cf38-4ecf-ad52-909598484a87,64d12ef5-0732-46e1-a12a-80fbef2e2846,JAF-003,1,1200
01ad19a3-cabf-4c26-aad8-c073a8c1a0ab,55949844-a5d0-4c15-b44c-1619068203f7,JAF-002,1,1100
9a962b4b-75d2-47ad-9214-ff342f518075,55949844-a5d0-4c15-b44c-1619068203f7,JAF-004,2,1400
f7291b6b-347d-4808-b983-44eb1f6717c0,6cc60afa-d797-4bda-a376-ad5f9ef414b2,BEV-003,1,600
aae54ec1-62e8-4934-8de7-36c1bff0bf02,319de576-a05c-4197-b819-aecb8863eb20,BEV-005,1,400
fe12f9eb-15b1-427c-81a0-b907c76fdad5,319de576-a05c-4197-b819-aecb8863eb20,BEV-002,1,500
aa39cd03-43c1-4c7c-8573-19780935d28b,c0de5a91-df12-42b9-99bc-060b51776ff0,BEV-004,1,700
7d93a14f-8e8f-43ed-9179-b291b60ae4db,c0de5a91-df12-42b9-99bc-060b51776ff0,BEV-003,3,600
93e3bcd7-ef26-4b61-a01b-61e4e0e01fe5,c0de5a91-df12-42b9-99bc-060b51776ff0,BEV-001,1,600
c3cebeb0-d9b9-4560-a902-b80bcc5cbce2,ac5bf1c5-02a7-48f8-b6a5-42f0441bffd6,JAF-001,1,1100
a669d881-fb38-4883-b2dd-e941f2187afc,fbac28fe-70f3-4ad1-a24d-e257c1bf8403,JAF-003,1,1200
305e28ce-d787-48be-9b44-c51b635c9acb,fbac28fe-70f3-4ad1-a24d-e257c1bf8403,JAF-005,1,1200
ba3cb6b8-3eef-426b-af89-71df7b5b3256,daa94c9c-15b3-4308-81e9-1e31363f880c,BEV-004,2,700
ccd2b99e-a4c5-4b57-9e03-5cc6583aee21,daa94c9c-15b3-4308-81e9-1e31363f880c,JAF-002,1,1100
5433b9d7-2ac7-47e4-9d23-c737ea0877f3,daa94c9c-15b3-4308-81e9-1e31363f880c,BEV-005,2,400
a9d08309-d158-47d3-814b-04fdb3ef2802,daa94c9c-15b3-4308-81e9-1e31363f880c,BEV-004,1,700
b4d8e796-da05-4275-8c64-75f2eac54219,5927606c-b61b-4fd1-aa91-b465c70abed2,JAF-005,1,1200
d0057d6b-5819-49a2-82b4-9f83877097ec,794df5c4-3eae-434f-a462-5a894d4bbdef,BEV-002,1,500
27333f36-60bb-40a3-93d1-4d9246032f64,5b54d0b6-85c2-4522-afd0-61a79227a851,BEV-002,3,500
8b8c26d4-100c-42b3-bd3a-53cb835ccf07,5b54d0b6-85c2-4522-afd0-61a79227a851,BEV-001,1,600
4e4e65b2-bf2a-4952-8acb-4842b6ff0a89,5b54d0b6-85c2-4522-afd0-61a79227a851,BEV-002,2,500
77fef533-ea31-4a12-a4aa-961f004228a4,c1acc31c-43b6-4c7d-a06d-f6591cbe7578,JAF-001,2,1100
e136b945-e007-498d-aea8-0f79e5a5e71a,304f6312-5b0a-4ab5-af4d-e06de504e54f,JAF-004,1,1400
16c57e3e-907d-4f58-839c-0c4d4719067f,304f6312-5b0a-4ab5-af4d-e06de504e54f,BEV-002,2,500
744f7ecf-27ee-44b7-b256-ca17c713e5ba,33d0cab3-4b1f-42ad-8459-07b2404760c3,JAF-004,1,1400
764746f6-c2fa-4303-924c-d68cf61ae57f,33d0cab3-4b1f-42ad-8459-07b2404760c3,BEV-003,1,600
267daf23-29bf-4a83-b402-83436a131086,33d0cab3-4b1f-42ad-8459-07b2404760c3,BEV-005,2,400
50b688b2-c559-4e92-9fc1-2ade2744d050,f138502f-33e3-4507-b6f9-46456e3f29d9,BEV-003,1,600
47f05ad9-c809-4e94-984e-1625f3b91a6e,78bc654c-94a8-40e7-8bed-15736f2dbf61,BEV-001,1,600
42c19f32-bd8c-4ac4-b4b2-1e882a80fd15,78bc654c-94a8-40e7-8bed-15736f2dbf61,JAF-002,1,1100
6f6a3941-a423-4ec0-b3e3-d8bcd6fdc73b,78bc654c-94a8-40e7-8bed-15736f2dbf61,JAF-002,1,1100
c7207266-f664-44a5-963d-3fda3613ca99,78bc654c-94a8-40e7-8bed-15736f2dbf61,BEV-001,3,600
06acea73-c3fa-4301-9aa8-6d5726a5683f,f1770ec1-b0b0-4e63-a8fe-8340d286eaaa,JAF-005,1,1200
67b5df6a-4957-4ead-9b1b-0c17994507cf,f1770ec1-b0b0-4e63-a8fe-8340d286eaaa,JAF-002,2,1100
a9b79bba-bbb7-4b88-a42d-681a755135ff,f1770ec1-b0b0-4e63-a8fe-8340d286eaaa,BEV-003,1,600
dd21331c-d36e-458a-9658-99057e7f2e5e,855c53f5-a857-4c5b-b9d2-8232b89fad13,JAF-005,1,1200
21484b84-2a4a-4c0f-8923-ff43b1de4438,4bae5dc5-a582-4a77-a5bb-0c311fd2a34d,JAF-003,0,1200
6c83715d-e8d3-4e4e-8cfa-a98d7a54266f,4bae5dc5-a582-4a77-a5bb-0c311fd2a34d,BEV-001,2,600
4e2ff647-6dba-4e08-babf-51ad83280b3a,4bae5dc5-a582-4a77-a5bb-0c311fd2a34d,BEV-001,1,600
c8fd9326-4348-4a3d-9266-c760e4c563d2,4bae5dc5-a582-4a77-a5bb-0c311fd2a34d,JAF-002,2,1100
2984f495-6283-43f5-8254-1a998715ddfe,35615743-1856-47ba-bde8-c5d316d764fe,BEV-002,1,500
7e5ffb35-4198-4248-a02a-0902ade1ba2a,be7d8abd-c505-4deb-9e69-4791363d906d,BEV-001,1,600
54fc53d1-8319-4b6d-8d57-4f9124bf970e,bc0416d3-875e-4642-85d8-44c6a6e04830,BEV-003,1,600
cbc833d4-d700-4ac6-bc4a-0bd9eaead90c,85e6ffb3-d19b-4812-93da-b6fea7c5f603,BEV-001,3,600
78cee9fe-ac1a-404f-bca4-0977d3641c3d,4aa4748e-08b5-4d81-b736-c2693ef28a99,BEV-004,1,700
38f16ce2-3eb1-4967-a7a4-a2d6aea0f7a6,d9daec39-2504-48af-928c-c77e26bb73c1,JAF-004,2,1400
5a3172e0-0d21-4695-9c25-2090f66ddcf8,edf86f0b-77fc-44b5-8997-5cb44b11f5cf,JAF-002,1,1100
4c1e7d72-9e48-4c48-bc68-494fc2d20bb8,a7fd34cb-26d2-4973-9477-6b5a83f90718,BEV-002,1,500
7508030c-6949-4f5f-a1e4-1720e2f9bf08,a7fd34cb-26d2-4973-9477-6b5a83f90718,BEV-003,1,600
c86e657f-492f-4311-8860-53d26b75270e,5329f02c-22fc-471d-a723-71aa054de7d0,JAF-002,1,1100
f42d9b10-72eb-45f2-bc45-081a7cd0ad30,5329f02c-22fc-471d-a723-71aa054de7d0,JAF-003,1,1200
a2bcf320-07e4-42d7-ab9f-36b22097efed,5329f02c-22fc-471d-a723-71aa054de7d0,JAF-003,2,1200
67014a24-3102-41ee-8e77-260ecae27f5f,4c0aefe2-25ce-4efe-8fa3-b7ebc75b699f,BEV-003,1,600
f2a882a7-db7f-4987-a1a6-8cf72b5f0384,4c0aefe2-25ce-4efe-8fa3-b7ebc75b699f,BEV-002,1,500
1cfc0e2f-558b-4d02-84c4-1dd2bc94557e,4c0aefe2-25ce-4efe-8fa3-b7ebc75b699f,BEV-005,1,400
2b3e9c18-7a2d-4fc6-a9f5-2c2f35177ba6,4c0aefe2-25ce-4efe-8fa3-b7ebc75b699f,BEV-002,1,500
f28ec8ef-1226-44e6-8c91-1cde2bbdfbde,cd5401f1-b46e-4f21-84c9-577016773cf2,JAF-001,1,1100
4d73a94b-4dbc-49b0-9eea-a35b50bf8856,88b77f45-8591-4d94-a602-14dadbb2eb2a,JAF-001,1,1100
dea04f1c-0718-4dc5-a9a5-644ad057f495,4c124612-a36a-4bce-979e-7d5b9109bab5,JAF-001,2,1100
20faaffe-bdfa-46ca-ba70-1dac12e131b4,35b31084-5922-49fa-9ca8-a3b71c6765f0,JAF-005,1,1200
0ae04a52-7edd-4ec9-88b0-e469a74d1266,dffccb4f-80ed-4f1f-887c-2a3551a5f2f1,JAF-001,3,1100
f9f073c2-e326-4fe9-a3de-364138bccdde,5da7ea17-5b73-40de-8519-91e86c8e55fa,JAF-003,2,1200
adf69e06-d195-4197-bb71-a2a8c2b75380,5da7ea17-5b73-40de-8519-91e86c8e55fa,BEV-003,1,600
a8ed5432-1b8b-4083-9c20-b30dedbb7a8f,ee12aecf-b0cc-41b9-a46a-994e7d0aa968,BEV-005,1,400
005a26a6-7e92-4f86-99bd-bfb497bf359a,ee12aecf-b0cc-41b9-a46a-994e7d0aa968,BEV-001,1,600
c4831ac5-46fd-49ec-b2a7-21642d6501ed,df56932f-26f9-4895-93d2-a721a2a2c51c,BEV-001,2,600
b536210b-3a07-4db6-b37c-5da7f92e7597,b0eabf82-56dd-4276-9982-6e109a6c3cde,JAF-001,1,1100
