id,pay_period_start,pay_period_end,pay_date,status
11b9d1a7-bcb2-4251-98a2-b2caf962d46b,2026-08-11,2026-08-24,2026-08-29,draft
040a8ffa-ac20-4ce0-9c6c-9ef9f1bd3e06,2026-07-28,2026-08-10,2026-08-15,processing
3a2ab5f1-8987-42a5-9999-112f0651b261,2026-07-14,2026-07-27,2026-08-01,paid
1eec9c16-605a-42eb-8026-9b6fd4f2ef5e,2026-06-30,2026-07-13,2026-07-18,paid
c811f337-ee70-46be-b0a4-6c087a4ef1c5,2026-06-16,2026-06-29,2026-07-04,paid
913a63c7-cc5c-4634-81ea-6736bbb453d6,2026-06-02,2026-06-15,2026-06-20,paid
54430f96-6c84-4d45-8e51-51ea16919548,2026-05-19,2026-06-01,2026-06-06,paid
a511e57e-694a-4b82-ba9b-61fa9eef66b4,2026-05-05,2026-05-18,2026-05-23,paid
2478ea4a-4816-4343-8e57-50a9ac969418,2026-04-21,2026-05-04,2026-05-09,paid
b16b78f8-a7a2-4191-917a-e5fe3a09bdb6,2026-04-07,2026-04-20,2026-04-25,paid
1190916e-0590-4e19-bf92-90418c76692b,2026-03-24,2026-04-06,2026-04-11,paid
dc90129c-2ed7-47f4-83de-11561167ebcc,2026-03-10,2026-03-23,2026-03-28,paid
4378dc63-8933-4b0f-9519-29c49808ab74,2026-02-24,2026-03-09,2026-03-14,paid
a13ac77a-c6fe-4fa7-af96-a3e4514b786c,2026-02-10,2026-02-23,2026-02-28,paid
215719f6-d2a9-4984-b832-2d824fafb59c,2026-01-27,2026-02-09,2026-02-14,paid
f95f1e9c-f492-4943-bc81-c72d8987a16f,2026-01-13,2026-01-26,2026-01-31,paid
1986f05e-11cb-45b3-910c-74e9dd070857,2025-12-30,2026-01-12,2026-01-17,paid
404f3a4c-80bb-4337-867b-5eb50add07d2,2025-12-16,2025-12-29,2026-01-03,paid
e7d4246a-d374-4963-9718-d694f2b1a1c7,2025-12-02,2025-12-15,2025-12-20,paid
2725124e-e087-4b83-b8d9-6a32e8b05602,2025-11-18,2025-12-01,2025-12-06,paid
c96891f7-23ce-4043-b285-54eba61c2705,2025-11-04,2025-11-17,2025-11-22,paid
a1de6547-a9a7-4a63-af28-da9d2fcd3c50,2025-10-21,2025-11-03,2025-11-08,paid
9b3a6439-170c-46c3-9c2e-5ac90e3cdc86,2025-10-07,2025-10-20,2025-10-25,paid
1e17cfe3-8ed9-420b-8b0b-09750e7e7f11,2025-09-23,2025-10-06,2025-10-11,paid
16359116-cbf5-47a2-b1df-014dc3e4ccaf,2025-09-09,2025-09-22,2025-09-27,paid
20464aba-fcc3-4914-838c-56d9c5d32166,2025-08-26,2025-09-08,2025-09-13,paid
