id,fulfillment_order_id,sku,quantity
10593a45-4cbf-4bf0-bcbb-bc5ec75efb95,40464aa5-9045-48b9-be92-2b767c28c79c,BEV-002,1
8451debd-2354-4d21-b73e-06d5bf16dc90,427f6ff2-264f-49a8-9a66-72498a536a80,BEV-004,1
604ea9c5-5920-4765-8132-c7315293bd71,427f6ff2-264f-49a8-9a66-72498a536a80,JAF-004,1
6f95b4f5-fa34-4253-84cc-00c9b1ecf6bc,427f6ff2-264f-49a8-9a66-72498a536a80,BEV-004,1
c9e20495-dde1-43f0-92a9-0add04c92591,427f6ff2-264f-49a8-9a66-72498a536a80,JAF-001,1
cd099099-95c6-40b6-93d6-12555559d5ea,cadf9c1c-598c-4f17-96af-e495cb5c7013,BEV-003,1
3263ddb5-705c-4d01-91a0-6da43bd524c5,c437206f-9756-498e-91e0-b9b89a869ef9,JAF-004,2
0485dc70-ed86-44d1-b348-67b8d97d7447,b29797a1-cdeb-4518-9a75-e461ec7fe92e,BEV-003,1
6928788c-a71e-4dfd-ad7b-3f1b58dea757,b29797a1-cdeb-4518-9a75-e461ec7fe92e,JAF-005,1
129a3a02-bcf7-47ee-bce7-a13856b3a4fe,b29797a1-cdeb-4518-9a75-e461ec7fe92e,JAF-002,1
7813befb-6836-4c6c-b50a-b28289760efe,e1aafd8b-d81a-42e0-b5df-da340eb3425e,BEV-004,1
f69b35ea-b394-4acd-a95e-187d9f78d8d1,e1aafd8b-d81a-42e0-b5df-da340eb3425e,BEV-003,2
45df513c-78dd-4835-9a52-2b18620bfa18,e1aafd8b-d81a-42e0-b5df-da340eb3425e,BEV-004,1
721a268c-6c18-4977-bac9-b0b2ee1ad6c2,3d9862a5-6596-4b5b-bdc8-d15a32abd5ce,BEV-002,1
a8bbdae2-53ad-4239-9d2b-8f1862d70235,3d9862a5-6596-4b5b-bdc8-d15a32abd5ce,JAF-001,1
ef9ec8eb-8e12-4673-8565-15a8bfe786e3,3d9862a5-6596-4b5b-bdc8-d15a32abd5ce,JAF-001,1
c3b91c01-569e-46e0-9b15-d26d30fcb48b,b67ff3bd-87f6-4d42-8ae1-0bd0b53bd3b1,BEV-003,1
5503f6e0-9eee-48fc-a5f4-f507e20a62bb,eeafcc4d-3c84-4154-994b-dbf1361caea4,BEV-001,2
b82def4a-1802-428c-b94d-f35faf8d33b1,eeafcc4d-3c84-4154-994b-dbf1361caea4,BEV-004,1
3592ac4c-7f70-47c5-90a5-6761255d9cb4,eeafcc4d-3c84-4154-994b-dbf1361caea4,JAF-002,1
62a7188b-9ee1-43f9-9ab6-1c1ee21709bd,98864751-a111-46d0-b72b-318600015bbd,JAF-003,1
4275acc4-68c4-4a1e-b5c2-d062ee75eaf9,98864751-a111-46d0-b72b-318600015bbd,JAF-003,1
f8def535-2870-4aa7-a27e-d647f6c2515a,c1f8ac1e-6569-4a6d-8fe8-7865b0157f7d,JAF-005,3
558a56b0-6f8a-4274-bccb-2bb5b00edc88,c1f8ac1e-6569-4a6d-8fe8-7865b0157f7d,JAF-001,1
1376649f-1e77-4c84-8246-0fbc0a378f84,2be583a5-5c69-49a3-9307-f84739b2f34c,BEV-003,3
0cc9d815-7a70-425e-a0ce-f34ff030b2db,2be583a5-5c69-49a3-9307-f84739b2f34c,BEV-004,-1
ae7e9818-0773-41e2-a17a-e79981013bcf,2be583a5-5c69-49a3-9307-f84739b2f34c,BEV-005,1
88869f8d-513d-4eff-bcd7-206dd8ed1797,2be583a5-5c69-49a3-9307-f84739b2f34c,BEV-002,1
17833fd2-0e74-4dc9-97a9-a6bbab58a703,b0006b44-c94e-44fa-8a45-5a90d4b79e56,JAF-003,-1
e8599179-b358-4722-9b2e-9366df0e5b1c,b0006b44-c94e-44fa-8a45-5a90d4b79e56,BEV-004,3
3d13b5bd-d979-4dec-a415-e5efd062957f,b0006b44-c94e-44fa-8a45-5a90d4b79e56,BEV-005,1
565c19c4-cc50-4b63-8c16-d1ce9dde2807,b0006b44-c94e-44fa-8a45-5a90d4b79e56,BEV-002,-1
cbf321a0-39a5-415a-982c-6bd0358ac16b,d287257a-1e7c-447e-a244-6aa1d7e46cc3,BEV-003,1
236040d3-64a3-443f-84b4-f3572bd64915,d287257a-1e7c-447e-a244-6aa1d7e46cc3,JAF-004,1
11303da9-5451-4920-80c8-2893a4da4088,9a7f13fb-33bd-4f69-a457-70784a437ed4,BEV-001,1
20b83c90-88f7-4a99-ae69-3c9bdf440881,9a7f13fb-33bd-4f69-a457-70784a437ed4,JAF-001,2
68f6297d-e5d4-46ca-ac0c-298888a3ac7c,9a7f13fb-33bd-4f69-a457-70784a437ed4,BEV-002,2
afceedb0-669c-45c6-8a7d-20893c49a179,ed9b4881-f135-47e6-882f-186773281264,JAF-005,1
75e08e88-6eb2-41f7-910f-18e4ee5655bd,ed9b4881-f135-47e6-882f-186773281264,JAF-004,1
62b03bac-4d0a-40e4-9bcb-bc4c4abdd5ae,ed9b4881-f135-47e6-882f-186773281264,BEV-005,1
24ee2951-71ce-48f8-a9a9-966e846f1e8b,014b914b-21a9-4b66-baa4-d528e36d8297,JAF-001,1
7264e1d3-71e5-4a4b-ac17-ec69366d188f,3a97ad75-6968-42d0-8be6-3a76bd3618b8,BEV-004,1
6d0ad8aa-1003-4da7-bd50-c88217426f01,3a97ad75-6968-42d0-8be6-3a76bd3618b8,BEV-005,1
3639f077-f803-4214-9237-b2ea7a0d584f,3a97ad75-6968-42d0-8be6-3a76bd3618b8,BEV-002,1
3e8f6d33-82bb-4b20-94d4-24730ca0ed2a,66cd5e6c-c257-4ed6-aadf-9b1457435f90,JAF-004,1
36bd93ab-2d4c-4f8b-9fb7-d070c7c08841,abcc0120-f74c-4d8a-a5e6-8b4a6add3c68,BEV-003,1
48c30325-3059-468a-961c-b9373d7d148c,67c2bb22-2300-477e-83ea-83f18cc09aa6,JAF-005,0
e597564c-2f6c-42fe-ad7b-7001e4afe700,67c2bb22-2300-477e-83ea-83f18cc09aa6,JAF-004,3
33bba022-384e-4205-9ade-46bae9ff2b47,aaf72c7b-0a3e-40d7-a56d-63a443a81d95,JAF-003,1
6fa32afc-6485-4b8f-95c0-106f9cb6ff0b,ae5aabfe-11ad-45ba-96b7-b8a220ea3e63,JAF-001,1
62da6907-8d73-4efb-b4da-1aab4c66edd9,94ca9efd-f42f-48d5-9b82-8f7f20f86c94,BEV-004,1
2b2cdac9-e81c-4a48-a6a4-823e2e13000b,5ce93ba8-b51d-4fd3-af37-d3d523c5228b,JAF-003,1
b5a31055-0a87-4284-bb7e-acf780f2687c,c8f618c8-3835-41bd-aedf-252e1e6041b3,JAF-003,2
91b1ea8b-e923-4818-b7ec-1faa5470ec64,c8f618c8-3835-41bd-aedf-252e1e6041b3,BEV-001,3
7f285ddd-0e80-4134-bc05-97f338e7c822,cac5a14a-e9fc-4abd-956e-a34188c3daf6,JAF-002,3
86e69e5d-ade2-4fd4-8fca-621e519f893e,d0feed84-2b4b-4d21-9733-e458cee619fa,BEV-003,1
1d103738-402c-4e16-b6da-8747d12b558e,d0feed84-2b4b-4d21-9733-e458cee619fa,JAF-002,1
82949f06-0e6c-4a0f-b269-e607d9262e9f,c4234eab-6a5c-4ffe-80b4-bed5f29c0695,BEV-003,0
6e6ef668-3814-4e08-af0b-59c1a51b4777,c4234eab-6a5c-4ffe-80b4-bed5f29c0695,BEV-002,0
7ea69f77-58fe-4c7f-b3fd-7b404866b7ad,c4234eab-6a5c-4ffe-80b4-bed5f29c0695,JAF-005,2
3d2b3113-f0f2-4bb7-a025-b7c88f6f614a,5fa67f1b-44e1-4b30-bd3c-cc7102185829,JAF-004,2
4308d74d-2fff-4ade-a290-6b27aba05742,29cd6cf5-7f15-42d5-8d2c-55e146c79209,BEV-005,2
1149c226-ddee-42b6-92c2-b6c12e13fa2f,29cd6cf5-7f15-42d5-8d2c-55e146c79209,BEV-001,3
79905843-66d9-445f-937e-908a119df2f4,29cd6cf5-7f15-42d5-8d2c-55e146c79209,JAF-004,1
1187dd38-b77c-40e4-a110-4c57da2ebf13,30a9b244-131a-4fc0-94c3-c5a533c4240f,JAF-005,1
df1bb511-f821-4251-a5a1-e19edf025bc0,c6390485-3776-4ccf-b826-4e48006473bf,JAF-002,1
090f01da-8c15-4558-a44f-83655d751329,c6390485-3776-4ccf-b826-4e48006473bf,BEV-004,1
9845eaa3-0da2-4da2-9872-866d11ef2e90,c6390485-3776-4ccf-b826-4e48006473bf,BEV-003,1
cf98b475-cd9c-4e25-a557-46250bc6bd5b,0cdbe6db-7e0e-4c83-a859-7538e9a34744,BEV-005,1
b04b1866-35d6-4c95-8a0b-651cf2a93fc5,754ac1eb-448a-4e81-b8df-727c54bd76d8,BEV-002,1
58fc72e6-9233-4e37-8ec5-8c2af0d5ba22,754ac1eb-448a-4e81-b8df-727c54bd76d8,JAF-002,1
dcff81a4-39c7-47fc-8ee0-a876e214779d,754ac1eb-448a-4e81-b8df-727c54bd76d8,JAF-005,1
8bf7ae52-a4bb-4cc0-a4b6-b4e5faa078a6,754ac1eb-448a-4e81-b8df-727c54bd76d8,BEV-003,2
e405a509-4270-4e8f-a5a4-1af47e1919cb,eb5b53b5-ef8f-447b-a957-02f3052a28c1,JAF-004,1
dfa74ef8-10bd-469c-823a-af619b254fec,342fd21e-c522-40d6-8a95-1b12cff2e156,JAF-003,2
71f7b672-f718-4a8a-a37d-fb13174ab8a3,342fd21e-c522-40d6-8a95-1b12cff2e156,BEV-003,1
0675dab5-56e2-455d-8c64-adf8d2ccc6af,3dd6b9f5-c1fa-488b-b8f0-9f96b7b7e305,JAF-002,2
e90b7e43-ef96-43b8-aff8-a67821328a90,3dd6b9f5-c1fa-488b-b8f0-9f96b7b7e305,JAF-003,2
a116f980-e19d-4c1c-afb8-6191190f9cc9,3dd6b9f5-c1fa-488b-b8f0-9f96b7b7e305,JAF-004,3
71d35b34-4f40-40a1-ba45-3d7a74b0ccba,6b2dd66c-b81c-4ae7-815f-1bd085eb8e99,JAF-005,1
17f8b400-a140-4a4d-aedc-85502c35c61b,6b2dd66c-b81c-4ae7-815f-1bd085eb8e99,JAF-005,1
c4eea8c8-7d74-47f7-8464-e87775b26e1f,2cbe28c2-f3e5-4f1b-bc28-2ce3b8b66b7c,JAF-001,1
07a2ee18-110f-4d22-b2bd-0eb5120a9929,c0327adf-d914-492a-bcb1-da1fa929fc44,BEV-001,1
ee22358e-dce4-46f9-ab30-33e9b8990c14,c0327adf-d914-492a-bcb1-da1fa929fc44,BEV-005,1
89d54562-06be-444a-9bde-5543c9cbd317,0116d532-8a01-499e-8087-a1084d3f0387,BEV-004,2
2b4726d3-5a63-49b5-ba24-e27bd314fcf7,0116d532-8a01-499e-8087-a1084d3f0387,BEV-002,1
73e0d21d-8973-4648-9b53-9e70f9991b6c,046517b3-28e6-401b-b930-522b0d536b07,JAF-002,1
80985441-ece8-4343-98a3-f409b7355382,046517b3-28e6-401b-b930-522b0d536b07,JAF-005,1
bc628ae9-e4c9-4439-abfa-61d2135e6d29,1db81448-99c6-4b4f-8dd3-1d193755a21d,JAF-004,1
c7f27f9e-a801-41d0-992a-6409da67ab27,1db81448-99c6-4b4f-8dd3-1d193755a21d,BEV-004,1
3052e431-edd9-4e01-a268-e973b0f343f2,1db81448-99c6-4b4f-8dd3-1d193755a21d,JAF-005,2
2f971da7-324c-49c5-bf79-bfea333f27de,69c4d1fa-9f77-489a-8f26-b7795eabc0c2,BEV-005,1
b60527f5-994c-4c7c-8a33-ca5ffd121c4c,69c4d1fa-9f77-489a-8f26-b7795eabc0c2,JAF-003,1
b6854355-4090-49d2-8fc0-9bea504d48a8,69c4d1fa-9f77-489a-8f26-b7795eabc0c2,BEV-001,1
eeb0c95d-19d9-4f74-9d55-55d7875f0e39,5559401a-29ec-4c99-902a-f6c9cfea255c,JAF-004,2
fd872f08-5995-4420-bf07-9f874ac0bfbc,907faace-2f68-46bd-a41d-cdb2a291b249,JAF-005,1
064081fc-7278-463f-9bb9-da526a58618b,7cb6fa02-736c-44a0-b665-5c88a2d77bd0,BEV-004,2
90b4b1cb-c7ec-45b9-be74-4f74d5e7cb54,fd4f3fd7-6b4e-4162-b9d2-ff873e0e8c1d,BEV-001,1
9b279291-1a3b-493c-9aa6-2e08e1cd23f9,fd4f3fd7-6b4e-4162-b9d2-ff873e0e8c1d,BEV-004,1
47dadeeb-ff92-4725-a0ef-17c1f64203e6,97715ed7-7765-46ef-8ebb-0d21c205099d,BEV-002,2
5aeb7f2f-d634-4994-97b4-1fae3b1a5b40,97715ed7-7765-46ef-8ebb-0d21c205099d,JAF-004,1
d7a13fab-f94d-4eae-aeee-1c97a0b74c14,97715ed7-7765-46ef-8ebb-0d21c205099d,JAF-003,1
8744b8c3-0161-4372-bf48-5479d0a786e3,97715ed7-7765-46ef-8ebb-0d21c205099d,BEV-003,1
e3e7cf52-df69-4d72-9858-6d67dd1dcfba,197a8d4a-7265-4e86-b966-6e7b00243d82,BEV-002,1
9c0d1d2b-1096-4ceb-907c-0b78dc03be33,197a8d4a-7265-4e86-b966-6e7b00243d82,BEV-004,1
5b3dd1df-24fc-46df-aa87-d1b567bc7f02,9f0cfe29-1872-4554-b56b-43bcd1468ca7,BEV-004,2
0432e0d3-f8d4-4001-9d07-f3cd91ef0a40,5409a82b-6d6c-41f0-8cb5-b71437f2e234,JAF-001,1
df3815ea-b146-4b1f-9b4c-21907edb0ca1,5409a82b-6d6c-41f0-8cb5-b71437f2e234,BEV-001,2
faa7c116-345e-46a4-a3b6-9da261abe599,5409a82b-6d6c-41f0-8cb5-b71437f2e234,JAF-001,2
6fc75d46-75d8-4383-8de0-dce6369e38ea,5409a82b-6d6c-41f0-8cb5-b71437f2e234,JAF-002,1
d8b4af80-de4c-4084-a6f2-b5d7945945c9,90d8d844-c9b5-41a9-b86f-9ee1d1e14885,JAF-004,2
8576ec50-ee4d-4223-8a67-e8a3eb1e0567,977eaf7a-59b1-44fb-b689-eaa556a67f57,BEV-004,2
594277a2-9518-4e8e-a047-19c8dcffea95,977eaf7a-59b1-44fb-b689-eaa556a67f57,JAF-004,1
f28a3386-ccb9-4ecb-abf7-a0c9032f8e94,97299265-6f50-4d09-907c-0faadf79fe7c,BEV-004,1
a59919b5-cfad-4d97-a27b-609c169fec9b,e910eb03-78c3-4e89-9656-59a7da487be9,BEV-005,1
2f3a0b83-3cda-42c0-98c4-b1cacc5b6485,3b748a93-51d1-4793-abcf-962a17db5c59,JAF-004,1
c8dff34e-6309-454b-b92e-e6565b7a8776,3b748a93-51d1-4793-abcf-962a17db5c59,BEV-001,1
2dd321ed-2998-4009-8ee3-fc01c343d4cb,3b748a93-51d1-4793-abcf-962a17db5c59,JAF-004,1
360924eb-cc1a-4a81-bda9-bfeebb4ed50c,3b748a93-51d1-4793-abcf-962a17db5c59,JAF-001,1
541ebe44-324c-4787-80ca-9ffff28d759d,7bda6a8f-1355-48fb-b9dd-4a555662ddb0,JAF-004,1
a2984acc-bfb6-452a-8333-e4db333c2190,7bda6a8f-1355-48fb-b9dd-4a555662ddb0,JAF-004,1
19c7e19a-fd9b-4957-860f-308169784a51,098ec6ac-919b-4af0-ad72-8658f836bcd4,BEV-002,2
d6e4363f-e866-4153-b934-ca123f138b93,098ec6ac-919b-4af0-ad72-8658f836bcd4,BEV-001,1
34dc6a66-b0aa-4eec-a31b-4dc88722d6d1,e1050ac0-8b96-4a82-8fec-664f643ec9f3,JAF-001,1
106b648a-a05e-4280-bf71-0827df01046f,655665e4-6fbd-42b3-9ec1-aeae9d20de2a,BEV-001,1
412a98a3-ae76-4d35-ae05-e2a930615232,7c9ce2f5-a247-4d73-84be-f440f6191db3,BEV-003,1
8d8500a3-22f6-493c-bc2a-73185214d164,9879233d-83e5-462e-bd0d-80b88a837272,JAF-004,1
c31e4e2f-cf9c-4a58-b1db-2bfd1a07bfac,9879233d-83e5-462e-bd0d-80b88a837272,JAF-003,1
26db77c5-2862-45eb-a9fa-64ad3be1c37b,9879233d-83e5-462e-bd0d-80b88a837272,JAF-004,1
75ef197a-7421-445e-94eb-821d991f631b,fc2fb75d-6861-487d-930e-30d94730b305,BEV-002,3
44bad8e9-7c25-4ac9-867c-49361db2b4d5,b284fb53-d03a-433e-a58d-3e7dfe84f0b2,JAF-003,2
39e18d74-3de9-46fa-b5d1-bf47ec5f3d66,f23b9360-1e7e-43fc-9142-ff6bb8b8856e,BEV-003,1
fedc59c3-22b7-463a-9800-84776916afdf,3c2f943a-8d84-4da3-ab08-e53ae46ef01d,JAF-003,1
b7945743-2b3a-4ba2-9659-d84c50a2bab2,3c2f943a-8d84-4da3-ab08-e53ae46ef01d,JAF-005,1
c672e3d2-7ed8-4ff0-99c4-8d358a4c2bce,691f4637-0ac6-4af0-a2b5-e0636191d3e6,JAF-003,1
181e083b-1a83-4680-8a98-6441071eb0c9,68bc75f3-5c6d-47f5-806b-2ff4ed70a426,BEV-002,2
0b38f2cb-63f7-4e8f-aac2-a491f953e8fd,68bc75f3-5c6d-47f5-806b-2ff4ed70a426,JAF-002,1
2868b045-af90-49c1-9680-9f484a9d7b55,06483b98-44ab-42eb-acd5-032f25f2caef,BEV-003,1
6d4bcf7e-f3fa-4f11-834a-543cb5bd87d7,06483b98-44ab-42eb-acd5-032f25f2caef,JAF-002,2
013b1c0a-f2b1-4f0e-8d0f-c959f3cef019,06483b98-44ab-42eb-acd5-032f25f2caef,JAF-001,1
815c5c6d-74b1-40c6-acea-530f6310c79c,06483b98-44ab-42eb-acd5-032f25f2caef,JAF-005,2
6a5d5769-098e-48ea-b1f7-e6f638621527,b01cf3f6-b688-451c-908d-19a0f600a567,BEV-005,1
2914bcb6-0ce6-454b-abbe-e4914afd130c,b01cf3f6-b688-451c-908d-19a0f600a567,JAF-003,3
9a8c4c75-b759-4ce9-b686-ef81329ac983,d8d2470c-eb96-4ee4-ba7f-fb4758510ca7,BEV-005,1
3b923a61-8d0c-4266-a8e1-a9a5ffc8b8b9,04731b7d-b262-4175-b756-c36922a25788,JAF-004,1
b4a30151-d96a-4632-9c1f-c39bc7fddf88,04731b7d-b262-4175-b756-c36922a25788,JAF-004,1
2d2c0960-6c06-4aa1-b486-9a42a6c912b0,04731b7d-b262-4175-b756-c36922a25788,BEV-001,1
a98ce7d9-564e-441f-946c-7b26366da391,3a674e34-aa4c-4547-9dbc-ce7436741ff3,JAF-004,1
3f2f8884-2073-428d-98b0-edbc27f1095d,3a674e34-aa4c-4547-9dbc-ce7436741ff3,BEV-002,3
73a2ff72-837f-4201-babb-d24b3ca605dd,3a674e34-aa4c-4547-9dbc-ce7436741ff3,JAF-004,1
e88c4bd7-4458-4142-bd74-c0b4a82cbb58,4cc4c222-e676-4e3f-88e2-74b47bf57801,JAF-001,1
3d426041-94c4-440a-a4a4-22a6250db52a,4cc4c222-e676-4e3f-88e2-74b47bf57801,BEV-005,2
1a7d2f83-683c-461e-8548-1304a865351b,9d3b205c-8cdb-48f1-a80c-98fdb7835b97,JAF-003,3
aa43a862-451f-4a3e-9348-e646c4fc7433,9d3b205c-8cdb-48f1-a80c-98fdb7835b97,BEV-002,1
33a323c0-9446-45e0-837c-6f4503b606f6,9d3b205c-8cdb-48f1-a80c-98fdb7835b97,BEV-002,1
0bb5f150-0f92-4163-ac84-27f3f00ddafa,2abb4067-7b78-4201-80bf-f191fa565f32,BEV-003,2
a6f2879a-c459-4e73-aa8c-cb905cf86737,2abb4067-7b78-4201-80bf-f191fa565f32,JAF-003,1
0bc24b2b-a801-406f-b9b0-50d043932ef7,2abb4067-7b78-4201-80bf-f191fa565f32,JAF-004,1
e58f48de-9777-4e22-997f-643809ee191f,e4fdcdfb-7ea5-4a7c-91fc-d44cf6196b81,JAF-001,1
546572b9-cf5c-445c-9363-923dcb94119b,e4fdcdfb-7ea5-4a7c-91fc-d44cf6196b81,JAF-004,1
63c13c98-f566-4ac1-8abd-ce7fba651090,e4fdcdfb-7ea5-4a7c-91fc-d44cf6196b81,JAF-004,1
4f9b060c-ae30-4471-b723-086cd4ae79cf,dfd5a856-7596-49cf-ab4f-5963113269a5,JAF-005,1
286fd4b2-cb0f-4de1-8fb8-d9d52ad9fa36,dfd5a856-7596-49cf-ab4f-5963113269a5,BEV-002,1
40161fa8-21fb-4f41-a2fe-fc7ca5d71f37,0acada42-1ad9-4a02-9a4f-d9b43d3e9e4e,BEV-003,1
75c10658-d520-4190-a465-f7fdf11e3cac,0acada42-1ad9-4a02-9a4f-d9b43d3e9e4e,JAF-002,1
bad877d6-e804-435e-a80b-f0646e31aa62,0acada42-1ad9-4a02-9a4f-d9b43d3e9e4e,JAF-002,1
6a3d6beb-8623-4d94-9991-2765c4c08d20,0acada42-1ad9-4a02-9a4f-d9b43d3e9e4e,JAF-001,3
34a9f5a9-2c57-4e8c-8cdb-ef20ba3c3b37,a0b6fdeb-12f2-4cf6-8bfa-ac4cdecc506c,JAF-005,3
8ba9ab39-ca1e-4d88-8541-54b7f8fae036,a0b6fdeb-12f2-4cf6-8bfa-ac4cdecc506c,BEV-002,1
e9c28145-7a8a-4c8b-beb8-63c2dbab9a7b,a0b6fdeb-12f2-4cf6-8bfa-ac4cdecc506c,BEV-004,1
124c5713-d29d-498a-8efc-4733f503e356,179a8014-4b7d-49e9-b5cf-59a0bcc5f93e,BEV-003,1
f2e7235c-8273-4d25-a0d3-897426defeea,9ff54836-8bbd-4fdc-9349-22fd6dbe24fe,BEV-002,1
d4fdc5fb-a727-452e-9383-fdb69d534f3a,755a2da0-025a-4afb-a71c-49d0b32449cb,JAF-002,1
19039ec1-b8aa-4f3d-b850-2df1ed96e0e0,755a2da0-025a-4afb-a71c-49d0b32449cb,JAF-005,2
c458565d-6c8b-444f-9efb-4aabb525a74a,e62dda94-e6ef-4dd3-8ecf-2d162f2a803d,JAF-003,1
47343c50-b8bf-43d9-9351-11b3f37b9702,8d160199-3742-4eb7-884a-0f0e21d3e4bb,JAF-003,1
379ebb96-e620-4b2b-b7ac-9228237b6448,8d160199-3742-4eb7-884a-0f0e21d3e4bb,BEV-005,1
143d5b70-c9bf-41ad-9c7e-d549dc0db920,d8d2ece0-3bc4-4ae6-92db-8d9b733ec93a,JAF-005,2
b8c752ac-e439-4af5-85a6-38ac012bd4dd,d8d2ece0-3bc4-4ae6-92db-8d9b733ec93a,BEV-004,2
5bffccea-a9e9-4a83-a48f-90fe89f8c798,f2771387-2bb0-4f53-af82-67ff958abfdb,BEV-003,1
d9a2b485-c6f2-4a2b-9771-4168a7690ac5,f2771387-2bb0-4f53-af82-67ff958abfdb,BEV-005,1
179ff9eb-61e5-475f-b35e-f8c09ac5abc3,fc9ae35a-0861-45d0-a55e-2f626dc561ea,BEV-002,1
b4cfe6ea-286d-49f6-9aee-59dbc3a2a4a3,fc9ae35a-0861-45d0-a55e-2f626dc561ea,JAF-003,1
358fefa9-2e2c-4377-9978-071ca0f05e68,fc9ae35a-0861-45d0-a55e-2f626dc561ea,BEV-002,2
bb5e8334-7d84-45de-b779-04571f99744a,c97bd2d5-8b98-4b5e-adf4-c86fa03a9ac9,BEV-003,1
ba6bd777-ac99-4666-82b0-c008f555249d,56b9d736-6002-4904-a4aa-d16270e91c1a,BEV-005,1
39162a40-500d-4456-aec7-c849ec00a5ba,56b9d736-6002-4904-a4aa-d16270e91c1a,BEV-003,1
3e264601-4dd4-46ca-be1e-e5c14620427f,56b9d736-6002-4904-a4aa-d16270e91c1a,BEV-004,1
23fa3dc0-8c42-470e-a7f8-a3e5d47fab46,56b9d736-6002-4904-a4aa-d16270e91c1a,JAF-005,1
7f609d14-d477-418b-a4d6-0a0571ade0f3,547dfbca-3725-45da-a301-09c3ca1bb755,BEV-004,2
61cd70c4-07e6-4ac7-913b-c21c971db9f1,c3386f7d-169a-4756-9207-c2276fed0dab,JAF-003,2
b9314754-7f95-4292-8be2-535576d570c5,c3386f7d-169a-4756-9207-c2276fed0dab,JAF-005,1
8b517573-bc69-4fb3-a45f-5da25dc9cd93,552fc56a-b08d-42fe-9697-423a33935e6e,BEV-004,1
3586dc93-b366-4ed4-ad96-21d6097c46c9,d18c0152-a27e-4ebc-812a-53983f5cc38c,BEV-003,1
171d76d4-eb07-4401-a048-5ca3bb249d01,d18c0152-a27e-4ebc-812a-53983f5cc38c,BEV-005,1
2b8c5a19-26a8-48f2-ab59-183479795d04,d18c0152-a27e-4ebc-812a-53983f5cc38c,JAF-003,1
84eebdb0-f223-4c25-b797-f9ce8020c2f3,86bba77e-a196-4deb-be2c-9136be72f304,JAF-001,1
3016dae9-4961-419e-a4fd-6988a3388065,86bba77e-a196-4deb-be2c-9136be72f304,JAF-003,1
d21d773e-bee9-487b-92a3-3c105425a97d,86bba77e-a196-4deb-be2c-9136be72f304,JAF-004,1
374c2189-1225-4280-938f-8b007c248390,d8a22c8b-df11-4a42-a5e3-a805db789bf8,BEV-001,2
25d9ec95-7f56-40e3-9f88-5f0dbf2d3eb2,d8a22c8b-df11-4a42-a5e3-a805db789bf8,JAF-001,1
9ba323eb-36db-4d67-a58d-72e22d1f0364,08036136-01f1-4579-9303-1529e38fee7a,BEV-003,1
e300a4d3-1951-40e3-8ea3-5e1c6ba031a1,08036136-01f1-4579-9303-1529e38fee7a,BEV-001,3
0afea98d-a4bb-44e6-ad58-4cd9283066b9,08036136-01f1-4579-9303-1529e38fee7a,JAF-001,3
ebba8773-e3ee-4839-80cf-3cb8de808633,08036136-01f1-4579-9303-1529e38fee7a,JAF-001,1
ab64c406-c920-4c67-af97-8e24bfce3001,6dc3adb7-fcf0-446f-913e-2f3311ae365a,JAF-005,3
ad7118aa-9347-4b73-9d19-95efc11c0c16,d079e711-91e3-4f1d-a10e-fb87657e9c5c,BEV-003,1
c1bb2290-b8c6-419e-9618-6860b5c67284,a05df974-db0d-45de-90ac-e5c622c301df,BEV-002,1
3b15ca3e-c3b0-423d-9f02-9a01cb4f12dc,a05df974-db0d-45de-90ac-e5c622c301df,BEV-005,1
3079032f-beae-4df9-a8e2-bbbe227da6e5,a05df974-db0d-45de-90ac-e5c622c301df,BEV-002,1
254c2d16-4da6-4e07-8a0e-e2005c4d56b6,32613a7a-c6b7-45d2-ac6d-8187f77d6dce,JAF-004,2
0fe9558d-4571-4198-8969-af42dceba2b6,d357742d-30bd-4c8e-ae65-20d5eb059e23,JAF-001,3
08ca04a6-585f-4452-91e6-19cd2ea1ca3f,d357742d-30bd-4c8e-ae65-20d5eb059e23,BEV-002,1
a1ebfcb5-0569-4987-b4cc-325a9a81d8de,d357742d-30bd-4c8e-ae65-20d5eb059e23,JAF-002,2
7d8a96db-f19a-47b3-8564-65926206b5ca,947e6609-362a-4100-ae12-62323558490e,JAF-005,3
46327305-9c78-4270-99b1-63ec102a69fa,947e6609-362a-4100-ae12-62323558490e,JAF-004,1
4b7f36dd-99fb-4b3d-a5b6-04339b10f8a6,cc3b3605-b179-4c33-9f29-f9fade2ce7c1,JAF-001,1
c6b070a9-9853-4748-ad2e-ad967fb2a522,cc3b3605-b179-4c33-9f29-f9fade2ce7c1,BEV-001,1
71ce2d9d-dc1a-4d7c-bb50-6e41aaab87ae,cc3b3605-b179-4c33-9f29-f9fade2ce7c1,JAF-002,1
4e822876-d75f-4833-9c35-25ffe6a8c532,fdfe02ce-f4cd-4a2e-830a-1df7a71d497f,JAF-004,2
a6f0ab06-17e4-4487-ad01-e3aeeaf7be36,fdfe02ce-f4cd-4a2e-830a-1df7a71d497f,BEV-004,2
f03f59c9-bb73-42fb-90cd-ed291a789556,10f88f28-844c-49d0-bf0a-7d4fbf437c23,BEV-003,2
a787824a-ea9b-4c6c-ab02-c013ec0331be,10f88f28-844c-49d0-bf0a-7d4fbf437c23,BEV-003,1
b8c367ea-712c-4576-8041-5cd0ea46c0b6,10f88f28-844c-49d0-bf0a-7d4fbf437c23,JAF-004,1
5f950de8-d1e4-40ba-b5b4-ac7864f6f92a,1efa1f15-8cee-474f-b63a-6dfd79bdb264,BEV-005,0
595da15b-507f-4aaf-ad5a-cf77330d3729,1efa1f15-8cee-474f-b63a-6dfd79bdb264,BEV-003,1
563bb6b7-a48b-45f5-b447-a05cc87aa2f3,141677d4-519f-4097-9b42-b01a22b2caa9,BEV-004,1
e46282b3-46ee-464e-862a-964a2b200832,141677d4-519f-4097-9b42-b01a22b2caa9,JAF-003,1
36f4aa13-cb7b-4e6c-8b2a-a2adfd968a26,7e3f5d53-faa5-4617-b1eb-6792248e2b54,BEV-005,1
b3d8845a-98ef-4965-aed1-e7ba8f7f85a9,7e3f5d53-faa5-4617-b1eb-6792248e2b54,JAF-004,1
bb1a133e-9357-4380-97b9-0fdf08ad5074,e1510d79-1279-4046-b02d-a5e22bb3aa82,BEV-001,2
5203453a-c2e6-45bc-8f02-83ec33c60307,e1510d79-1279-4046-b02d-a5e22bb3aa82,BEV-003,1
c4d8f9f3-c256-4acc-8dec-fb57b7a2ff00,06f406d6-5b22-47b9-9bc6-41a699e485a6,BEV-004,2
cff1ed07-f00c-4040-a541-2753c9ad40f5,06f406d6-5b22-47b9-9bc6-41a699e485a6,JAF-001,1
a6fd0d48-560a-4e86-b9d6-e26c1bc13245,4d06b2a8-70e4-498e-b31e-602732a811f5,BEV-002,1
8df71c08-74c3-4140-b572-9c7c5ad24d97,14c34d2a-615d-43f8-ad3e-a12be17654d7,JAF-001,1
26270efd-b645-4eff-89ee-75fb9b59d044,47e2f589-b8dd-4a5c-9275-d58bb7eeacea,BEV-004,3
5197fa70-f9fc-4d88-997d-6a22ecd5c6a8,f1640ddc-7946-471c-8fb0-6acf997676fe,BEV-003,1
e8c76adf-02a2-4a0f-8cbc-d72624a0f817,aa216c0f-99ad-46c8-89c8-59e6b50d6109,JAF-001,1
c7b75804-7df2-427c-8eaa-fb006f62a191,aa216c0f-99ad-46c8-89c8-59e6b50d6109,BEV-005,1
12490197-c324-4a20-9f71-df40d9be4f47,aa216c0f-99ad-46c8-89c8-59e6b50d6109,JAF-003,1
f8b8f618-421f-4201-ae97-c3ea49d4b69d,aa216c0f-99ad-46c8-89c8-59e6b50d6109,BEV-002,1
343d1c8e-1eb5-4c13-a6e5-77062f4b2a81,7197b2f7-2a6c-4985-ab05-7d19be28b969,JAF-002,3
e8d4c184-32f7-4db6-ad8f-9a0e8429acf4,7197b2f7-2a6c-4985-ab05-7d19be28b969,BEV-001,3
891f1a3a-93ed-45a0-ae89-9e5513d4778c,7197b2f7-2a6c-4985-ab05-7d19be28b969,BEV-003,2
3cdd88fd-462a-4cbc-9a8e-b3b5b76c31e3,a4110fc5-4836-46cd-8a3a-b1f01ccfa159,BEV-001,1
c43e523f-4a89-486f-b212-ead4539bb6c7,5338fc47-0830-4460-bfc7-27c2668039cb,BEV-005,1
36dfcfe1-5d93-42f2-bde1-4cc3d0c3292a,ac77e1ad-30a9-4e8f-bd09-5ffcd7dda0e7,JAF-004,1
5c44a3f5-e4b0-4444-b9c3-5fc38e6ac119,ac77e1ad-30a9-4e8f-bd09-5ffcd7dda0e7,JAF-004,1
be15d600-dca2-46eb-b7fd-658762e8e21a,ac77e1ad-30a9-4e8f-bd09-5ffcd7dda0e7,JAF-001,1
b79350b0-8f8d-4eaa-98a8-57b7d09eb6d8,868d4bfd-0f8f-485e-987b-ba9a7ccacc56,JAF-003,1
f2114e4b-2854-4f1c-8ede-b1ebe4ba40c5,868d4bfd-0f8f-485e-987b-ba9a7ccacc56,BEV-004,1
03fa6eb6-5054-4644-9511-c82cc3472f3f,868d4bfd-0f8f-485e-987b-ba9a7ccacc56,BEV-002,1
e399cd0f-2c9b-4b77-9886-024da23f455f,73f73008-2c3c-4498-95f8-834b19f1f1a7,JAF-005,1
f5e3c484-e90b-4cef-95d8-26272333b65f,f477a8e9-f3ee-4890-bad6-be44ba7921b1,JAF-001,2
693721c7-9517-48a2-af37-199d6c0dbc68,f477a8e9-f3ee-4890-bad6-be44ba7921b1,BEV-002,2
2a765a06-51b6-49f1-95e5-dd8b38115a46,7c4d6fca-abef-4dbb-8b6d-14909cdfaa02,BEV-003,1
6c8c259f-1daa-4897-9515-edb800ed385f,7c4d6fca-abef-4dbb-8b6d-14909cdfaa02,BEV-004,2
3b807122-7356-4be4-bd58-320ac5d676d5,2c566f04-fca4-48ca-ad03-5455a8555ef8,BEV-003,1
d0f3e377-48e6-44bd-aa9c-ec947157c9a4,2c566f04-fca4-48ca-ad03-5455a8555ef8,JAF-005,1
d15ae142-f52c-4d8e-8212-8d738d935a84,e0be67c8-1e82-4aed-a7c5-51eaabd0e16a,JAF-004,1
b0ed7b96-05a0-4c7b-ad75-186f62222fe0,3a5d1c5e-9c0a-457e-a42e-0e938d7edc7f,JAF-004,1
77a8d24a-4d52-4708-956e-f62d4f670380,3a5d1c5e-9c0a-457e-a42e-0e938d7edc7f,JAF-001,2
939033a0-f8f4-41c4-9770-bcdc27f7be55,8314f936-b890-4214-8286-4f83effcae13,BEV-005,2
bda495ed-4c3f-4645-b58f-9feeaa9f2741,8314f936-b890-4214-8286-4f83effcae13,JAF-001,1
5c5bc089-fe8a-4c48-9bfb-06d77298e923,8314f936-b890-4214-8286-4f83effcae13,BEV-001,1
49da7f04-2222-4bf1-b97c-d1e2e960a58c,10d6991b-1910-41a2-975c-9b565ad588d3,JAF-001,1
94ee9931-2181-4199-b2e9-2ea14bc27cfb,07248fe5-f6a7-42a1-b11e-8799252f23b4,JAF-005,2
18b170f6-2a26-4af3-8180-9256f49d79d2,07248fe5-f6a7-42a1-b11e-8799252f23b4,BEV-001,1
265e3603-c411-4d6a-8259-a3c61314d038,07248fe5-f6a7-42a1-b11e-8799252f23b4,JAF-003,1
81e62c03-40c8-4b4b-a98c-94bdab786d2c,de8d076d-e7a0-48be-a684-bd05df10e19d,JAF-005,3
3c03d780-91cf-4b3f-b1e7-a35c770528b7,de8d076d-e7a0-48be-a684-bd05df10e19d,JAF-005,1
2e373b4d-1de1-4ae9-bc30-39438f071a14,de8d076d-e7a0-48be-a684-bd05df10e19d,JAF-004,1
447a4f00-313b-4f33-8354-c04156fd7282,3cf3d242-4555-4263-aa29-56642cf3b2b7,JAF-005,3
82c395f8-1cd2-4014-a193-358578b4a448,56ff699e-b8ed-4c7f-9011-d2feff9126b8,JAF-001,1
aea881c0-54ff-4250-9767-3fcbd14c45d2,12d5e781-04d4-4024-8f39-a3d5387514b4,BEV-004,1
a344b5f6-ee0c-4c7b-9460-d142d8d9d308,035906e3-5b92-4b77-a345-72c1459147c5,BEV-004,1
939db0c7-4c6c-494f-9630-936a0b35049e,035906e3-5b92-4b77-a345-72c1459147c5,BEV-005,1
858ae12e-53e6-45cf-a9ca-f71abe036c61,c14b2a33-fd62-4a4b-bef3-632a0bbdeb34,BEV-002,1
6fff3c85-c23e-4edc-91cd-c2f74f2de76f,c14b2a33-fd62-4a4b-bef3-632a0bbdeb34,BEV-003,1
9fca860d-6714-44a0-8cdf-c17944289208,5bac392f-247c-46f3-83ac-ac3718834de5,BEV-003,3
33c44856-32cf-48d4-af99-f34e5a3f4d1b,2f4d8061-458e-4c16-9db1-5c3a5ff8d64e,JAF-003,1
40341b6d-5d72-463c-8ca4-e534f3e5bcf3,2f4d8061-458e-4c16-9db1-5c3a5ff8d64e,BEV-005,1
0b1f0527-2752-4d32-a28a-343309652011,57633f3f-1b10-4e1a-b7ce-78b07159d0d9,JAF-002,2
cd2623c3-c1c1-40db-828a-8f4da70adfe0,57633f3f-1b10-4e1a-b7ce-78b07159d0d9,JAF-002,1
50707296-bd21-47b5-894d-8bf7edad94c6,57633f3f-1b10-4e1a-b7ce-78b07159d0d9,JAF-002,1
2542ffc9-5f73-4890-804e-e8fed95a165b,57633f3f-1b10-4e1a-b7ce-78b07159d0d9,BEV-004,1
0b142e92-c8ba-42c2-8e09-8069dfa33b7c,479a85b3-19b1-4471-95f1-7b3ea4fa7c02,BEV-005,1
f141ceae-0372-4393-9259-4028428753a0,479a85b3-19b1-4471-95f1-7b3ea4fa7c02,BEV-001,1
51a48e20-5573-4fd3-9879-d33d073ba838,479a85b3-19b1-4471-95f1-7b3ea4fa7c02,BEV-005,1
1b2a365a-5326-48fe-8449-16014904e65e,3fd59b06-bd57-415d-b99e-0b521f9b8b58,JAF-003,2
7ba9fb2c-5bb8-41a0-826c-1d8f860b8197,3fd59b06-bd57-415d-b99e-0b521f9b8b58,BEV-001,2
d7c8b5cc-a22f-47c6-a5c4-7910e0fe150d,60b07840-284f-46fd-9801-ae7c86bd3003,BEV-004,1
74ca95c1-a013-4dac-91b4-a5aa609282ce,8c880353-9f06-4d4d-a518-7982fe185430,JAF-002,1
c2be3fcd-daf2-4ab9-bc1a-cb9db1483e35,8c880353-9f06-4d4d-a518-7982fe185430,BEV-002,2
7ebf2849-bc45-4294-8c36-a8c60a721f0b,a613e9bb-3510-4427-8264-d4b9d140f6de,BEV-004,1
abfd9d0c-06a3-42b2-877f-430de99b3b6f,a613e9bb-3510-4427-8264-d4b9d140f6de,BEV-003,1
9e0d5668-ad41-4a0f-9749-39f2b420fcbc,a613e9bb-3510-4427-8264-d4b9d140f6de,BEV-005,3
3aae84a2-d780-4d5c-8e20-72e380403f91,5e9eefd1-588a-4bbb-baba-686f261f5d0e,JAF-003,2
1890559e-b0c2-48de-9ee8-2793eef7fb90,5e9eefd1-588a-4bbb-baba-686f261f5d0e,BEV-001,1
7977b10b-5953-4943-bf97-5dead6f29776,46924b9a-00c4-4604-b639-3813cb99e956,BEV-004,2
2fd09337-c748-4515-ab6d-6c6b34de3b02,c0221378-3def-4c79-a3ab-361c1cde2675,JAF-002,1
d3b1be33-52f3-456c-9511-d925d95536fc,c0221378-3def-4c79-a3ab-361c1cde2675,BEV-002,1
4f1e1ca1-70af-4921-b30b-09e596fef3c1,c0221378-3def-4c79-a3ab-361c1cde2675,BEV-005,3
3d8473f9-6ae7-4057-be37-5f79039dc3af,c0221378-3def-4c79-a3ab-361c1cde2675,JAF-001,2
a7357bed-7d95-4fdd-870c-64dff7c8a4ff,8243da33-d069-433d-a57d-587d38b30426,BEV-005,1
b7f85115-3a2c-4728-875d-a67ab7c9885c,8243da33-d069-433d-a57d-587d38b30426,JAF-005,1
5162d320-d780-4f0b-a4cc-c772c3ceec54,3085979e-69cf-420f-b69b-5893f2324dbe,JAF-001,2
aa29bbc1-bf5b-4100-a85b-6094612e461e,c76fab0e-6bdc-4dde-8673-516e9f9b7f49,JAF-001,2
7312abb5-aa7f-4000-85c8-d1d1593e586e,c76fab0e-6bdc-4dde-8673-516e9f9b7f49,BEV-003,1
de513e97-d82a-47cf-94a4-21e94859d1c7,c76fab0e-6bdc-4dde-8673-516e9f9b7f49,BEV-001,1
621b6276-7bb6-4198-be26-35f5ed19bf69,9865da41-b1da-401f-aca6-6b52f3439904,BEV-001,3
2c30e001-d23d-4311-a61f-c2a62f980470,9865da41-b1da-401f-aca6-6b52f3439904,BEV-004,2
eefbd0c3-c111-4f4b-afa2-ea45ad2c1fba,1320c1b8-a4c5-4aab-a8f0-17434faa9fd7,JAF-004,1
5660902b-41e3-4f30-93c9-d9bd7dbd226a,1320c1b8-a4c5-4aab-a8f0-17434faa9fd7,BEV-002,1
6d554522-90f9-4f3e-a79c-635efdc27a6f,8d431efe-d7c3-4164-b609-f9cec44ac47c,JAF-002,1
cbf8412e-e379-44ef-b3eb-ab001fd406ac,b577a720-2c8a-46b4-a105-fe92087788f4,JAF-004,1
f0ceada1-15b5-4ff4-84d6-41ffb073e733,b577a720-2c8a-46b4-a105-fe92087788f4,JAF-999-DELISTED,2
cdae5c5d-bfa5-4028-beb3-cb53b5815585,735d6547-29af-47fc-b2dc-ad3ae7dcc829,JAF-003,1
bfccf10a-d714-4459-a13f-55a9c0a34dcf,48ef27f3-3944-4985-b0fd-d572a570e2db,JAF-002,1
94011470-1689-4c19-85e1-9d826a6f4a41,9e284b04-37be-4dfe-8cda-6c572d3a2ce8,JAF-001,1
e3841045-baa4-46b9-9cdd-eaa414ded9b9,9e284b04-37be-4dfe-8cda-6c572d3a2ce8,JAF-005,1
9b095dc7-811d-4830-a1b1-f3fafdf6d95a,59d4b792-d828-4b56-81d7-3e550d3de190,JAF-001,1
6e244408-cc69-43c9-8131-b8c486be1823,59d4b792-d828-4b56-81d7-3e550d3de190,JAF-004,2
03b6c69d-99a7-42a5-b1f9-b4e6bbbc2a0b,90e2e571-bbf4-4a93-9181-96dd935cdac8,JAF-001,1
5ac1ffd4-fb5b-4524-9f7c-d281b32b2258,90e2e571-bbf4-4a93-9181-96dd935cdac8,JAF-001,1
2a82adad-1521-476d-9d75-a9fcfdf7bb49,92303610-8485-45c1-a12d-f4cf0c803feb,BEV-001,1
31845715-66ff-4942-b09a-881b9db9163e,92303610-8485-45c1-a12d-f4cf0c803feb,JAF-002,3
c392dd28-ed15-4a23-9d10-3fc65e7ccd20,14b72347-31ff-47ea-9b23-ade1a71639ff,BEV-003,3
c7f1a845-fa81-42bf-8738-3ecb5f524e94,14b72347-31ff-47ea-9b23-ade1a71639ff,BEV-001,1
0168b03d-e2ca-4b1d-9d59-5e8c204ca483,14b72347-31ff-47ea-9b23-ade1a71639ff,JAF-005,1
eb1b658a-da6a-42b3-b75d-d241b28b2006,14b72347-31ff-47ea-9b23-ade1a71639ff,JAF-001,1
8b94e33b-a8c3-4ec8-86cb-2236f1113ba8,81639527-ae71-4c5c-99c3-c1049d794f11,JAF-003,2
3eef0ddb-55e7-4b85-b6f6-8a9a5d0826a3,81639527-ae71-4c5c-99c3-c1049d794f11,JAF-001,1
f162695a-0b98-4bfa-b1ad-36bb19c20906,d32ec35c-8d77-449d-8e47-ff349b350078,BEV-003,1
ad4689e9-5142-497b-995c-15093294e649,778f1cc2-c057-4cfc-a2d8-c7b8ad8153b6,JAF-999-DELISTED,1
a16b2721-363f-457c-92ec-bb310f859a5f,778f1cc2-c057-4cfc-a2d8-c7b8ad8153b6,JAF-001,1
f5e6a2bf-1f7e-4bcf-8014-9a032aa9f452,c0934598-d2a3-4d4c-abc1-73165b4e7373,JAF-001,1
5a0b3067-d011-4e2c-b80a-94d1ca5b3a54,c0934598-d2a3-4d4c-abc1-73165b4e7373,BEV-001,2
96ccfcfe-1798-4a23-be23-a01b14b5a5ac,783a8fb4-f617-419b-93a3-7e243b3c1afe,JAF-005,3
c78c5542-e979-4c46-a2db-c1dd2933e122,85b75468-0bd1-4c48-8152-43cc3cfa26f4,JAF-001,3
b6617feb-c01f-4877-89c0-4ea2a69682a1,9ce2133b-5624-4497-b67b-58e90849ee9e,BEV-001,1
c2ee7ca6-0db3-4895-9cfe-d5f376325b88,9ce2133b-5624-4497-b67b-58e90849ee9e,BEV-003,2
3178f680-fd00-42a2-89d1-22abf4eda388,9ce2133b-5624-4497-b67b-58e90849ee9e,JAF-004,1
f3305331-fe20-4724-a5f2-9fa253dc2ffe,1649e696-217f-4ffa-bc0f-cc025b3da683,BEV-001,2
dfed44c1-6714-4f70-9d46-ef4b89de7b4c,fef26c32-f839-4ebe-8180-fa574e93e329,BEV-005,1
a44a3a52-8a83-437f-b8cf-7b49a7fca9e6,f28f0e3e-b670-426c-b0cd-27fa797a73c3,JAF-003,2
a079a554-32c3-446f-b2c7-2cbd86018d8d,192e6774-d6d2-404f-ab57-c56b527dfd76,JAF-005,3
21f7c203-9f90-406b-a8bf-3fdd543b476a,192e6774-d6d2-404f-ab57-c56b527dfd76,BEV-002,2
aee61d8a-1fe8-402e-8004-468c7accb358,61b8042f-12d4-4eb7-91c3-c27d400eeb1c,BEV-005,0
683cf3aa-7724-4a9a-98c9-cc525f6f5e09,0ed65828-59ef-4312-9ff0-d8cd37ea0d66,JAF-003,1
40231d0f-f4eb-4f1f-af6a-ed3861104975,0ed65828-59ef-4312-9ff0-d8cd37ea0d66,JAF-002,1
293c7bc1-0d5e-47b3-b5a0-3ecbc57bec90,0ed65828-59ef-4312-9ff0-d8cd37ea0d66,JAF-002,1
e7d7243c-8065-4c7f-8d6f-1bb93fed9ab8,0ed65828-59ef-4312-9ff0-d8cd37ea0d66,JAF-001,3
56c08e4f-4e9b-4195-bb6e-34eab9f97c5c,67bc3290-61a5-4a12-87f6-5e229abac0df,JAF-003,2
7f766bca-d04b-49df-ad47-93eea8cf241b,67bc3290-61a5-4a12-87f6-5e229abac0df,BEV-002,3
ddf7f9d2-146f-4dfc-9304-a31bf2283691,e33d60cd-b7ee-4573-a8b9-9d3cda13032f,BEV-002,0
c44043c9-1935-4f2f-9d6f-f2e004896c5c,e9401068-c62b-4d89-b694-127ea7b23cf3,JAF-004,2
46974a6b-646d-44d2-a1ec-882ec3414096,73777356-6a97-4a3f-8e33-1443f2ff2457,JAF-003,2
b2a92843-8ae7-467f-82c1-f4afdbc8d400,73777356-6a97-4a3f-8e33-1443f2ff2457,JAF-004,1
0542d709-2ca8-41df-a0ee-b83e3976f1f4,22d3ba04-9981-4526-82d5-3e22f13ff28c,JAF-003,3
af92b283-133e-4f42-9165-8cfe758563aa,22d3ba04-9981-4526-82d5-3e22f13ff28c,JAF-002,2
aa9a6739-8e12-4639-8fe8-d3776729b2c4,ae0d5f04-ba75-47b2-bc86-0d79aee7ca12,JAF-001,2
9dec88e2-dce3-4f8b-80dc-6b935676faf2,b7b8e9ac-c2df-4211-bb7f-2eb68937cff8,BEV-002,1
822e22eb-c2fe-43b4-99a8-1fae1990f3ca,b7b8e9ac-c2df-4211-bb7f-2eb68937cff8,JAF-005,1
98a49fc7-57ff-4170-a4c8-998a6e37573e,7b130de3-3a6f-41e8-ad0e-ca940987311a,JAF-005,1
d4741fe9-5958-41d8-b23a-e3d7cb98aa36,7b130de3-3a6f-41e8-ad0e-ca940987311a,JAF-002,1
4e55a30a-d778-40d4-a977-2feff49408a4,7b130de3-3a6f-41e8-ad0e-ca940987311a,JAF-003,1
aa7b0440-cbc4-4718-844b-bf70d307cb79,c7ef24f0-b431-4722-9d18-2951f5651309,JAF-004,1
923ea5c2-76fd-4aad-9311-008f562532b2,fc43b0b1-6eda-4677-b60d-bef3e6b8bac5,JAF-002,1
2aec51d2-e93e-48a0-b730-9a7649b4cfe7,fc43b0b1-6eda-4677-b60d-bef3e6b8bac5,BEV-003,1
77e126df-4142-451e-8c9f-34eb7f89d267,e91f6cf5-ddb9-480b-a49c-1d0428cc6e23,JAF-005,1
1662aafa-6fc0-4920-82bf-522a53b0c241,09925e1c-f609-49a5-a80e-fcbd2074b0f2,BEV-003,1
8d61cbe8-4d4c-4280-b984-302abbd2c214,09925e1c-f609-49a5-a80e-fcbd2074b0f2,JAF-002,1
5e1a87eb-2e41-4ac4-a328-0ae6faadb27d,c217bbe8-8229-498b-a0a7-0c747001f265,BEV-005,3
20d0b4a6-1934-49c3-8b5d-1f85e57e18fe,99c02cbc-a01e-460c-a965-393a0c3054bd,BEV-005,1
4050cd93-30dd-486d-8a3d-fb4905b6b3fd,73150190-d15d-47d5-afc0-fc5628be5439,JAF-001,3
3003070f-87f2-4eb0-83f5-1ec7ecf4e7ad,73150190-d15d-47d5-afc0-fc5628be5439,JAF-005,1
a20733ff-9756-4312-a097-ab2d588aeb16,6b27e2fa-b8f6-45fb-bd9a-592ff3d34157,BEV-004,2
3b633268-a397-43f5-91a2-0c4c7a59b22f,d6fbb587-6561-46d0-8638-146815330df8,BEV-003,1
7a71a412-05df-4b15-8a4b-9922f55db265,c412df19-d1de-4481-b771-4695e30eeed1,BEV-002,1
e55e0564-5330-47f7-ada7-3d862340b972,c412df19-d1de-4481-b771-4695e30eeed1,JAF-004,2
824b5152-b34d-442f-962e-a4386b07da88,c412df19-d1de-4481-b771-4695e30eeed1,JAF-004,1
c8cca02f-cb41-42e3-bca2-739a65fce8f4,c412df19-d1de-4481-b771-4695e30eeed1,BEV-002,1
163d6bf4-1951-4b88-8237-29ab14217a41,6e56d4b3-eaa3-4c7d-8050-4593ce52c850,BEV-002,1
24c4ccbc-a5e5-4be0-aa9e-d3a2e95f3983,6e56d4b3-eaa3-4c7d-8050-4593ce52c850,BEV-003,1
e5d45551-36e7-47ba-b7f2-6505247fbf65,4a70efdb-926e-45d9-b7de-f1d3b204c2c0,JAF-999-DELISTED,2
a4037ef5-5962-4df9-87c5-86c64b8634f7,4a70efdb-926e-45d9-b7de-f1d3b204c2c0,JAF-005,1
6d5e2b39-1f83-4e74-8f74-ed04805542ac,4a70efdb-926e-45d9-b7de-f1d3b204c2c0,JAF-999-DELISTED,1
58f9d0f7-eee8-47c0-b37a-aad5dce2549a,4a70efdb-926e-45d9-b7de-f1d3b204c2c0,JAF-005,1
93c9133f-ad8d-44c3-9c44-e590f20cf177,7c069cb9-1369-4536-94cb-3c5aacf8695a,JAF-003,1
be4267aa-020d-4590-914f-33a05c095f99,7c069cb9-1369-4536-94cb-3c5aacf8695a,JAF-001,1
2fe1be23-a517-4905-8138-feedc4831038,7c069cb9-1369-4536-94cb-3c5aacf8695a,JAF-003,1
41df605d-740e-4bfc-87a1-877918ce96a2,7c069cb9-1369-4536-94cb-3c5aacf8695a,BEV-001,1
9698f983-130a-49ae-8f97-11cb691b15bb,0c22fef8-2caa-4cb5-9373-97bcb266a5d1,JAF-005,1
9ce5d7ca-022d-4b04-8ad7-a6c3318ae42c,c987ecd3-2945-4042-b754-8fd919bf86e0,JAF-005,1
99b49a7b-d65c-4024-93cc-f8e771a41261,c987ecd3-2945-4042-b754-8fd919bf86e0,BEV-002,1
a8b63f27-c785-4739-90b5-0c53012fa977,c987ecd3-2945-4042-b754-8fd919bf86e0,JAF-004,2
01f80eb0-c051-4fc7-8f00-49840610a2e8,05b1c32f-86f0-41c8-bbc4-692384e444bf,JAF-001,1
3a1855df-b29a-46ed-b701-164791711c43,e26d76f1-12fe-4b82-9d3d-e32a94112803,JAF-002,1
92b614dc-6d4a-4e56-b7c4-719768ccf82a,e26d76f1-12fe-4b82-9d3d-e32a94112803,BEV-003,1
1e5c485a-5dab-47b5-82e5-c92854a11466,2c52e56e-cd53-4b5d-b164-380d2ba96787,BEV-001,1
4f016a0c-b234-4036-990f-e5c82335d43f,2c52e56e-cd53-4b5d-b164-380d2ba96787,JAF-001,1
af468ad4-386c-4ea5-aacf-dffea2329ebb,2c52e56e-cd53-4b5d-b164-380d2ba96787,JAF-003,1
f4f0af1c-a199-47df-b980-8fa1d5e2f981,40bbec51-1d7a-4981-8343-2eb4842a234b,JAF-003,1
71c9adc7-7d26-4811-bef2-aad3530763e3,40bbec51-1d7a-4981-8343-2eb4842a234b,JAF-002,3
0afe05c0-62f7-4f1f-9475-7ccf4d80527e,40bbec51-1d7a-4981-8343-2eb4842a234b,JAF-004,1
0af7a774-057d-4b60-8727-6a219a8b4c4c,861c065c-743d-4812-be2a-db02252f309f,BEV-004,1
e354ed20-af36-4e79-9f92-8ebee3b845cb,861c065c-743d-4812-be2a-db02252f309f,JAF-004,3
7331f573-48d8-428d-a4ba-49d079d7fffe,861c065c-743d-4812-be2a-db02252f309f,BEV-002,1
f9093b14-3f43-4293-adc5-d9b139104f54,861c065c-743d-4812-be2a-db02252f309f,JAF-003,1
a6d678d6-107c-48de-a2eb-4decf3d49a82,8ef248e1-e274-496f-9488-4747c40a8f93,BEV-005,1
bb792ccf-d60d-4ec1-a880-2fed05543d8e,8ef248e1-e274-496f-9488-4747c40a8f93,JAF-001,2
4925168e-5401-4cbc-9aa2-8193bac3106b,4329f839-0711-477f-a643-86805b05712d,BEV-004,1
b7263b14-729c-4858-85ad-a194da346af5,4329f839-0711-477f-a643-86805b05712d,BEV-003,1
e8ae1c79-bdd0-4cc1-ba87-a66ffd503d8e,4329f839-0711-477f-a643-86805b05712d,BEV-004,3
42d702f1-4e16-4111-be71-d7b552e9f886,464da864-697c-4fd7-b7d7-26ae5f54b776,BEV-001,1
20c81612-4029-4d8b-ad4c-b77c1de3dcfc,464da864-697c-4fd7-b7d7-26ae5f54b776,JAF-004,1
0263bc13-438b-42c4-8bcd-f7f85e7b6e11,81747e79-e1dc-4d8d-859e-6b6a280fbc02,BEV-003,2
613676dd-ec5f-4fae-9fe8-a2b50696ae87,4b813f65-7b2f-4dcc-b7f9-f5754cb2b7da,BEV-002,2
e45daa6a-04de-49f7-ac0a-0309c1e0bafe,eb9152eb-0a68-454d-a9d7-d5a26cef1c08,JAF-003,1
e1be33b0-ed0f-451c-9461-fd0b1ecf1f71,3cc66c1e-4a1a-4fe4-b44d-2aa6bd559131,BEV-005,1
fdf9b548-4231-4e74-8262-5d52fddad147,3cc66c1e-4a1a-4fe4-b44d-2aa6bd559131,JAF-003,1
e1143a99-9d44-47c2-9fa4-6092c3f49177,3cc66c1e-4a1a-4fe4-b44d-2aa6bd559131,BEV-001,2
f92bb34e-f6b2-402e-b5a8-b778126380d7,3cc66c1e-4a1a-4fe4-b44d-2aa6bd559131,JAF-003,1
2808d030-8dde-4d70-b781-754db0d8a8fd,0eb81db2-fbe0-44dc-8deb-7abaa41c0db1,BEV-004,1
495d2c40-78bb-4111-a4a7-005dbf3a0acc,fb271c22-bb5e-4d4d-869f-b88d8cc5cd92,JAF-004,1
7ed6bbf4-f38d-4877-8a02-ffc986e52f2b,fb271c22-bb5e-4d4d-869f-b88d8cc5cd92,JAF-003,3
c0084162-c86a-4d27-a1c5-829d61b32aa9,9a9e58a4-f12b-4b3c-8863-a3f29e5cc05e,BEV-004,1
a0681d04-ef25-48d2-a269-55659ba1483d,9a9e58a4-f12b-4b3c-8863-a3f29e5cc05e,JAF-001,1
400fcee0-7c79-4b73-9764-41b1119ef699,bf69c9c3-28b5-4dde-9734-ce9835873c08,BEV-002,1
f02f0b12-6aa4-4c2c-a1b2-78f780f0f8b7,bf69c9c3-28b5-4dde-9734-ce9835873c08,JAF-001,3
b5b15998-394f-423a-a024-17dd132a1f75,3caf2a4e-dede-4602-b378-4cf4d971031f,JAF-004,2
a8673088-1f77-41c7-aff2-d279663815b6,3caf2a4e-dede-4602-b378-4cf4d971031f,BEV-004,1
13456d75-17ae-43de-8466-55a976c2d3aa,a9c28db4-e922-48c3-af61-c76e17b0fce5,JAF-001,1
d2119c87-f16c-4add-a688-fcc28d33a064,e787b8d0-9b67-4171-84f5-851ac677f3c5,JAF-005,1
2e37a589-8a56-42b4-8b5a-96a738e36002,e787b8d0-9b67-4171-84f5-851ac677f3c5,BEV-004,2
dc31acfc-e45b-4537-99e5-a54bae080af0,4e954c15-be11-4f28-ae4d-355e19b8712f,JAF-004,2
8d91d198-8e84-4418-81ad-84449b99a9fd,b40c19b6-46a9-4060-a638-8f302accf2f9,BEV-005,1
8e875de3-6272-4cc1-a52f-1ee7e4c7c1db,b40c19b6-46a9-4060-a638-8f302accf2f9,JAF-001,1
08aaa239-b888-4fe9-9b41-596286a29d02,b40c19b6-46a9-4060-a638-8f302accf2f9,JAF-004,1
48a34d86-7256-4acc-b9e3-5ea643f7b9d4,ddfbed34-a093-40a5-9dab-9613155628f1,JAF-003,1
292a8962-4bff-4319-88d0-ce4cbcca8a7d,ddfbed34-a093-40a5-9dab-9613155628f1,JAF-004,1
20356ff1-bddd-4d44-bc66-d4a0a9abea57,ddfbed34-a093-40a5-9dab-9613155628f1,JAF-004,1
b24f80f3-a7a2-448e-a139-4493cd84987d,ddfbed34-a093-40a5-9dab-9613155628f1,JAF-001,1
4bd97246-ee3e-47bc-aa1d-4ad75e9b2da4,44853c28-1d3f-4ab6-a298-a9b5d700a6cd,BEV-004,1
1a084a6f-594b-47f0-a782-8a91fd669629,44853c28-1d3f-4ab6-a298-a9b5d700a6cd,JAF-001,2
fc1ade5f-1721-49bc-8507-48c530a582f1,44853c28-1d3f-4ab6-a298-a9b5d700a6cd,BEV-002,1
9884c77e-1f1e-4370-8a7f-cd425b30cdf8,0f8ea11a-7334-4ceb-9f7e-6090231c9152,BEV-002,1
2f75dc61-d244-4650-a241-c508f4bb6db9,ef955787-0539-4ff0-a64b-28cd0b98771b,JAF-002,2
2207f7de-d331-4641-902f-98000b56fbca,6918b3cf-cbd8-46aa-8120-81329eccc848,BEV-001,1
02a8d779-6d73-49e2-8aac-4719d3918092,6918b3cf-cbd8-46aa-8120-81329eccc848,BEV-004,1
52b8d64e-e952-450c-9b50-ca44509bec22,515dce16-efeb-4b5a-8173-615aa7009f4a,JAF-001,1
248868b4-3d48-47dd-8f56-6dc967030973,532cd911-2cf4-4ad0-8ddc-e9c2b756b8ae,BEV-005,1
0e423488-4513-4311-ac4a-63beed2f9ce5,532cd911-2cf4-4ad0-8ddc-e9c2b756b8ae,BEV-002,1
f25f1262-dd0c-4bb4-b981-3f5631d79103,0fcf1d6d-42c5-4379-91eb-99d2a77fea02,BEV-005,1
bebb341e-6bdf-4d01-bce8-8b6d4b49d7a3,75d098c0-f692-4371-a0f0-f75b3a1e5807,BEV-001,1
1771aea0-9991-4a69-a9fb-fde777a08c14,a688d6bc-529c-4669-ae15-84785bd2f8ab,JAF-005,1
bfcd6c57-0aa7-4521-a3c0-3cc4f79efe12,60721638-22ea-4b28-ac12-9f3760fa0c1c,BEV-002,1
d7c33014-793f-4a82-9e21-6ec761a11c7f,2b8fad17-9a45-4298-a04b-45e5e31334d6,JAF-001,1
eee3daa0-793b-47f7-a1db-fe2b7f415420,2b8fad17-9a45-4298-a04b-45e5e31334d6,BEV-002,1
1b26665f-4d4b-4ea9-b46e-87fbf6cef1f1,2b8fad17-9a45-4298-a04b-45e5e31334d6,BEV-001,1
7d54391a-8314-42fe-abf1-15ba0181a373,4d2b773b-708a-4043-a61f-e330eb298966,BEV-005,1
c9bd1402-5dd4-43c7-8306-fb121c7df24d,4d2b773b-708a-4043-a61f-e330eb298966,BEV-004,2
9d355ba0-0bda-4a73-8fa6-3a6b53d86cc2,1d95faba-51ff-4431-9c5d-6fcbcdf1c20f,JAF-001,1
f4820da9-c31c-4046-b13e-25018335867f,1d95faba-51ff-4431-9c5d-6fcbcdf1c20f,BEV-001,3
90bd2ce5-275e-488d-a03e-72af0c00fb8f,73c8c86a-0438-4f5e-a785-b1b348f15cbb,BEV-002,3
252ce4b6-0664-4629-9848-0d4ec7019cf5,73c8c86a-0438-4f5e-a785-b1b348f15cbb,JAF-002,2
5f131e7f-92f3-433e-9cff-aa5400cdaa11,73c8c86a-0438-4f5e-a785-b1b348f15cbb,BEV-001,2
8042309c-92ae-41f9-86b2-312dce48142c,73c8c86a-0438-4f5e-a785-b1b348f15cbb,BEV-003,1
37b880e6-70a9-4add-bac8-6bf88d21989b,cd99e9c2-a7ed-43ae-b8a4-30c43823c38b,JAF-001,2
e67b3065-d980-41ee-82e0-b44e419f8b9a,59e00f23-dd4e-4d35-83fc-85d6ca66e07c,JAF-003,1
a5ecfdd1-603b-4a99-90aa-264b8204e44d,eae7a7f9-b013-4897-9a53-fe45c074ee8a,JAF-002,2
07e8dc58-2d3c-48d9-9096-5bafe9af8109,eae7a7f9-b013-4897-9a53-fe45c074ee8a,BEV-004,1
5516266b-5d89-4322-bbe8-4481c4e00677,eae7a7f9-b013-4897-9a53-fe45c074ee8a,JAF-004,0
aaffbdc2-c142-4bd7-9d38-cc07bb74961d,eae7a7f9-b013-4897-9a53-fe45c074ee8a,JAF-002,1
6aa00970-fad9-4fae-9492-de86a7236aba,05f24c96-296f-4df5-b1da-779957c6e46e,JAF-004,1
d70686af-006e-474d-b52f-d19913e3bfda,05f24c96-296f-4df5-b1da-779957c6e46e,JAF-001,3
f0eac566-782b-4998-9d59-a6dca7d67ca0,05f24c96-296f-4df5-b1da-779957c6e46e,JAF-003,3
bcabd947-284e-4101-bdd9-dcfad13d6ea4,05f24c96-296f-4df5-b1da-779957c6e46e,JAF-999-DELISTED,1
922aa35c-6f4e-4027-98f9-d5b5f9690972,cf81ce40-b412-4049-952e-f17c0eeb4703,BEV-005,1
09dc2d48-42b6-47b2-ab64-a67ca4b0d60e,cf81ce40-b412-4049-952e-f17c0eeb4703,BEV-004,1
e2d8aac4-cfcb-4552-a0e4-5fa0ff43ba59,cf81ce40-b412-4049-952e-f17c0eeb4703,JAF-999-DELISTED,1
f70533ac-dc5b-4e2a-b4b7-7da988a0badc,18a10089-7c9e-4b4c-a380-55cd2441b0a4,BEV-001,1
27790e48-b1a9-4ea7-9345-3e50dfa70e94,18a10089-7c9e-4b4c-a380-55cd2441b0a4,JAF-003,1
c8e504c0-fa6b-454d-8407-e9211cbaa25b,ee0a9862-fe54-46e2-9e56-145a6f3b9085,JAF-002,3
4eeb0d63-3f2f-4038-8796-126524aa696e,7ec17614-2714-43f1-b1cd-344ada5fd342,JAF-002,1
c335e3fd-d862-41b4-b87f-1653eb74d6c8,7ec17614-2714-43f1-b1cd-344ada5fd342,BEV-005,2
6336a888-ab5d-4c9b-96cc-d38eeeabb0c6,d70fe01a-0b1d-4ef7-bb6b-a2a78c28ff5a,JAF-003,1
4c55a3d6-fbb9-4877-b672-2d46d29ffec0,d70fe01a-0b1d-4ef7-bb6b-a2a78c28ff5a,BEV-002,1
aa32d1c8-d61a-498c-884c-92e9ccff63f4,01afb8a1-1a71-46b0-98ac-33ef3e7df420,BEV-001,1
05acfcc4-0a50-49d2-96b9-42761beaed38,913f20e2-06c7-4ac4-99bd-40307f9df77e,JAF-003,1
194f8efb-c18a-4610-8a6b-07f0a1330d25,913f20e2-06c7-4ac4-99bd-40307f9df77e,JAF-002,1
aa887139-d34f-4602-b48c-0d3a037373dd,913f20e2-06c7-4ac4-99bd-40307f9df77e,JAF-003,1
f34fefa5-c0ac-4432-908d-2b4a5c14f9d0,913f20e2-06c7-4ac4-99bd-40307f9df77e,BEV-005,1
ffdf59f3-c63a-4480-923c-57067c574309,7f974ec4-74ca-4d33-9e31-d4afed0fca96,BEV-003,1
a0475791-7ed0-422d-917d-ef6af2e75a24,4714e434-04e9-4cd9-bd1b-d262f1bc75be,BEV-002,1
add511f4-fa8a-46ba-b82e-a4753632ba11,4714e434-04e9-4cd9-bd1b-d262f1bc75be,JAF-003,1
dd750a42-7c2a-4e59-8c6b-9e54eb703452,98041701-f9da-4d08-85a4-b2c2acf1d4f3,JAF-003,2
15cfac8b-9bca-416c-8710-17f6dfc9c4a0,98041701-f9da-4d08-85a4-b2c2acf1d4f3,JAF-003,1
2bbf1ee9-7586-43ba-9238-92c14d18af72,4442529d-856b-486b-b70a-740b89353ba5,JAF-002,2
ac03195a-b10f-4850-9d2c-d20bcfbffd2c,778ca772-2728-4061-88a1-885c9de0767b,BEV-004,2
a607f543-8019-4641-b1f0-8b6ffbfff51f,d25f4713-8296-4099-ae7d-2395c9602629,JAF-005,2
e7e31826-ba2c-4587-a20e-0a9b88a2c5c9,7288d02b-95b8-4c2c-8631-c6f0859a8f57,BEV-001,1
0c70bae9-0c15-4baa-a975-59131c36136a,15d149b9-3f8e-442b-84e2-0c82cdae9b4d,JAF-004,2
5435fd2b-35a8-4205-bca9-ad473a7fd68a,9eccda76-a3eb-4574-825c-561ae1948434,BEV-004,3
5dfca17b-73e7-49ca-9ace-8bbeae38c175,9eccda76-a3eb-4574-825c-561ae1948434,BEV-005,1
f36c6618-022e-4eaa-b6c2-68c36a0b4ca0,9eccda76-a3eb-4574-825c-561ae1948434,JAF-005,1
fdc9d46c-b4a1-4bc3-858c-5303e4a1394d,d08d4960-79c2-4f66-8d3e-b2ff3d6b8305,BEV-001,1
355c6045-381d-4822-b7c7-715b3c42f5b0,07df0051-1c1f-48f7-881b-c7009b79ae29,BEV-004,1
4a6d79f4-f09c-47f5-89bf-d97d618696e7,07df0051-1c1f-48f7-881b-c7009b79ae29,JAF-003,1
b7e1321e-800c-4a1e-b7f4-f838b6448b3b,07df0051-1c1f-48f7-881b-c7009b79ae29,JAF-005,3
b1662dc9-6ff9-4cf2-941a-34a470ebcae8,07df0051-1c1f-48f7-881b-c7009b79ae29,BEV-001,1
de9bbb9c-906a-4656-89cf-6442eb1444fb,7bbe0193-9b44-4458-839f-88450fdcdbd9,JAF-001,1
fdced1d4-b60d-4192-b5d6-778653bb264f,7bbe0193-9b44-4458-839f-88450fdcdbd9,BEV-001,1
5e999796-a68c-42f3-b37d-90144e98b20f,4111ef87-b19d-4d53-99f8-dab33848fc47,BEV-004,1
fa497cef-2699-4295-9cfc-e7ebc0be8ddb,4111ef87-b19d-4d53-99f8-dab33848fc47,JAF-001,2
88e1da2e-7f00-4c3d-893f-1663b6aff4e3,02d3ce3f-6d4e-4217-98a2-e9e648d5c6ab,JAF-002,1
b4fc94cb-6648-49bb-84de-86adb987c494,02d3ce3f-6d4e-4217-98a2-e9e648d5c6ab,JAF-002,1
b6562162-ce17-469c-937b-515dfa09389d,02d3ce3f-6d4e-4217-98a2-e9e648d5c6ab,JAF-003,1
9541af6d-173f-455f-b8a9-ad64bfa5814e,02d3ce3f-6d4e-4217-98a2-e9e648d5c6ab,JAF-001,1
5fa11f91-cc02-4958-8839-1afb7b257aa9,5f2b5375-afa1-4338-84a4-04fe1e005617,BEV-003,1
ef4c216c-1f8c-492e-a9c2-b786d89324fb,5f2b5375-afa1-4338-84a4-04fe1e005617,BEV-002,3
7698d404-8431-4e37-b563-6811a709870d,5f2b5375-afa1-4338-84a4-04fe1e005617,JAF-002,2
7615cc1d-6c49-43b5-ab30-3e08228252e1,cbd3bb44-2252-4d7a-9aa9-d6c7270a377b,BEV-002,1
10486e8c-f9cd-4227-b8ae-34545ec2671d,62a0d460-0415-4498-b8d3-040ad54dd4ab,JAF-005,1
02103bb4-db4f-4706-8540-b55ae452d1a4,672be145-beec-4279-929a-c3083b7fc156,BEV-003,1
7a66e9a7-26c3-40a9-9d38-a97aa2a9cb49,e595a724-02aa-415d-a569-9795dc4e1d5e,BEV-003,1
1f3b2f7f-ce68-4208-b243-38258684b160,e595a724-02aa-415d-a569-9795dc4e1d5e,JAF-001,1
a8c2acbb-fac9-4a79-9095-f17367e58066,e11a0fec-46fb-45e3-95b1-9121684b2533,BEV-004,3
af60a587-cc4d-4c6c-be58-296c260a0c1e,4e678b98-be72-4e94-ab78-023c0ae25d09,JAF-005,1
b00a1dd4-9b9f-45cb-b135-cf15642e2008,c210ee9b-cfc9-48d5-801a-9527752619ae,BEV-003,1
17b04730-e167-4322-8309-344fbb91b7e8,c210ee9b-cfc9-48d5-801a-9527752619ae,BEV-005,1
c9dec89c-193c-41af-a52a-4b8ca135df47,3cefe978-ed99-4369-bfda-04d8b28075b2,BEV-004,2
53feed2d-4f7f-4e8d-9f28-14fb33583720,3cefe978-ed99-4369-bfda-04d8b28075b2,JAF-002,2
de78a9e5-4d9c-4165-8a17-5533963f443f,66e23496-9d15-48be-9ac0-4c7001cd052b,BEV-003,1
8dd731b5-5fa9-4f33-8557-4a1eae66f8d6,b78eeb68-a8de-4ef2-bdd4-7a30b3ad2774,BEV-004,2
ebe75982-326e-4648-abcc-942069608a9b,b78eeb68-a8de-4ef2-bdd4-7a30b3ad2774,JAF-003,1
a808939e-494e-46bc-84eb-6bb84f3582b5,0e0381f9-ab37-4a50-98ab-8f24ceff1ef3,BEV-002,3
aafad467-cc51-4c9b-8bb0-b15bca6d4768,0e0381f9-ab37-4a50-98ab-8f24ceff1ef3,BEV-005,1
8134d201-0603-429e-9c5a-9fcaae4ee65a,9c820e13-8bb9-40ca-871c-ee60f6626c5f,JAF-003,3
248308fb-630f-4cab-a2f4-fadd592c569b,9c820e13-8bb9-40ca-871c-ee60f6626c5f,BEV-002,1
b094373c-d193-4f42-8ac0-8a9214d5c6ec,5764c18d-96ca-448e-9ec5-8dd19d519ff8,BEV-003,1
24e0dfbd-b85a-4e98-a466-d9ab7d4554ca,5764c18d-96ca-448e-9ec5-8dd19d519ff8,JAF-002,2
69c42ee6-c0e6-45eb-8185-5adea5cb585c,5764c18d-96ca-448e-9ec5-8dd19d519ff8,JAF-002,2
688323fc-1b19-4626-b603-3fde0504f90c,5764c18d-96ca-448e-9ec5-8dd19d519ff8,BEV-005,3
27150470-3c98-4a27-8750-2f04299ff7a9,252b9266-8db9-4d93-9a2f-195946224f57,JAF-001,1
d867c8f0-17a4-4906-b09a-a3de78a21329,252b9266-8db9-4d93-9a2f-195946224f57,BEV-005,1
d33d0765-b200-4b8e-adef-a97b6cef3c0c,68e14e00-d171-40d9-aee4-64beeae251ce,JAF-003,1
8ff28087-e7dc-4dbc-98b4-8bb3b0a3b3b5,530041f7-4197-4099-a67d-0590859e26f8,JAF-003,1
63b204e9-2677-4671-a714-275f77d304f1,c43c2747-227d-4bbf-99b8-e89a9db4e8bb,BEV-003,1
f66a10eb-9ff0-4521-8bb8-adb0f75048bd,c4d77358-d2b8-45df-a769-e7a580b2f3b2,JAF-002,1
54df3942-6c92-461c-9daa-4bd77b13b376,c4d77358-d2b8-45df-a769-e7a580b2f3b2,JAF-002,1
6c898d36-39e8-48d1-b4f8-11cf74576a93,c4d77358-d2b8-45df-a769-e7a580b2f3b2,JAF-002,1
02892b43-0184-4b91-ae67-30902728dc15,caa49ed1-3aae-49b2-a50b-85298a644281,JAF-001,1
0e202edd-b534-49b2-b894-beb85b36153d,caa49ed1-3aae-49b2-a50b-85298a644281,JAF-003,1
bb0d152c-7c89-4993-8fd3-d7d1c7b0db15,36f7548a-66ac-488a-bb9d-c46e48fa425b,BEV-003,1
13f99cfe-74ee-41cf-be39-a045083ea06d,654ef05d-e0cd-4fca-8adf-d793ba826657,BEV-001,1
569b97c8-356f-4676-bc95-80bc56471ca1,539bb449-c31b-4fb1-afee-51b0b50cadec,JAF-002,1
697a14c1-b11e-47cb-a602-4f16d5e04700,d2faff39-9a7f-4c1a-88b2-c74ce807437d,BEV-001,1
c8b95c07-9e90-4d5e-848c-f41df8e3f162,383abdcc-1071-40c3-8676-3c63b98958b2,BEV-005,2
45c49e64-a78b-4216-b079-1b47869fa152,383abdcc-1071-40c3-8676-3c63b98958b2,JAF-003,1
ff7322b6-761b-4587-be21-cb5ef4559928,383abdcc-1071-40c3-8676-3c63b98958b2,JAF-005,1
d5eaf761-5de8-4d8a-8668-0491e9e3818d,85f52544-ac7f-4b38-813e-becae17314fa,JAF-003,1
561f4b2a-6777-4291-bf30-c9664b1e907a,9de95b43-e538-4519-b770-801e5b361c0c,BEV-002,1
ad4efb50-9767-4b2c-bea2-a1f8b9dcf847,9de95b43-e538-4519-b770-801e5b361c0c,JAF-002,1
e339027a-34ed-4ddd-8dba-5f832c46602b,33ba7d54-1e6b-4c6d-841c-68aa2a63799f,JAF-001,1
3d2b5aa2-8bc1-4a50-961a-cb07a62363d9,33ba7d54-1e6b-4c6d-841c-68aa2a63799f,BEV-003,1
12f2a329-4e20-4b7a-9a13-5901a3301208,33ba7d54-1e6b-4c6d-841c-68aa2a63799f,BEV-005,1
55a77fb9-680c-4a0e-b9ac-cd91749428c7,f4c13fc1-b3eb-4b8b-8652-c607ce86bd4d,BEV-005,1
bc2506f0-04d9-4c20-be5b-a84a363822d4,f4c13fc1-b3eb-4b8b-8652-c607ce86bd4d,JAF-001,1
1b5bd0a1-c647-431e-97da-c7532864ff19,f4c13fc1-b3eb-4b8b-8652-c607ce86bd4d,BEV-005,0
ffcee770-7d3c-4c1b-b281-b41ee651c3f1,f4c13fc1-b3eb-4b8b-8652-c607ce86bd4d,JAF-005,1
67870ff9-f91d-44ed-bf42-44965f328a08,be0eecd5-e2a1-4a9b-95ae-17a9a2db5ffb,BEV-002,1
a315a335-eb48-4d1d-8cbd-2c2b5214e649,be0eecd5-e2a1-4a9b-95ae-17a9a2db5ffb,BEV-004,1
eac67787-f33c-4a56-aa3d-9bedd09b1052,be0eecd5-e2a1-4a9b-95ae-17a9a2db5ffb,JAF-002,2
639dff79-bc4e-4123-bc62-bf8bd126894f,ade3a8cc-7233-49a9-97ff-34b858a9e143,BEV-002,1
ed2bda48-ca37-491e-981f-c640be627045,ade3a8cc-7233-49a9-97ff-34b858a9e143,BEV-004,1
a3c14594-b7d2-49b9-8b7a-006b9191699a,d2cec749-2f35-49b0-b14a-2fb086fe3d81,JAF-001,1
df32d668-116e-416e-8d33-45ca3d5e4625,d2cec749-2f35-49b0-b14a-2fb086fe3d81,JAF-004,1
ec5496c4-1c1d-4047-8f7c-e842214c3e74,d2cec749-2f35-49b0-b14a-2fb086fe3d81,JAF-004,1
0fa8db6a-e834-4de0-8054-0853907a2fbc,f3bf66b5-62cc-470c-ac41-eda4393125c3,JAF-004,1
8226aaf3-406e-459d-85cb-56c95be9ed9f,f3bf66b5-62cc-470c-ac41-eda4393125c3,JAF-001,2
720436c0-a48f-433b-9012-27004bf2c88e,524ed8bc-28ca-4683-9089-d88d683a0ed7,JAF-002,1
68a4c8d3-9a7c-4580-934b-df78148ab480,164e7442-439b-43e4-b7fe-9c7efbe8b58c,JAF-003,1
d34f03e1-76de-49a9-93ca-4fcfd3970ab0,7279fd0d-ffe9-4aa2-a047-ebdc36f556a2,JAF-003,3
3803bd1d-8395-4233-99a0-02808c6120e5,7279fd0d-ffe9-4aa2-a047-ebdc36f556a2,JAF-003,1
24aeffb4-89dc-4284-a999-b943346b0d5e,7279fd0d-ffe9-4aa2-a047-ebdc36f556a2,BEV-002,2
2febb326-282f-4a6c-917b-40faf1df21b9,c40ee747-cce6-4412-8474-3242766f59d7,BEV-005,2
6d3f0ce2-804f-4b55-9890-1ea00fe461cf,ee4d863c-8cd0-4d07-9f35-4c9a4b54a3b7,JAF-005,1
83598267-f712-4f7b-b7bd-98ed3ac68b5f,8aa964c1-2101-4702-8e1e-6b152d64a65c,BEV-002,1
c85480c0-3cf9-4f3f-87ef-ef68b00156a0,8aa964c1-2101-4702-8e1e-6b152d64a65c,JAF-003,3
96b92069-5b45-4163-8a7f-6b543fca04b7,c5e04b52-440e-4865-8045-a896d54bd68d,JAF-005,2
e33f7116-7db8-4773-bf48-f01b5b272c64,3861cef5-fe7c-40d9-8c68-f53f76d7f88d,BEV-004,1
9d5aa492-e928-45f8-8e95-226058b6e5e5,2727d3a2-f320-4825-9081-88fee7e28fe1,BEV-005,2
1ca8304e-fbf7-4181-b470-3e3719307095,42b53f9f-e14e-451f-bff2-bacd0d9aecfa,BEV-005,2
d6fd6c19-784c-4dc2-b646-7f686507d1a0,42b53f9f-e14e-451f-bff2-bacd0d9aecfa,BEV-004,1
6a321a2a-5693-4619-abbd-61050646a81a,42b53f9f-e14e-451f-bff2-bacd0d9aecfa,BEV-003,1
592f5e6f-9d92-45e6-bdd8-71451f9e9a92,f6bf9b85-306f-49b4-a411-dab9c323eebe,JAF-005,2
2ba04bf5-e84a-4b21-9172-7132057bb2f1,f6bf9b85-306f-49b4-a411-dab9c323eebe,BEV-002,1
beab4419-fbc5-4e51-9f6f-c4351c5b991b,f6bf9b85-306f-49b4-a411-dab9c323eebe,JAF-003,2
9e70797c-6cb6-4503-a1b2-3b61ec89950f,f6bf9b85-306f-49b4-a411-dab9c323eebe,JAF-001,2
8b72f6f2-c413-4da6-a6d3-9f1aed708737,3d91f26c-3dd3-49ce-86a0-ec3a1c6db220,BEV-003,1
e1fa481a-f265-4ece-b3eb-2087089857a9,3a6e83f1-1e88-401f-917c-b23cd0b187d7,BEV-005,1
c3a64c63-12bc-4562-aa84-16f2bfa5ab1a,a5d7547a-5f2f-4e4b-9397-18a7409bf784,JAF-003,1
182b1452-1a0a-4e47-a819-e64a803768c8,35651999-32f9-4026-898b-59c4f16a1fa2,JAF-001,1
f122036f-b3be-4b79-958a-4edcf8b0295a,35651999-32f9-4026-898b-59c4f16a1fa2,JAF-004,1
152e4c24-30a9-4346-982d-66bac56347a9,79bea76c-24bd-4e69-a707-4238dd13a76d,JAF-004,1
381a5bf2-b56d-405c-8c6b-bbf07bc753a6,a9109673-a70c-4ab2-8cfc-a66cf4f01aee,BEV-003,1
b3e60a24-f7ab-40fe-a668-fca1fef5b843,adf8b01b-8cf3-4483-afe5-58380b22ce8f,BEV-001,1
777f0b61-541c-4eb4-b724-2698fec0b391,adf8b01b-8cf3-4483-afe5-58380b22ce8f,BEV-004,1
91092bd0-725d-4315-bafd-f22bd7f4edff,adf8b01b-8cf3-4483-afe5-58380b22ce8f,BEV-005,3
d21845d0-b8ba-48a2-b029-75bcce4004e8,503656c4-6beb-40d6-a7e3-79ac44000a43,JAF-999-DELISTED,1
f4fa2cec-e95c-47e7-838d-bab3db590ade,503656c4-6beb-40d6-a7e3-79ac44000a43,JAF-005,1
ab482562-1efe-4177-b2ca-6dedc7f0bcbe,95eea7b1-717a-4429-bd23-0ac6af230507,JAF-003,1
aa073ebf-f9e0-44b9-86bb-199d4516a857,95eea7b1-717a-4429-bd23-0ac6af230507,BEV-004,0
755339aa-1ae0-42c4-b72b-7be8c8c54325,95eea7b1-717a-4429-bd23-0ac6af230507,JAF-002,2
6bc30739-a225-40bf-b0ea-9b35d17126bb,6b2aee7e-95bc-4580-9ac7-3bc55d99b8ab,JAF-002,2
b0337774-b05d-4ab3-89dd-007ae4eff847,6b2aee7e-95bc-4580-9ac7-3bc55d99b8ab,JAF-002,1
4bae4b32-d263-49bc-80df-ebef8c0658fb,c5fc71e6-d7ad-4429-bace-dcbe73bbbcd6,JAF-001,0
3c3247eb-af5f-48b9-be57-0ae76fde698b,c5fc71e6-d7ad-4429-bace-dcbe73bbbcd6,JAF-003,1
776c9454-8a2a-4e58-adb6-b69e607b8a55,c5fc71e6-d7ad-4429-bace-dcbe73bbbcd6,BEV-003,1
a4cec731-670d-46c5-8e3b-1b0427e94c1f,8672c217-b8d6-4b37-8059-62f05a163279,JAF-001,1
8b0f10e6-d2b3-4893-8fc5-f31f7721accf,afa0bcdb-73a9-4c1e-899a-a1e9d7c2cdbd,BEV-001,1
93dcdfc7-e8bf-4d42-bd92-86c2a8b16668,c82afe93-23f5-47bc-9bac-50db1021da0c,BEV-003,3
bb644acc-8791-4cab-b9a0-918267b7cc29,c82afe93-23f5-47bc-9bac-50db1021da0c,JAF-003,2
2c15c0f7-dfa1-427f-9db6-7cfc3ca5547b,da44d3a9-f1c3-43a1-bb0b-d7d8b9508281,BEV-001,1
28acbfcf-e33b-4d53-8b1a-23a91e22f4be,da44d3a9-f1c3-43a1-bb0b-d7d8b9508281,BEV-003,1
e7b8ad7b-9ad5-4a8c-908a-cf4ee2d28194,da44d3a9-f1c3-43a1-bb0b-d7d8b9508281,BEV-004,1
36d9da0b-47f8-46d3-b07a-bcc59cc20a5b,da44d3a9-f1c3-43a1-bb0b-d7d8b9508281,JAF-001,2
72d3206c-bb0b-4152-8b74-e0288eab9599,1962a590-b8ff-4f10-bc49-f239fd8a2642,JAF-002,1
fd7f548d-3650-4dfc-91e2-858f955c4ce2,1962a590-b8ff-4f10-bc49-f239fd8a2642,JAF-002,1
d004df98-a959-4b8c-88b3-49313aa99f6c,1962a590-b8ff-4f10-bc49-f239fd8a2642,BEV-004,1
565fcaee-7e76-41c0-9247-a0daad8b5f5b,11dfa9f6-d238-4d1f-976f-da704c6b8ab0,JAF-002,1
91bcd100-4488-4438-9621-8fa075fafc50,11dfa9f6-d238-4d1f-976f-da704c6b8ab0,BEV-005,1
b29e369e-7159-453f-9474-97180a533f77,c5d41468-90fe-4e18-8da8-840f296aa180,BEV-003,1
bee87480-a952-4576-b824-e4a57ac6d130,63fefcf7-1651-4613-8a18-0041ef0dd62c,JAF-001,1
e1f8c9bf-914b-4d47-a674-53a02b4d4f87,2fb1233f-4e75-4a1b-bf4d-29b0a086da31,JAF-999-DELISTED,1
2759d7b5-5647-43c6-a4f3-32833a2e7196,2fb1233f-4e75-4a1b-bf4d-29b0a086da31,JAF-001,2
3e004512-2f7a-480a-be46-3b16d12e11ec,37d86460-cce7-4fc4-9f42-58767283e6ba,BEV-003,1
ad0ca700-6aa5-4953-bea0-106a45f07a85,95aede71-8dab-464d-9046-6c38676aa33d,JAF-005,1
cc87c08c-3b95-4ece-b606-5793c8947ad3,95aede71-8dab-464d-9046-6c38676aa33d,JAF-001,3
416ccdd3-bdae-40fa-bed9-a2acc15b42e9,785cc867-091c-4088-9f7a-6217689f8493,JAF-002,1
35d18388-1477-4625-818a-5db944d397dc,248542bc-7a8b-4029-ac2d-cce56ac4c5d2,BEV-005,1
da09e53f-d05a-4797-933e-7be43cce53e0,248542bc-7a8b-4029-ac2d-cce56ac4c5d2,BEV-004,2
b50126fb-5197-4a08-9e04-52c622c52125,e7c95052-b452-4b6c-9dab-e8e7250ff59d,JAF-002,3
2409fcb4-cc42-4334-adcc-a1c400f618dc,794471f7-aa90-4a0f-971d-d916df7ba608,JAF-001,1
4d125b20-3c13-4251-92d5-df5d6fd6cb43,60208eae-37f4-409a-8f86-f939c7257799,JAF-003,1
32c1c9fb-10e5-40c9-8243-15be6053f70e,60208eae-37f4-409a-8f86-f939c7257799,JAF-005,1
a210889e-e137-4547-8c71-6f5895ffa9bd,d4829e24-7741-4415-a4bf-9c67238527b7,BEV-001,1
a5386fe6-a2fc-432e-bef4-294dd00843f9,d4829e24-7741-4415-a4bf-9c67238527b7,JAF-005,1
126b77a0-7c42-44c8-b7a0-d05b0f28a8bb,e031bfb4-ef2d-4ab0-8a60-f67b0a7d3b09,BEV-002,2
7bd778dc-3c50-4af0-9d0e-5a222c8f2e67,e031bfb4-ef2d-4ab0-8a60-f67b0a7d3b09,JAF-005,1
ef49b007-4e77-4d4d-935b-f2704c075ac7,718b6db3-fa7b-4a04-a528-b3aed48280a8,JAF-005,1
91ab6b44-09ee-4f89-84ad-b098804e83ff,81c26e77-9b41-429e-a17b-0e2d83de0ba2,JAF-003,1
8cf0db82-86b1-4864-955f-53f78b6582fb,81c26e77-9b41-429e-a17b-0e2d83de0ba2,BEV-002,1
d1f83338-0f28-48e6-b119-4b3031dae4e8,81c26e77-9b41-429e-a17b-0e2d83de0ba2,JAF-005,1
acbee55c-48fd-4592-9dfc-4967f6db59f2,81c26e77-9b41-429e-a17b-0e2d83de0ba2,JAF-005,2
ef294d19-ac59-4554-af7d-0c395c406fd5,a87233c9-0258-4119-8198-51e295d2b6eb,JAF-002,2
4701c80f-81b4-4608-af26-27ed9dcb8c36,bc637c61-c1ce-4940-881c-9bcc75b632ca,JAF-001,1
8b14c686-3677-4aa5-92fe-0269e86f3fa4,bc637c61-c1ce-4940-881c-9bcc75b632ca,JAF-004,2
0d2a2b43-7dd2-488b-8d5a-60a7c097bb44,329b8dc8-cc23-47a3-91d3-f260b30d0177,BEV-004,1
bd5f3b98-6fd1-4e0c-a1ab-66c867776a31,329b8dc8-cc23-47a3-91d3-f260b30d0177,BEV-001,1
e7ac7b5a-e6c8-4002-aef1-760bd1337d05,329b8dc8-cc23-47a3-91d3-f260b30d0177,BEV-001,1
2e8a9acb-04cc-4f7b-bdf5-b8a7177bb57b,329b8dc8-cc23-47a3-91d3-f260b30d0177,BEV-001,2
1ed88314-3aa4-4ca5-9735-4498790bc6a5,280a8be0-774c-4ada-bdbf-8b689a492a44,BEV-002,1
099ecb46-43dd-4afb-a0ca-febdce6808a8,ed3f077e-0021-4f6b-84cc-da65320e13d5,JAF-004,1
60903b21-92f0-4dcf-95a8-6df624020618,04b0bc75-80f0-4d60-8a79-0b0e6f685e99,BEV-002,2
5a34a4dc-3b96-4734-a635-ce5ad3d3a6ed,04b0bc75-80f0-4d60-8a79-0b0e6f685e99,JAF-999-DELISTED,1
ba35d4fe-025c-4f74-b621-511d52d021a6,085eab04-eb0d-4e5b-8d7f-c37fe7c4dd3b,BEV-002,1
97ef5ff8-feec-4dae-aa6b-707fa306bd38,085eab04-eb0d-4e5b-8d7f-c37fe7c4dd3b,JAF-002,2
8ceb9b22-f377-4089-8e43-1da6189d3377,b3d0bb59-b291-4f6b-a3e9-03e668b6eb2a,JAF-003,1
3ead8ff2-3316-4642-8323-cc765f1face2,b3d0bb59-b291-4f6b-a3e9-03e668b6eb2a,BEV-004,1
473a3295-8709-4695-a7df-1ed0c902fb0a,b3d0bb59-b291-4f6b-a3e9-03e668b6eb2a,JAF-002,2
e337e2ca-8feb-49c6-aada-9d75c29f22c3,5db4021d-787e-4cc3-9b0d-95f0867777be,JAF-004,2
093f6048-5771-4ef0-8dfb-49352fc36142,bc409f9e-5cb8-4981-87ce-a29eb0262516,JAF-002,1
c515fac0-8c8a-46e9-8cb3-b481512a885a,bc409f9e-5cb8-4981-87ce-a29eb0262516,JAF-003,2
e59bb5f5-5abb-4846-b9c9-d84b1eb60f12,bc409f9e-5cb8-4981-87ce-a29eb0262516,JAF-001,1
ba8d7e23-3ef6-4e9e-b757-a0a4685cc0f2,9d1a1606-b1b2-4867-92fb-1cb1ee3ac05a,JAF-002,1
5fe050f8-0611-4d1f-9b2f-dde8b302ebd3,742a564a-4e75-4992-b1e7-242413ea1bea,BEV-001,3
65531179-939c-4e2c-809f-d9738fc8c9f7,742a564a-4e75-4992-b1e7-242413ea1bea,BEV-005,1
c7259344-5f7c-47d7-97b6-962b32cf9d1a,38830e2b-75f6-4491-9cb5-f1ef9e39971a,JAF-003,1
63584ea2-9ee6-414f-98a0-77cbb14f459b,480b1fe5-dae4-4136-a658-079e2e40cbd8,JAF-001,2
f9d6b3df-631c-4ac9-84fe-b753d5a22db6,5570d907-9c68-40ad-b180-fdc1fe6ee649,BEV-004,1
786c9025-a1fa-4bcc-8d93-8df57ae837bb,5570d907-9c68-40ad-b180-fdc1fe6ee649,JAF-004,2
2ba9b18f-ac4b-4cdb-b7d1-1a8193bb65d1,5570d907-9c68-40ad-b180-fdc1fe6ee649,BEV-004,1
bea4cf99-892f-4915-b0d8-84e185b9da51,5570d907-9c68-40ad-b180-fdc1fe6ee649,BEV-003,1
06049788-59e4-4a75-a7a5-0e8ed4441e5e,eff6ffa6-1934-4648-b168-e7568f6b4902,JAF-002,1
118966c2-fc75-497d-a6b8-8ac7c61b8f93,01bc363b-11af-46c9-9374-dfbe4d0d7758,JAF-004,3
07b119ce-c9ae-458f-bd34-5023b54a9715,01bc363b-11af-46c9-9374-dfbe4d0d7758,JAF-005,3
c7934a59-a335-4373-a1fd-50701fd570ed,c88e4090-bbbd-41bc-9135-deb757419033,JAF-002,1
21f3f694-f57f-40ee-a61a-b6221c6469ed,c88e4090-bbbd-41bc-9135-deb757419033,BEV-005,1
6766ca8e-626e-4dd7-afff-261b2f59bf35,10886803-2705-4a2d-90c9-f6635d84c1a5,BEV-001,1
a62d890b-8bd0-4079-90b3-69d3a0d06627,584ef261-8977-4c14-8574-0a61020c4ca7,JAF-001,1
5d4d2eff-0b2f-42a7-8ca2-0ba8941ddd5f,584ef261-8977-4c14-8574-0a61020c4ca7,BEV-002,3
867799cf-5cb9-401a-8a26-294cd3695f02,838f9a7c-d9e6-4675-9df3-5d6af5100fe5,JAF-001,1
9b7d57e4-27cd-4adb-9660-9da75ce1311b,167b9c56-9442-4050-9148-29bcd586c7d7,BEV-004,1
c79e171b-ee63-4da1-aaf8-8e11213fd508,0d0d9a88-40bf-44b9-a3df-080a2704af59,JAF-004,1
fab6839c-91fe-4f35-8eb3-03f450df68c1,0d0d9a88-40bf-44b9-a3df-080a2704af59,JAF-002,1
bb245ada-8f3c-419f-8577-8d5f4ee9e9f6,0d0d9a88-40bf-44b9-a3df-080a2704af59,JAF-004,1
51ec7dd9-e3e7-49cd-b3cb-2d670a938b44,0d0d9a88-40bf-44b9-a3df-080a2704af59,JAF-005,1
c13b882e-fb40-4af6-a724-f33885b7ca46,39efa2bc-8bb5-42e7-b7be-9dd3807e5c56,BEV-003,1
8e72a9e2-d398-4af5-9e13-e344319e4c3d,f319bf27-61d2-4bbd-961d-ea71d38a3461,BEV-003,1
4ebf1601-991a-4e09-9124-32a64de64ea3,f319bf27-61d2-4bbd-961d-ea71d38a3461,JAF-002,2
32af1582-5da4-4249-91e7-28edd5d2091c,f319bf27-61d2-4bbd-961d-ea71d38a3461,BEV-003,1
0f0db701-750a-4b8b-9595-1a68de1322fa,654fe481-9c7b-40fd-a89d-fd35986e393f,BEV-005,2
af5ee382-1995-4cbe-8899-0cffb5bd1d71,654fe481-9c7b-40fd-a89d-fd35986e393f,BEV-003,1
3213d139-6739-42b2-8216-d62023579617,654fe481-9c7b-40fd-a89d-fd35986e393f,JAF-005,1
08fb60fa-9605-4fea-b034-577d2db32dde,40b59c2f-0741-4a1f-a13f-3fbe7c1acc09,JAF-004,1
ac261e7a-ce24-464c-86b1-e0c76029369b,40b59c2f-0741-4a1f-a13f-3fbe7c1acc09,JAF-005,2
1bcd2f7a-4350-44f0-9db9-f05d21eed18f,40b59c2f-0741-4a1f-a13f-3fbe7c1acc09,BEV-004,1
2b0f78b7-f62f-41b6-b9f6-5617156039c8,9243edcc-3065-4486-a6cb-b51d5d00ee87,JAF-002,1
30f52857-fccb-4b8c-b6bd-644cd0eeda74,9243edcc-3065-4486-a6cb-b51d5d00ee87,JAF-005,2
e88b010d-7bfb-40f4-9fec-7fb9c15f43b8,1dccdbfa-38b0-4051-97c1-9dcd3c18f8fe,BEV-005,1
a56a3cbd-a700-42e7-b7b9-867b5d27eee4,1dccdbfa-38b0-4051-97c1-9dcd3c18f8fe,BEV-005,3
3e3aaf62-66bc-40d1-930a-36863a190999,1dccdbfa-38b0-4051-97c1-9dcd3c18f8fe,JAF-002,1
487edbe8-7ac5-4991-a5ae-945775d00c98,efab38ba-9d3d-4cb2-894d-904af1eee470,JAF-002,1
83e129ab-0358-4e8b-9bdd-c502c4d7a45a,efab38ba-9d3d-4cb2-894d-904af1eee470,BEV-004,1
99a9ca65-a61f-4cee-916d-671ce791e86b,a839d605-dfdc-4d33-a4c6-69b3136d93b0,JAF-002,3
c42b9050-4f38-47b9-b9ea-6256522d96ab,a839d605-dfdc-4d33-a4c6-69b3136d93b0,JAF-003,1
e869e3f1-405f-4d06-a4d6-113bd45d4d04,47f7e737-c5b4-4e5b-8bdd-19533ae760eb,JAF-001,2
4fe4da24-f084-430b-963a-dec8d7990528,47f7e737-c5b4-4e5b-8bdd-19533ae760eb,JAF-003,1
b179ddb0-167f-47e0-8be2-2ce2c0138733,16e47de7-bbcc-499c-8b97-3d4ee2987b22,JAF-003,1
9bd39068-add6-47f2-b096-e209d8532495,16e47de7-bbcc-499c-8b97-3d4ee2987b22,JAF-005,2
e47649ea-d5d2-4ff3-8419-6bda6725264b,91078aef-a05d-4a09-9e7a-8baedb160ff3,JAF-005,2
740f3493-e4c6-4e13-a71d-57ba2de588d2,91078aef-a05d-4a09-9e7a-8baedb160ff3,BEV-001,1
5ec3dd21-4c03-4df8-a063-e23079d14ec2,58e4dac4-5b9a-4b54-b6db-4cb0578f0afb,JAF-003,2
ef9c708c-5cfa-426e-90e8-cee4d3e71057,58e4dac4-5b9a-4b54-b6db-4cb0578f0afb,JAF-002,1
4d17a606-f948-4102-9667-c9ec7007ee36,58e4dac4-5b9a-4b54-b6db-4cb0578f0afb,BEV-001,1
ff86f103-cc79-44ed-99c1-a5932252f6c4,36a1c9f3-7ee9-45b7-bd6d-c69d9d359f76,BEV-005,2
26ba7a83-f705-41de-ad0d-76af7c6e4b0a,36a1c9f3-7ee9-45b7-bd6d-c69d9d359f76,BEV-005,1
4f45c091-1f31-4259-b766-f1c1aecf537b,2f4b631c-88d7-4541-81d3-cf9f4f3d8507,BEV-004,2
a4e2a8f9-ad81-4e58-b599-f381c91022a2,2f4b631c-88d7-4541-81d3-cf9f4f3d8507,JAF-005,1
9af5be9b-15b3-497d-8159-686377ba5475,2f4b631c-88d7-4541-81d3-cf9f4f3d8507,BEV-001,2
34bea222-f5f5-4090-ac2f-739b3a8f9217,2f4b631c-88d7-4541-81d3-cf9f4f3d8507,BEV-003,0
825e52a7-9112-4b13-8765-8f60b38cce80,0be7f1db-6df3-4b74-ab8e-6dabd5fbb64c,JAF-002,2
828f5f80-dffb-4d9f-979c-a844c01c793e,0be7f1db-6df3-4b74-ab8e-6dabd5fbb64c,BEV-002,2
0539d12e-1a3d-496c-84d3-2381398ee27f,0be7f1db-6df3-4b74-ab8e-6dabd5fbb64c,BEV-005,1
072791d9-a5b7-460a-a60c-6dc73a928752,534efe01-ae5f-4de8-a90d-e9a76de8e232,JAF-003,3
692aa6ab-81da-42fa-854d-c508a7acca5f,534efe01-ae5f-4de8-a90d-e9a76de8e232,BEV-003,1
9719dddf-4c2c-476c-b9e1-49ce4525440f,534efe01-ae5f-4de8-a90d-e9a76de8e232,BEV-003,1
bda49a2b-6aa4-42e4-812e-fd7155ee58b8,534efe01-ae5f-4de8-a90d-e9a76de8e232,JAF-004,1
aa66438e-b385-4a20-85b7-b4c876a59b91,7ac33bc1-1bf2-46e3-9d10-2307bc87d969,BEV-005,3
0189d35b-f50f-4cb7-8393-08b7438fb884,0f955f4d-6237-4dca-bdbf-104abda5a265,BEV-001,1
86162ba8-80f2-4708-be10-a789d4896ee3,0f955f4d-6237-4dca-bdbf-104abda5a265,JAF-002,1
fe495eae-d9bc-4383-ac35-469f844978ef,eab3c652-48d4-4c68-be86-097e1eaba66a,JAF-004,1
463c5a27-aa2f-4d23-876d-85ae0688fbe1,1789eb68-78f3-4bdc-b366-4c51706f7e2d,BEV-005,1
5345a8cf-ef3c-46bf-ab01-5450ec6070ab,87e3e5af-eb38-4009-9815-0bfd2352c625,JAF-005,1
54788368-a7df-4989-afe8-e5d3bd899722,87e3e5af-eb38-4009-9815-0bfd2352c625,BEV-004,1
99a1bb44-f402-43af-9fd7-0a11df4cbb84,144997f7-1bbb-4a4c-9ab8-bd850b58195f,JAF-005,1
58437bfc-5aff-4947-8f54-9c4c728317c0,144997f7-1bbb-4a4c-9ab8-bd850b58195f,BEV-003,1
bc1fd03f-bb38-4d53-a4b6-9d139e13572e,f8bc66b1-07dd-4d8c-bce5-19e7383a4cf4,JAF-005,3
a87ddb19-c960-4aec-8e82-3d19a2aa82a5,f8bc66b1-07dd-4d8c-bce5-19e7383a4cf4,BEV-002,1
620cf008-b10d-4b22-822d-88351675b224,f8bc66b1-07dd-4d8c-bce5-19e7383a4cf4,BEV-005,1
1b63fdc7-55b2-46b0-8cb8-fdf1bdfabe7c,87d23667-f2fa-4fa3-8a90-a6d997d1b760,JAF-004,1
8c3b92c0-1ecd-4bbe-b61e-0704aa0d5bdc,29f8e136-5f32-470c-88ef-ae53123ddc55,JAF-003,1
eebc10c7-59e5-4946-91eb-9f576f9d0e1f,29f8e136-5f32-470c-88ef-ae53123ddc55,BEV-004,1
f1049435-492c-4b95-b35a-c179cea2addd,29f8e136-5f32-470c-88ef-ae53123ddc55,BEV-005,1
d71f8f10-f72f-49de-a53a-f1e66e605315,8744cdf7-3d7c-4b25-b4b5-fc8de774047c,BEV-005,1
6bda7094-6f6b-4daa-a990-d7250af07368,8744cdf7-3d7c-4b25-b4b5-fc8de774047c,BEV-004,2
b0ee0145-a772-4e2b-9ae4-cca932937daa,4aaad0c5-2abb-4ecc-8944-e995286e88db,JAF-004,1
960733f3-4773-4942-9409-0b192a24df8d,1178e089-114b-4de8-9224-519fceeb9112,JAF-002,2
f2318c19-ad9a-41bb-8395-214d34141f18,1178e089-114b-4de8-9224-519fceeb9112,JAF-001,1
fa162aea-4a4e-472f-a57d-3674474020ec,1178e089-114b-4de8-9224-519fceeb9112,BEV-005,2
bcd1bc76-515b-4137-a90e-95e02f33313c,a5ade57e-d9ad-45db-882c-ca5f9ed07a71,JAF-005,1
70947839-5174-4c77-bbcf-f5b68e52179c,a5ade57e-d9ad-45db-882c-ca5f9ed07a71,BEV-002,1
ad623629-3901-4184-acac-f81025063005,a5ade57e-d9ad-45db-882c-ca5f9ed07a71,JAF-001,1
26952686-c3a4-4d83-9ada-eafce50d0bc1,dbd66932-e230-4e0b-bb54-9e34f13ff138,BEV-005,1
c7171d1e-321c-4833-b815-976c55f4ebf0,dbd66932-e230-4e0b-bb54-9e34f13ff138,BEV-002,1
053a053c-c650-4470-a472-2468fc588f2f,dbd66932-e230-4e0b-bb54-9e34f13ff138,BEV-003,2
92945687-7dc4-4412-b7f8-b99712d1d023,73bde519-b70e-479c-b6ee-b28034316030,BEV-001,1
b284690d-2357-4e8a-880e-8d3146a26224,73bde519-b70e-479c-b6ee-b28034316030,JAF-001,1
2788ad1d-7273-4949-94e9-0d9e06c3ae61,73bde519-b70e-479c-b6ee-b28034316030,JAF-003,1
7a1c63ac-47ab-4921-ba38-51f161c1583a,d5db0ff6-7058-4689-af42-52d3349c6da0,BEV-005,1
4a6e54a8-1f95-4e3e-bdc5-abf5e24e661b,5d4aed80-f1cb-4943-95fa-8f4087f4314b,JAF-004,1
d8c44ff7-8264-492e-af40-5123d3b5ec3e,7fd95c75-38a7-4b8e-8426-525df017addd,JAF-003,1
42b3fc38-ded8-459c-b2bb-d608581c829f,7fd95c75-38a7-4b8e-8426-525df017addd,JAF-005,1
5924aa54-ce55-409d-b3b8-da1b52c9e9c6,dd83b656-7262-45b8-9015-f4b10ec9baca,BEV-003,1
d9b51bef-f638-4069-b35a-dd9deeef2fd2,3456c62e-5452-41f0-8f87-80e835764f52,BEV-005,2
76d1fc97-e2e9-4d6b-ba2e-8f2cc6ef98db,3456c62e-5452-41f0-8f87-80e835764f52,JAF-004,1
f45bdc1c-6cd8-476d-b33b-e0e0d9284b67,3456c62e-5452-41f0-8f87-80e835764f52,BEV-004,1
7d1aedac-5f1e-4dde-a0ee-b99e18cac8c4,2862aefe-5b9d-407d-ab0d-d35f54f4c633,JAF-003,1
bfa553f5-6cfe-4edf-bd75-27ccf1970b4c,542e75ad-8ae4-4ba3-b3b4-4633b2896eb7,JAF-003,1
2cad436d-90df-41df-ad5a-1c2df05010e9,542e75ad-8ae4-4ba3-b3b4-4633b2896eb7,BEV-003,1
6b01a99f-fdf6-4fd8-92f0-b1fdccd29392,542e75ad-8ae4-4ba3-b3b4-4633b2896eb7,JAF-003,3
3a9ec442-35cd-41b9-901a-1bd7f1dc8060,9b743d61-c1fd-4199-a0aa-8a540a5c25e8,BEV-003,1
fdeea044-7a84-4dc3-9ff0-01ddef9fe1fd,9b743d61-c1fd-4199-a0aa-8a540a5c25e8,BEV-002,1
6b7fa315-555a-446e-88b9-ac7529cf7eda,9b743d61-c1fd-4199-a0aa-8a540a5c25e8,BEV-003,1
cef6c961-c332-49d0-91b4-2f7f972fdb18,9b743d61-c1fd-4199-a0aa-8a540a5c25e8,BEV-002,1
