id,order_id,adjustment_type,amount_cents,reason,applied_at
e0694a6d-f3db-4db7-a37e-96c9cb31926f,bd9f4caf-3680-4345-b0dd-d693d8c968ff,discount,-105,Town strong story always short prevent.,2025-07-27T22:45:00
fa8c2e10-0be4-4835-9554-6b141f27ce84,791a84ea-a963-4e4e-bd2f-a6273cd3af37,tax_correction,111,Design throw low same store large.,2025-04-09T14:59:00
cc0d929b-fd50-4f79-a401-89209d9f1e01,b57d0437-e066-4bde-8fd0-6c1b8c16974a,tax_correction,63,Social fill task throughout.,2025-06-02T07:09:00
4dac6242-79b9-40d8-9bcc-1d424fd934e0,2d4af961-aa75-4fce-a531-010eabfb6d09,discount,-106,Best name two answer upon finish store.,2025-05-17T06:32:00
abf3b500-f91b-442d-b492-4cba93de2961,17fdb7e7-0ec1-4e60-b560-a407fe4e57e5,goodwill_credit,-564,Chair charge environment evidence art pattern wife.,2025-07-07T12:24:00
7c4fb914-c2b3-4845-b995-77ab5d8b4d9b,d882bf6d-bef1-4599-8977-baa48b2537c5,discount,-82,Front piece contain often question.,2025-07-07T13:14:00
3beaae97-bc52-48be-b4e6-ae586def9d7f,1c3e26e6-e90b-4d7f-b92f-dc219d9a569a,discount,-330,Memory so management art.,2025-06-22T02:11:00
130dbaf7-23ee-4cc3-b599-0022edb33cb6,e514ffae-a5bb-4c93-bdec-8990f73f9e64,price_correction,-82,Entire theory second plan.,2025-02-02T10:02:00
cf3c73db-84ba-42d4-9818-e168eb61193e,d9781e59-0cfb-4fcd-899a-6305cf0eabad,discount,-81,Cut bill gas learn keep take discover.,2025-08-13T04:13:00
4b2000a7-951d-44c3-a976-62b96b77d5d9,1bdc3afe-c970-4a3d-a072-5b2ba0cb1a77,tax_correction,-55,Put data person area capital.,2025-06-24T17:21:00
54d35edf-5cd2-445c-a28b-1810b3314a41,b376fc01-1a71-4dc0-a893-b6fb85885593,goodwill_credit,-78,Bar organization treatment including never agree upon hear.,2025-03-25T07:56:00
38905739-5303-481e-9643-edd8d4354cb6,1040037f-57a8-4a6c-bd81-fbfbe26308eb,tax_correction,-40,Inside end direction action life tough recently.,2025-04-10T21:21:00
76aabf0d-d5ab-48cc-8a26-bb73ee256235,193a1ba3-f214-4a62-ad91-176d98ef937f,tax_correction,29,Do either customer at thought oil guy.,2025-04-03T04:33:00
36de5050-cbc7-4809-83b5-ae8a2158b4f1,87c06c95-55ce-4da8-86f4-13479a93421b,discount,-190,Marriage result myself.,2025-07-29T09:00:00
450c679e-79fd-4fb0-b5a7-c6bdb6ed054c,4dc2c777-84ee-4c5c-85e6-fb962ff3e9af,discount,-205,Seat apply anything clear.,2025-06-12T03:02:00
38a72cdc-d05d-4e24-8e52-f9c759e4401b,bac5c26d-bda0-4a7a-98e9-f57ebe64d8e8,goodwill_credit,-218,Writer hospital mean.,2024-10-07T09:38:00
a2ac1941-7a25-4f1f-9b22-683800e311d6,becafeaf-107c-46c0-b610-44d4fb307500,goodwill_credit,-113,Something trial of recent science blood.,2025-06-10T12:35:00
86b2e8a0-24b7-4c10-a991-21bb009550e8,97e20d55-6fda-4617-96eb-e5ddf201c1e3,discount,-50,Clear name enter skin possible bag memory.,2024-10-01T21:59:00
158f9fd6-06d9-41a9-b6fd-59f5b236f84a,d5d8c4a1-b072-4743-9907-8ff12d4f979a,price_correction,-69,Number they defense minute.,2025-03-24T10:15:00
6b648dec-0d2f-43f2-85c0-57e8a44511b9,552ac968-8c9b-4fb4-8cac-49a9c6c214f0,price_correction,-170,Away win point value.,2025-01-30T18:30:00
64a4136d-5f10-4f5f-ab02-7f8e7d76542d,fe380e2c-22d5-483d-983b-da05ac210d49,tax_correction,108,General west give arrive.,2025-07-29T18:23:00
5887bf77-34d8-4a35-a24a-646a498e8864,5c9c5fc0-e828-4289-91f7-579ce1b3d331,price_correction,98,Level responsibility dark financial four.,2025-07-12T17:10:00
6c91a2f3-a266-4663-b37a-636f93a6b1c1,d66b88f9-c316-4681-8777-b253f065f35a,discount,-135,Must within in although onto indeed protect.,2024-11-03T21:26:00
7fa542e8-0e13-44e0-8b20-733edc6bf6ca,d33bc7c8-22a0-4867-9f37-65f5005ac213,discount,-147,Study kind do modern.,2025-06-23T10:54:00
238ada1d-59e1-49f3-943d-f459c7a9b110,9d7d9b1f-7ff8-4f3b-a637-4e7f6bd72880,tax_correction,20,Prove my loss why think forward.,2025-03-22T01:37:00
e8e9112f-acf4-4edb-872d-13fd8c4ef0f7,11e6516a-6286-4c32-b29d-fd3ee4a7ffb9,goodwill_credit,-102,Fear hundred serve then.,2025-08-16T05:17:00
4d627884-144c-4c61-8d75-278f64c6c38d,cd0386e4-cd87-4334-8703-dcb4a5353a4b,price_correction,-181,Seem plan culture PM important city forward.,2025-03-21T12:02:00
c75359b0-17c9-4c4d-bccd-cddd64b468a4,7458f32a-184c-43ad-9424-2004fdf1ed54,tax_correction,-189,Owner yard this light travel.,2025-07-05T16:11:00
26613ac4-5116-406b-b0b4-ae2d179890be,21828574-661f-481d-9a77-83bfc494022a,goodwill_credit,-92,Now get professional my want write.,2025-02-03T13:32:00
9f0d58ce-46ae-4b5c-bc54-bb71451ea79b,664be6b9-83bd-4cd5-9cfb-8688e1344713,price_correction,176,Make marriage discover stop push.,2025-03-29T11:09:00
574d769f-91be-49e9-878b-7dca7fcd4dc7,5ac0fc65-d4fb-4632-afa2-c546a9e08c21,price_correction,-76,Fear follow budget seek brother magazine.,2025-08-05T13:01:00
98d466a5-f368-468f-bc8b-1719cc159d2a,ddc9a9bc-2667-4c9e-9e40-0e88fa57a804,goodwill_credit,-162,Ask out loss laugh find lead knowledge.,2025-06-11T13:42:00
cef92877-68f3-44d0-88a9-8391f7e4b2f6,a4f5300c-b0c5-42f7-b085-326e23094725,price_correction,-25,Wide security start if land dog.,2025-01-12T06:13:00
5afe5afa-f31b-488f-ac53-90bbf678b167,78561457-0642-4e18-a92d-3140f5282d98,price_correction,-36,Structure available start.,2025-02-14T05:30:00
73e9d617-73a2-44e9-9867-ab8b07cf6eb9,d60cc311-f90a-4618-8c05-9a2ce3c9363e,tax_correction,-44,Pass finally poor key.,2025-05-01T16:52:00
5f051fc9-546e-4cba-8e4a-db5e606caec1,b825d377-9561-4680-a472-780ab79b309c,discount,-190,Tv free director business court its matter.,2025-06-12T07:39:00
7c09c787-475c-4f6c-88e5-299e4c1b9cce,5480f041-d0ca-4b1a-9a5a-b254f7b45f12,discount,-182,Race democratic room reach wonder baby available.,2025-07-24T05:00:00
dd6835a7-72a3-42a0-acf9-2a9e3e140a35,a2145f9d-20d6-4bc8-b472-d2aa865f7e11,discount,-153,Career prevent offer huge range answer.,2025-06-25T12:15:00
b32639ec-e760-4c4b-ad25-11c29891a9b8,d8e43ac2-bb1a-4d1c-94cb-ca077930e53b,discount,-88,Drive large range performance.,2025-07-27T07:46:00
c735053d-d7d5-4bb9-95e6-18b090409400,01fc1642-31bb-4a93-95b4-f8729d192b17,price_correction,36,Hand never also.,2025-01-26T23:02:00
1a75a0a0-ad0e-4f82-b299-91e8fcce9b0f,1f30dd00-fe28-44c0-8a36-c857a46b9483,price_correction,56,What above reflect range difficult.,2024-12-01T21:16:00
805c5e4c-548d-46f2-bef2-35ec31496940,e9907f00-d20e-4fee-88af-05639e9be2fa,goodwill_credit,-160,Morning authority election generation foot.,2024-09-30T09:37:00
93fc34b7-2020-455e-9c1a-d12eb7e4fff1,93092302-a829-4813-85e5-7234c64ae682,price_correction,179,Most so fear use drug kid.,2025-05-23T19:47:00
0c94ad60-ee48-4295-b1c3-aca3bb2a9f0f,c1f4a758-f39a-40a5-9786-42a15d070d6d,price_correction,114,Avoid attention subject nearly interesting back director level.,2024-12-09T05:50:00
21479fe4-8cdf-48e2-ab0b-fe82dd871ac7,f2a058eb-462e-42e2-b0ec-9d9f944095f3,tax_correction,157,It similar town letter.,2025-08-19T07:49:00
c2e7300f-c30e-47e3-a368-92a1babfb12e,e03fe647-0d0a-4860-a519-31c6a4225521,price_correction,-108,Fast deep campaign prove head.,2024-10-10T15:54:00
dcfc9502-0d89-4129-9acb-e954298e555b,c4cae98d-23ea-47ac-85bd-1107ac79bcef,tax_correction,-114,Technology attack forget really truth show.,2025-06-10T23:58:00
8e851d73-00a7-4544-8db9-eb14de896fde,91435c78-34c3-45bb-b259-908c486027bb,price_correction,190,Compare move beautiful.,2025-08-28T21:19:00
01c6ab43-ab96-4ee8-a11f-d77effa71671,995b0e7c-a5d1-40b7-9494-cea11e837286,price_correction,80,Your one investment that similar blue major.,2025-08-31T13:50:00
db8d881b-e332-4b81-9698-15eeef0deaff,a8ea685c-70b5-4ab7-995a-b5b9e236fe4b,discount,-117,Window yes candidate region simply prove thank.,2025-03-14T07:53:00
462b694c-4a47-4a63-b4ef-92bd8cd8c4ce,14329127-1684-4617-a426-7483223acd02,tax_correction,69,Decide good figure magazine wide Congress painting.,2025-06-24T04:21:00
d03058c9-1125-479a-b8f7-a50c4fdf1b3a,6fcfea8f-4d5b-44ba-9b03-eaadc2c729ed,discount,-131,Class I minute owner.,2025-06-22T07:08:00
51ea4e3b-5ff7-4d95-a968-af5c2ddf7412,a1cc1ef7-73bd-4da5-9092-a699d607363b,goodwill_credit,-210,Among against crime alone.,2025-01-12T16:41:00
43fd5a75-fda9-4049-b187-860057943c08,be9352d6-c691-4238-a1e8-a65e7dbe1536,discount,-405,Least someone himself deal.,2025-06-23T03:51:00
86102e51-4a9e-4279-8f69-77757111799b,e0eb5efb-0e94-44ff-9b92-d707a4664513,discount,-118,Simple very who ok.,2025-08-07T05:40:00
622510a8-99c1-4aa9-9fa1-be3acbbc1289,95d19754-ed7f-48e7-b6b0-4e3b9d9aadcf,price_correction,166,Site moment identify popular during company.,2025-08-30T23:51:00
307681e1-c967-4ba0-85a4-f1c2e684d10f,758f8500-8b73-4267-848b-dd0255354214,discount,-52,Thing human best understand now.,2025-04-02T15:55:00
71320175-053e-4ec9-abfc-baf9b003c437,d8cb58a0-a5ec-46ea-bbca-7c7efb63190a,goodwill_credit,-168,Can but movement man.,2025-01-05T06:30:00
a2e822b3-8269-4e61-9fc8-90284e0db7fc,823dd91c-1b26-4850-83cd-fe5178bab041,price_correction,-99,Room ball need nation.,2025-06-02T00:12:00
fe0672b5-9964-4370-b3e2-1ceb151d2a53,27c24618-2c02-4046-897b-bd0bad617c01,goodwill_credit,-99,Himself control pick involve night some model.,2025-01-30T15:35:00
1d0ff236-fa4c-4b24-8377-37547ce9ae2c,0f44db34-78d7-4639-86aa-28077020ce0c,tax_correction,39,Foreign may not wall foreign theory.,2024-12-22T19:23:00
7cab98d4-4d9c-4575-bd70-e1a966b295b7,f31d3a4f-f924-45c2-88a6-0f9647a208dd,tax_correction,191,Minute evening amount memory school ok.,2025-06-28T20:21:00
644991a8-60f0-4be2-9d00-adb5ad7b7ed0,bb64e640-0d11-49d2-9da6-304823129ffc,tax_correction,-36,Home line chair structure future.,2025-02-02T11:20:00
b38f9f66-1445-4164-803f-6cfa8544fabb,622ae8b5-32e4-4ae5-b917-f0c117d832de,tax_correction,-118,Exist time southern find chair.,2025-08-06T05:07:00
6336098e-3893-4a67-8d52-0e121f9b4f37,1a9657e5-63a5-4c59-b8a0-621ff08df5f3,price_correction,49,There hear thing.,2025-08-07T11:18:00
ef3b5cb1-2b5e-432e-8334-c428c053142f,dca91490-9f36-40ad-8823-54940e1475f3,discount,-143,Low state low.,2025-04-14T20:41:00
d1c1e006-bc6e-4a0f-b5ab-4062a8ee0eb3,539d69a9-658d-4016-a096-441174332c1c,price_correction,99,Occur red successful my science.,2025-02-20T01:15:00
5fb5793a-fc56-4492-8db7-8dc04bbcdbf3,3c748fde-7f60-4cb7-bb8d-3989934d1b14,goodwill_credit,-71,Station art woman better born citizen yard.,2025-06-30T23:11:00
66d48ad0-1f76-4f79-af5e-2d866a1123be,01e5acb6-1fa5-44ac-9dc7-d9c919355770,price_correction,60,Allow commercial official any heavy several.,2025-08-19T04:02:00
8c47dfe3-0d8d-43b3-b6cd-5db8f973bf07,abe8e3cd-2c2e-4530-81c5-c2885457d0ab,goodwill_credit,-58,Test inside performance design school language.,2024-11-01T05:15:00
d0e97f4a-98ff-4912-922b-f549bbae017b,eeb54b1a-c2af-49c2-94d5-d401954e7660,price_correction,-47,Somebody site answer produce street door.,2025-04-30T12:08:00
cb02e464-48f6-463c-a77e-3f6c923974ce,d7f986f4-1322-4d20-a8d0-39de8893f0f5,tax_correction,-125,Tonight yet could significant democratic.,2025-08-16T06:30:00
15991e98-c3f0-496f-ab52-39ac9d99dbe4,41b12ebf-596d-4efb-a053-580f0e0449f6,goodwill_credit,-80,Film red identify.,2025-05-16T06:46:00
4fac52d2-61b1-4308-8b43-360e3d6c80e7,8c7cd3eb-d9bb-4dac-939a-60e4af1c25ac,goodwill_credit,-67,President security force law including.,2024-12-06T05:52:00
05004b11-cf69-432d-a3ab-8cf4ae15af1a,63e0d28b-d119-47cc-8d3e-b58ee0e74f4a,discount,-206,Edge write end article blood place tough at.,2025-05-24T06:13:00
10d17463-7402-4c62-bcc6-4d45a91dfefc,109d8cec-adda-4e92-bcde-b353446f7b8a,price_correction,126,Same responsibility space marriage trade.,2025-02-28T19:16:00
6eed1210-058f-4dcd-bbbe-16e08169b4b7,83d51690-2fc0-4a3d-a83c-2fc209b1252e,price_correction,42,Plant nearly plant degree cold model.,2025-03-29T13:56:00
4744b346-90d6-4eb6-861d-9f5b16a29510,ce048345-4255-421d-9780-ef1a948f4c0b,price_correction,-101,Itself energy police position find.,2025-07-30T05:01:00
28086251-1a45-46ba-a2eb-ec9559f20566,6e1da875-5279-4145-98d1-da87e31a377f,discount,-63,Third program can reflect.,2025-08-20T22:11:00
b4cc61bb-dac5-4994-9ae9-59cfce27c231,fe97b069-b332-4c53-b5a4-6a422d0988f7,tax_correction,181,East hope development serve authority.,2025-04-09T08:47:00
64e44835-8563-4731-875a-25bdcb3ef17a,9c5f7497-4451-439a-809c-c0d50a15dc04,discount,-84,Special card avoid.,2025-04-28T01:51:00
1f322024-5cc2-4b26-a3f0-6726f0c4ee52,c432accc-5add-4110-93e4-0e4435b88517,goodwill_credit,-114,Industry century before cold reduce.,2025-08-04T09:28:00
04dc770b-cc45-44a6-b6b0-8e0281a4b82c,ead12f83-a51b-4ea2-9e1c-639bc0c85c0d,discount,-133,Away rock theory store wall.,2025-05-07T04:08:00
02c72ffa-10d7-457c-acbb-eed42ac105d5,aa8b5aed-7975-4738-9746-d49bf0c993b6,goodwill_credit,-79,Hot majority beat anyone.,2025-06-23T22:52:00
9206608d-e0f4-4b59-b102-06ca56a16921,6f5f430d-4551-4991-97e0-95b04b2bb491,discount,-55,Relate prevent school manage individual power sort drop.,2025-08-10T23:13:00
5201703c-6692-45da-88a6-00124dfcca75,ca86df85-1388-490c-9259-813788667154,price_correction,-66,Eye statement oil accept Mr data.,2025-06-23T17:00:00
592eb32d-69c1-4ce7-b92d-38a00cf646be,a53f20d9-f589-4297-9148-dcab0ab0c01b,price_correction,-189,Civil seat name more.,2025-04-12T16:37:00
1d3af7c8-f107-4e75-90e4-dda906b914d9,dc716f4c-ab4c-4ede-8359-c9a5ab0be5ea,price_correction,139,Property than nice any include.,2025-07-05T23:11:00
491038e1-943e-465b-89f4-fa5fe2e2af57,564819df-33a7-4ee0-8b5d-675d56be410e,price_correction,-141,Figure learn open right trouble prevent together.,2025-01-27T00:56:00
281d0cae-215e-41e1-b337-0c0523a7e15b,fd7eba08-a77c-4519-97a2-00968e31c342,goodwill_credit,-146,Must indicate century.,2024-12-13T16:09:00
750de74e-879f-4038-8af0-79199cab1d2c,aad06ce8-5230-4f16-8b3a-7138b0d2ccac,price_correction,-141,Teacher reason tell oil catch say.,2024-10-15T21:28:00
f76c080e-10dc-4198-8efb-961c0f93ad7f,ac45b7f0-7828-440e-a798-7cdcf9b077ca,tax_correction,140,Road how organization arrive.,2025-05-25T23:56:00
fbe9108e-cf75-445e-94c9-81bc6f281f6b,f56ca304-2bf8-4c2e-b753-d3482f0ea68a,goodwill_credit,-100,Choice figure meet beautiful realize decide significant control.,2025-02-07T02:59:00
b96038ca-bb4e-40f3-a15f-c53426524c9c,8e0d2d51-2bc3-4d74-96d4-8078aa691500,tax_correction,175,Chance bag goal enough up seat other.,2025-08-04T11:31:00
6694fbc1-3fb4-464c-99d6-1753856af138,df401551-beb1-447b-bb97-66577215aff0,tax_correction,-190,Him recent tend property cell also top major.,2025-08-03T22:11:00
b728c6b0-ef28-4926-9a1c-77139e6161bc,2bfac544-b8f5-4962-b244-8d896784309f,tax_correction,-10,Someone many model right.,2025-06-21T00:10:00
0c63e55a-fea9-4adf-8c22-69de0ad868f4,a8e4f549-8049-4fc4-a150-84b287a6e5d5,goodwill_credit,-97,Other among tell.,2025-08-20T00:58:00
7f337616-4a46-4bde-9f99-80831e116108,7eeb05b6-c49c-4584-a839-df23fa6320d3,goodwill_credit,-1482,Outside drug tend reveal.,2025-02-06T19:30:00
686c1f6d-75d8-46d9-b601-2a5629f5eafc,618a4f74-ee43-4554-9ea2-08399f9dc133,discount,-98,General market but old she garden they.,2024-10-17T18:10:00
4ad00047-030c-443b-a398-ab42a860c20d,4fb8e265-3741-4496-848e-6b24760a86f5,goodwill_credit,-70,Side young feel home news opportunity group.,2025-03-11T12:25:00
8c942fd4-1dba-4e01-8898-bba5ba34a713,fc311798-3885-477b-be36-df3f99cb3748,price_correction,-75,Thought with recently.,2025-05-26T14:42:00
0f7eee82-0d2d-4b3c-bb53-83e1044957a0,bc324281-1605-451f-b044-06384c65ad0b,goodwill_credit,-331,Around they mean design watch culture.,2025-05-28T15:47:00
665d51ff-c44a-4238-99ff-25e3b888f8e8,d143f29b-8d82-4177-b080-31bd37160a3c,discount,-389,Fight on recognize account administration.,2024-12-17T15:16:00
5d20fdfd-e778-4b71-8c93-d0db8235bf06,f5eb8a34-ffde-4fc4-8ee0-cb90b2f9b874,tax_correction,69,Thought million forward toward pass.,2025-06-29T18:07:00
60eeaea3-fc4d-420f-953d-bd32bd525558,ef6a06d9-7de2-48e8-8ce4-62d28be8efaa,discount,-168,Education art hope science.,2025-03-18T12:47:00
cb85d51c-a82d-4796-be62-d05a0db10c30,ee1cfc92-2827-4929-b9c2-3d2264876b7c,price_correction,-82,Theory section loss answer series nice.,2025-05-05T11:35:00
3d84b3c7-4f9e-4707-8e62-66c4166cad18,953db6d2-0ec3-4cf7-ac6b-ae8d33465a97,tax_correction,41,Station military wall entire body agreement gas.,2025-05-05T22:38:00
dbf6faff-9a14-43ea-a973-963594551f50,ba89ee02-55d0-4a91-914a-b92ed96e134a,discount,-74,Brother social choice fly.,2025-04-14T18:26:00
5261680f-b093-4084-93cc-b3e6f0669679,33e6662e-39fc-45c7-a5be-cc5c68d9cee0,discount,-183,Friend myself allow current.,2025-04-29T14:00:00
78fb7ed8-f225-404e-b8f3-e75c648f12b0,521f4f52-5eff-4374-85c1-da53156a3f1e,tax_correction,-167,Race agreement identify evening.,2024-12-28T14:07:00
64b37aea-6103-43b3-b226-4770dd3a10e7,30de4212-0a27-4708-b7b3-d6dfbbdf76e2,goodwill_credit,-65,Management scientist we cut garden nice.,2025-07-30T10:19:00
e5b64833-807c-4921-b393-fb4a21b1f42e,16d373a7-8490-4afc-a691-fe4b29bfab69,price_correction,-152,Pretty see their music.,2024-11-11T00:39:00
e6a64878-a4b6-4808-b0f9-8641b3b24c69,266f2996-7ece-41bb-8e00-a07e4fadf871,tax_correction,55,Movie peace the care.,2025-04-07T06:28:00
c0e87f68-c3d6-4a56-8f07-200df6077be0,f90b95e9-d0bc-4d89-a82e-335c967ff1f5,price_correction,82,State box form task.,2025-07-13T01:29:00
8d695064-562d-413b-92bf-a8ac60e70f91,78f7b788-a8b3-4a8c-a45d-938ef8b0302f,tax_correction,182,Who seat police important somebody certainly.,2025-06-11T08:54:00
0bbfde8c-50c4-48d0-b9c9-b5d62893a8c9,39ea8d4f-151b-403f-b658-c87a7aec6413,discount,-211,Will loss reality.,2025-04-09T03:24:00
69d2047e-3b75-41c7-9501-0e460aae98f1,609873f1-22ed-42c9-b7c8-98a4991c0f9c,price_correction,-39,Travel ok fund husband everybody.,2025-04-11T17:37:00
49f8b6d0-2666-472c-8044-068a40d9eeab,a213023e-23fb-42c3-8475-d527d843b157,goodwill_credit,-193,Heart capital even.,2024-10-02T07:42:00
b0a1f42c-738f-4553-b53a-248e6b1b9ac9,e17f43de-dfa2-4047-a3c4-5fcc9f9ccbda,price_correction,-111,Whose little administration court service simply evening.,2025-05-10T05:15:00
5fd94609-2caf-4fec-9146-cf1321604e9d,47c637cc-7c2b-436a-9834-318266ff0fd7,goodwill_credit,-67,Democratic away country reason however three something thank.,2025-06-22T20:00:00
8de69fb0-e9ee-45d1-aacf-e6d5fd56cb08,50adae58-0213-4e99-9859-87d9221b3d98,discount,-92,Third have seven.,2025-04-16T00:58:00
c1ad15da-9ebb-4f22-a5cf-885664caf930,acc54630-f933-4a81-818a-0f9cc70603ef,price_correction,-167,Pressure across world letter stage.,2025-08-29T08:01:00
2be2a107-6ce9-4834-acb6-289dc6bb6a18,1fb9517e-d62e-4e11-99aa-20072ab902b1,price_correction,162,Any mother test approach.,2025-07-21T20:37:00
c5032365-a467-4e5e-90d7-868e426320d3,2e5e979c-e308-46e2-af6a-f7586d5e704a,goodwill_credit,-239,Already myself reveal.,2025-05-23T18:31:00
7292fe75-e5f5-4de6-8be4-d17da5c5e04b,3de1d84a-51f6-47f1-a89c-4bb16368e3a2,tax_correction,-48,Public beat change risk point.,2025-07-21T10:45:00
92c1ecd4-228d-4cb3-a406-2d5050bfad4c,8bbd87e6-c1f4-4193-a621-f1902cb91d22,discount,-176,Some community dream take feel.,2024-12-26T05:32:00
216e0db9-05b6-4d12-8a3f-d967c57f1e16,0a0b9c16-eae8-4b0d-b709-9c75a175b6b9,price_correction,-59,Success agree expert against.,2024-11-01T01:21:00
a247c1a8-7587-41a4-b699-13c9a7455412,d2af8364-a5f0-4bbb-91db-459c1afc6ca7,discount,-156,Night benefit else big get information.,2025-06-19T06:46:00
062a7c82-f83a-4c71-a217-83796761729d,9552a6b4-d3e8-4467-a6dc-c9cd4653187d,tax_correction,-182,Family wrong business participant go.,2025-08-15T12:03:00
4e684237-7e37-4391-b7f4-6175a800680e,5d9653e2-b768-4096-ae7c-6b4ae528fc8d,discount,-79,Side institution drug although audience new usually.,2025-03-02T15:58:00
144c7e31-756f-4e40-b497-5c9052e6e109,3f843244-4fb0-40d2-af1c-ed034db5863f,goodwill_credit,-337,Direction why upon development single spend then.,2025-01-21T05:39:00
e0814e85-7958-4aaf-9322-7afd62cf7c6e,bd08cd10-c9b9-46ce-97a4-c5a8d1de7947,goodwill_credit,-97,Well type anything into statement garden figure.,2025-04-29T23:34:00
f73d78a5-a5e0-4008-8a08-3b3d5181dce2,e32707e4-1d1c-4ea7-8249-f8879c564c05,tax_correction,-46,Actually street east sit others education however care.,2025-08-18T22:50:00
a2e02cf9-16be-4ba7-bc2e-4854f1914db9,15a7d9c3-007f-44e2-9bb3-45390c439bc9,goodwill_credit,-584,Save sound wall his.,2025-07-17T09:52:00
e79f8101-ce80-4a96-b964-025cae1b287e,d927695f-6e20-4ba2-882b-f84bd7a82f84,goodwill_credit,-209,Indicate skill industry various same traditional continue but.,2025-04-30T06:43:00
2f965521-a685-4cb8-b58a-de61530e60d1,2118c979-1da6-49a0-b1b4-97c355626f88,discount,-884,Fight suddenly me two who commercial me.,2025-08-08T10:24:00
33909025-5761-411a-a38b-287e7d7f395e,e657cb6f-6cd9-429d-837c-039a38a08336,goodwill_credit,-72,Sell see spend else.,2025-07-20T19:36:00
3ed2f123-5200-4179-839c-408e5879e268,24fba1f0-2d1d-45a2-8fd3-0ac1279d23ee,discount,-126,Democratic soldier a for side seek type.,2025-04-29T01:12:00
4cff680a-6b8d-4f73-a99a-fc3245ad28fe,f93daa73-f5f7-482f-ac08-4c48f189ef93,goodwill_credit,-470,Up only understand range stay beautiful.,2025-04-27T07:43:00
e8270004-201d-4cf2-91e2-3463fdecb2e0,c4069f1a-0954-45ea-ad75-98296a66f0d9,price_correction,64,Cold two local machine understand director wonder.,2025-01-13T14:59:00
10787c39-59d8-4446-943a-5222d0bcf5af,54760f37-5336-487b-855a-dd5ec958fb44,tax_correction,40,Long after eye next unit wrong.,2025-04-21T15:35:00
e3de1c7a-a0eb-499a-b3ac-4a078da92d0d,c6d30209-51e3-4088-8ebd-db8314906d03,price_correction,80,Two power heart deep whom.,2024-10-21T00:22:00
31ccf770-5fa7-4cb3-8875-f5f9890759d2,4502fa6f-4ef6-47c7-b97b-4db2cd7851ad,discount,-186,Oil peace act official effort everything become table.,2025-06-16T06:53:00
a67d343e-4294-4470-b395-588de215fb34,e74880a7-9f80-43d2-b8ef-1f34ccdc50db,tax_correction,113,Mr area wonder check physical like will.,2025-01-13T11:45:00
81c81c30-63d3-4dd2-9993-b6eab366f6e2,eb260524-6841-4a87-9148-a76f5666153a,goodwill_credit,-229,Voice avoid force heavy change left.,2025-02-25T13:20:00
0874b98b-2c73-4691-a769-f15ddb3cec78,4e46d04d-72a8-4bab-a181-f9cce5a576a1,discount,-178,Community letter shoulder eat many newspaper reflect.,2025-04-25T03:39:00
2bfd7495-933a-498b-9f24-f4be5dae99a6,fc9e92bb-e9c9-4711-a2ef-754a9cb068f1,discount,-228,Education economy pressure.,2025-03-04T06:25:00
50564e34-c82a-4a95-a973-f6561db9ec01,8ec66f62-1ffe-4cd7-b306-444621df1b43,tax_correction,-126,Team result security mission every management face.,2025-05-19T09:47:00
52c9b1ec-a28d-436c-906a-5ea7ef881af5,d22335b9-32db-4c58-8619-757d47aa785f,price_correction,-47,Measure drive movement among for.,2025-06-03T00:35:00
e0a7bcc7-d696-4572-b1f4-eb0f8b2038df,9a583f6d-7d98-4d32-8e18-400e06dcd836,tax_correction,198,Truth challenge may stop today test.,2025-05-07T03:16:00
7e2d6ccf-7c41-4d36-b6c5-e4358b7fb220,35064382-01eb-4439-ab22-c3c1bac67f13,price_correction,72,Claim pass fall she several interesting.,2025-04-07T19:07:00
29845729-6890-4407-a1c2-141f4756d2d6,d9fc024b-4e6a-4ff9-9e08-b7ed1407cf51,price_correction,-59,Team never which compare.,2025-04-19T17:22:00
23b39d73-26ed-421f-b231-6da3296fd253,a93aac53-fa60-4f9e-a7a1-ecb34e6b8200,discount,-156,Agent bring machine baby himself season first.,2025-08-09T18:38:00
892a69d7-b13a-4639-bc61-6951abddc349,27ae5cc6-e961-4c14-834b-7f2e82b34b96,price_correction,89,Alone air know nothing.,2025-08-25T08:55:00
1a693c14-d6d7-4dbe-80b0-f84f0994f5d0,0f7d5539-4156-4107-9781-44d00fe04499,discount,-101,Away box child rise senior great.,2025-08-06T15:12:00
bf964715-4bbd-48ea-a65f-868d62796502,74d39176-f30a-4041-9145-cb4962a03259,tax_correction,-146,Imagine law number majority her.,2025-02-26T16:15:00
7540209c-7733-419e-9783-4e212ec1c1d8,af245f4a-a7f2-43eb-af1b-c30a15e292ff,tax_correction,154,It ago environmental now.,2025-07-23T01:54:00
ded1ae6b-e31f-4614-8350-69d59b81426d,127486bf-92f1-4a1a-9014-478851d7e3ee,price_correction,34,Weight season culture.,2024-12-16T03:28:00
803b48a4-6a77-4e42-9616-a6b123081ef5,46b563a1-73f2-4459-a425-ff0f73374794,discount,-137,Wear loss and evidence easy out.,2025-06-17T09:51:00
b0700515-c074-4dae-b27d-5e90fbb4d252,d77bc05b-1e5a-43be-bfba-ae7313beae20,tax_correction,107,Inside past woman course.,2024-12-25T04:41:00
596bfc51-05e7-4a10-b2f6-51b21dabaf39,b7878a3e-4d7e-4b1f-abe8-d15e2660bd81,tax_correction,158,Century leg first like agree fight.,2025-08-04T04:51:00
5f934a5a-9772-43d2-a790-816ad30e5e58,3093537b-2efe-4523-b1e7-877dd31e36af,tax_correction,-58,Edge determine rise small until management training.,2025-08-07T06:50:00
9229a5b1-c717-477d-b9df-0e72313ebbdf,694a26c3-2f42-4d74-977e-37970ef39347,tax_correction,179,Red so political I always learn during most.,2025-04-02T04:00:00
aeb90989-e6a2-4410-ba27-15563c9276f6,b1c82275-0176-4497-838b-1b234cde13c0,goodwill_credit,-143,Civil ball threat information detail federal remember.,2025-03-18T17:29:00
42514628-2cc3-4ff2-8c62-83e5ac81ff7d,78c122a7-fa8b-4076-a048-67bf99928e04,price_correction,124,Land line fire herself effort left you thank.,2025-05-06T14:12:00
7a4c3c09-d8f2-417f-8f1d-58ad0245d5cf,e8e7bfad-83c6-461c-8794-c96236d5d6db,price_correction,20,Security station likely action near.,2025-04-23T08:37:00
3b559c37-76d7-48ca-9f0b-9f0c7965569d,b7d6f963-6468-4be5-8dd5-e0620d63642c,goodwill_credit,-65,Executive now research prepare.,2024-11-01T17:19:00
d4370d74-7b98-4480-9db2-d09324edf9b9,27e130f0-1f63-43e6-b869-3c7187cd008a,tax_correction,-57,Break notice part person stand.,2025-01-20T08:38:00
0f9b69b5-ed37-4826-8799-ea2c054d03aa,e94e5e72-9ccf-47b1-aa6b-7ba7872b7799,tax_correction,-163,Recognize hand policy car fill.,2024-11-26T03:22:00
3e6b8042-67dd-46be-a806-151b9ef456c4,a7a782e6-6227-4926-ba6a-4b0dfa816aef,price_correction,168,Prepare hundred sort international organization reveal.,2025-05-23T04:17:00
3aaf22e4-446c-4ea7-af59-af93fe7acf6d,2e1a9b1f-0455-4ef2-9aa3-376f37abe120,tax_correction,179,Decision huge scientist system ready.,2025-04-02T03:25:00
cf917150-24ca-404f-b358-77e943199f63,9c8d532b-920c-45c5-8e89-3c0285a75648,price_correction,161,Significant order five perform range.,2025-08-02T21:37:00
58dbb63c-32ce-4ec2-9e5f-d46d993515a2,6ffcccb0-99dc-43f3-aa44-8c8e42908f6e,discount,-243,Name raise recently.,2025-06-23T18:08:00
fdde3f91-85e2-4509-8ba5-7e8a87839499,59f7ab7d-3ddd-4dbd-a2b7-baaefa97b0e8,price_correction,131,Rule half foreign.,2025-06-24T15:46:00
9d76ed34-3b4e-4026-a64a-7ae2d5fcc464,45ba9cdb-599d-415f-821b-dd235c33136d,goodwill_credit,-56,Daughter concern figure baby.,2025-04-11T18:55:00
0d0ad414-65f2-41a6-a67b-fb5374a9b1d8,7aca1a65-5ee3-4a7c-9ea7-e08679a45438,tax_correction,62,Recently ready prevent clearly check.,2025-03-27T03:10:00
4d19b0d7-66c8-444c-a715-993edfcbdf94,0426e447-f875-4824-90eb-5fa77d0e131d,goodwill_credit,-92,Guess as power reach health maintain on.,2025-08-03T21:43:00
1db9bae0-3ffe-4f29-b92e-ada6b9eda790,c4fe052b-8382-435c-b363-1ac4067b33c6,goodwill_credit,-606,Lose account attack concern.,2025-07-24T02:55:00
631548f5-42c2-46fd-bd86-696e9e4a4888,d57e6a49-13a4-488e-8a12-4cc1018307fa,goodwill_credit,-244,Bill line financial style buy.,2025-05-05T12:51:00
5d0c8cc5-3705-4d86-a077-66f6206d0e47,f23d1130-0e2d-43e2-b4a4-0ad13f101c3a,tax_correction,-124,Reveal audience sell make.,2025-03-11T11:47:00
7f07dc27-012a-4401-a226-452298c79eb3,24113aee-bc76-4989-9e2a-b92c87867314,goodwill_credit,-148,Else provide far ahead.,2025-05-09T00:43:00
e230635d-19cb-497d-90a2-70e8c89e68b7,fed56cd8-bdb9-462e-b125-1e630c09a658,discount,-210,Writer choose similar.,2025-08-12T15:13:00
99fa6339-3420-43be-8911-44375e4c426c,8cd7e23d-69d6-43d1-9977-0127b11a58eb,goodwill_credit,-80,Growth during serve I democratic.,2025-03-16T01:25:00
7bb3bab1-b93f-4a7e-bcda-92b381ec7121,74d48a5f-042d-4c97-82f2-9d4c45bb59d1,discount,-347,Stop if rule break this beautiful.,2025-08-14T23:14:00
d25ee587-dcbe-4151-853c-f9f03560412b,4c57fff8-7e92-4cdd-82a1-0f7508cfd4a3,discount,-131,Ten certainly least you.,2025-05-11T09:52:00
0338d331-3754-4006-9d2e-7893fecc6d2a,a6b50cc1-e956-47a5-abf7-7bbd24970291,discount,-646,Argue everything task.,2025-03-09T01:02:00
747e15b1-af95-40f0-9f27-cf619a67ac7d,c681fc5e-c373-45fe-b121-08dd24702cbf,goodwill_credit,-79,Risk Mrs art certainly few get us budget.,2025-06-23T12:10:00
b16b946b-2bbc-46fa-a651-0eb5d8e0f581,f276036b-63e2-42fa-aaaf-c013e9533a08,tax_correction,38,Him newspaper when red sell available wrong space.,2025-03-04T04:03:00
1e699b7d-845a-4992-93cd-0b8d2ffa8f19,d00c242c-dc98-47b8-86e5-756ff4e72e42,goodwill_credit,-59,Into wrong sport concern practice six position.,2025-04-16T15:25:00
05304aa9-4491-4867-9cd5-bf6556281a47,8545f13a-5518-4577-8a29-51f0949399d0,goodwill_credit,-84,Current issue put argue level beat law.,2025-07-13T10:06:00
c7dd9a97-e875-4a1d-97d4-b2641e634dba,3089aef6-e7b5-49ae-b915-45e907d0c52f,discount,-117,General traditional far occur class house training member.,2025-05-29T04:57:00
ab09c654-7636-49b1-890d-ab8409d54d97,33c146bf-791e-4044-900d-85b0e4b45885,price_correction,61,North bring table.,2025-05-09T21:11:00
ee52d25b-7186-4f8c-9d45-ba7f4d3bee78,a894b4a8-2efb-4eac-b1e0-fab2d4acbcdb,price_correction,41,Trip if performance off.,2025-07-14T23:41:00
3a29a5ee-1b12-41d3-b7a1-9e4b1f7f7783,56996f1b-1d21-4b7b-ae55-03a49f000208,price_correction,-65,Performance stay word last benefit.,2025-06-17T18:57:00
82f8c53f-c43d-4852-b9fe-47d791e73d76,5cd25834-5937-4042-af70-05b6cceac522,goodwill_credit,-178,Behind week find traditional stock likely early wish.,2025-07-07T04:33:00
c69c6c56-4448-464e-a563-c8f06102c742,9471d94e-6318-4981-b799-bca9a9c75a38,goodwill_credit,-76,Ask author himself but sign produce.,2025-02-09T13:33:00
c2f9a634-7af2-4bdb-851d-68f83c4bf658,6fd82019-977d-4151-9a8d-e68b68ac4904,discount,-119,Structure student thing million claim attorney.,2024-10-12T20:57:00
35e9ca87-c487-4d03-a8d6-02fe4544db02,0225c49b-67bf-4624-9c0b-6efd7e8d6402,discount,-315,Current specific sound campaign.,2025-02-13T18:32:00
2b620d75-c500-4bca-8b35-3bfc080530c8,f7912b53-1c4f-485a-8aec-a62f3a45508f,discount,-121,Just hotel control wind.,2025-05-28T07:44:00
455d9849-e64f-4480-8a0f-a84af7c64b7e,bd6a391f-b618-4e80-a820-dd100635a781,goodwill_credit,-62,Form table camera none then forward interest.,2025-05-05T01:32:00
85024a87-a991-483a-8756-451068b48ac2,b57118f9-13bf-4992-aac1-4d30cab25613,discount,-112,Star moment national else.,2025-08-15T12:18:00
37b5fa27-c3cf-4e44-b086-5c3435ba4920,dc97463a-1e11-4426-a2f7-635c959e9bae,tax_correction,-25,A say fine hand base international.,2025-08-12T13:22:00
0cae8233-f703-4578-8b7d-d2931c4318be,5f9e7cf0-778e-4484-89c6-83003703e5e0,goodwill_credit,-761,Never within decide morning stock person two.,2025-07-14T07:33:00
cbd16e7c-3af6-476c-bf99-e31395a83ce6,3b9b9716-c607-436d-ad19-882da7cd1768,tax_correction,171,Reduce company data hour lot crime her.,2025-06-16T13:45:00
dd598651-e2c5-4611-9069-6b88fe643e05,24f529b5-7a4a-4337-94a3-06ac8de82268,tax_correction,-78,International wide good within.,2025-08-02T04:27:00
fd73d5c4-fd1c-4c0b-b15e-0cad94275e58,1b00014a-fceb-48dc-9edd-179a1d3f04c0,tax_correction,-50,Open me big perhaps.,2025-07-05T03:59:00
e1a0ccc3-c4dd-40af-a075-5c12716ce284,8c5e1177-6116-4084-942e-2b9fbbd325ff,goodwill_credit,-168,Page husband truth hospital short other.,2025-01-11T02:33:00
08279693-7831-411a-b194-e0b66a2abe6f,daa67ba0-2716-4197-84dc-0089a0c3de70,goodwill_credit,-87,Improve risk find kid early whether.,2024-12-27T09:46:00
29fb9c60-77a2-483e-80f2-4171c41c562d,34c2d2a7-6016-438d-bef0-ccf173cc0e7e,discount,-158,Green because pay actually than baby security.,2025-04-05T18:00:00
4980806b-48f9-44c9-baf0-7e592253bf05,8448dc0c-3cca-464f-9e28-a6838432a00b,tax_correction,-32,Move north join tonight instead.,2025-05-06T08:33:00
2d22661f-c949-47a6-a183-fb28895f4353,0aa155da-71d0-48eb-be51-62d905497d83,discount,-76,Arrive minute black charge understand vote alone we.,2024-11-16T07:59:00
8cdf471a-26d8-42a0-ac3c-e7d28ab5a398,4afb17c5-2ecb-4471-8673-dc6892d6c57a,discount,-503,Clear attorney degree reduce main.,2025-07-16T10:18:00
66474035-2443-41eb-b429-73181650ce92,04bb5ffe-a331-4cf0-9248-b8a237c3fb63,discount,-194,Difficult few success one left.,2025-04-22T00:50:00
f916a642-3a30-4625-b861-5adfc61a5e6b,312f341e-b86f-4788-975f-355b328ee768,discount,-110,Travel some unit product off western travel.,2025-03-24T03:06:00
f9fdc092-3ae1-45d5-bbb6-e767cf65addc,ebdb73f6-bc07-42d0-a595-38304287f4db,tax_correction,197,Green weight free whom.,2025-06-18T15:08:00
66137b32-2dca-4152-891a-fe92a0187276,f5ca5042-3ced-4de9-8f74-4f61e414c1b0,discount,-562,Him policy soon rest game.,2025-04-06T15:59:00
f1fb476e-fd70-49ba-b7e2-e4543bf88f0b,91fb332c-4bf6-4539-9962-7ed9f63f811d,price_correction,-198,Present serve whole above.,2024-11-02T19:28:00
34e896d4-25a8-4554-8b18-0e92c62a80ca,0a3d7f9f-8bcb-41d2-8a0f-f5860f87e338,discount,-66,Final wide plan report.,2025-09-02T08:38:00
1413f454-6d70-4395-b527-1c63c6918cd7,90450f79-adff-4867-ba21-bd8175c67f88,goodwill_credit,-205,Ok instead economy current wife pretty art.,2025-08-13T21:40:00
3b5f4413-cc2d-4b49-8f9f-4524546a24e3,274a7b7f-f0c6-4b69-a50d-5f4be71da145,price_correction,-184,Discover tree several do.,2024-12-22T00:17:00
d6fac057-767e-4a5c-bb63-bd38a84b768c,a4ba04aa-1a2f-4fc4-91d2-9715d70aac13,discount,-100,Company force glass what draw save black necessary.,2025-04-21T18:31:00
491e5b9d-8e71-44f9-9c89-2105ca7fef95,4cd7791c-3402-4fe0-8182-edd161af93ab,discount,-128,Lose ability accept tell top police whole major.,2025-08-16T06:44:00
3c8ac777-692a-4977-8a2c-576074021978,de0d1526-292a-442f-8929-41108b6db426,price_correction,-178,Modern behavior civil pretty interesting inside ball.,2025-04-29T16:01:00
bc9ddc7b-24e2-419f-89b1-ff6a0b25a394,fa8afe04-3f68-457c-af5a-fd21719b9304,price_correction,-140,Among program result edge second book.,2025-02-24T12:51:00
9b62b244-754e-419d-a0c0-688578456fb0,b7040544-30ed-4ff3-9626-0cf74ae57041,goodwill_credit,-53,North good actually nothing.,2025-04-19T05:27:00
d91b8cf5-7fb7-4b98-9472-81c9e67ecb89,5eb5e57c-54fd-4810-8482-e278d46460c5,tax_correction,181,Single cover suffer hope throw.,2025-05-27T03:58:00
03242a67-08bc-4ed8-ba26-e88e9b10e840,7cbd214f-766e-42d5-8c3e-a750893240c4,goodwill_credit,-317,Later to base record.,2025-03-19T01:50:00
8fffea43-79ed-414a-b93a-6699ff38613a,4f685e26-b0cb-4aae-aaca-3b7004058bcb,tax_correction,-80,Study be suggest forward difference quickly.,2025-06-02T20:33:00
035cde4c-9cfc-40bd-8dc4-1dbc12901678,4fdac7fc-4ae5-49cf-9722-5b1d3bf95bd2,discount,-1450,About sense thousand these other nature a.,2025-03-25T15:35:00
823a3818-97bb-437f-b155-c716cc3121fa,1a276ccb-d062-441d-8971-dbaac783975b,tax_correction,-84,Experience price way.,2025-07-23T21:52:00
321b743d-16b6-4b8b-9dbe-da62acfe3a83,cf66841a-d307-4673-bab7-f90f761e0ad0,discount,-156,Somebody throw discuss wonder interesting likely star each.,2025-07-07T17:44:00
f5a80b08-234a-490d-b0e4-0d70ed1ab9ae,076a8c66-6e10-4f41-9c93-dffb036c91f3,tax_correction,-45,Total require glass.,2024-11-28T09:32:00
b02ca688-f4c9-4732-a397-e1c8536d3394,2ad3ba9f-c849-437b-a91e-ff6823bea62d,discount,-119,Trade town each current follow affect public have.,2025-07-08T22:42:00
f3cd773d-1ac8-49b4-934c-e4313baf0e6d,65d8e450-a2e0-4290-a50c-7fe67c7a652b,tax_correction,-66,Realize plan son draw manager born.,2024-11-23T13:45:00
e7fd9a64-dbc2-4ab2-b2f7-0eabd814a784,a3437d4b-e4ea-4c55-bc9a-b08b9646cf6f,discount,-125,Main believe role really husband young.,2025-08-29T01:23:00
cea1fb93-5559-40c8-a8c7-1d87354bd68a,0a1271b1-97a6-4a27-acb2-bb673951bb3b,price_correction,-39,First party economy open meet.,2024-10-26T19:13:00
9011f02e-5828-4059-b6ab-c20b03388373,92ea1f16-75e4-48a5-ba88-cdeea9323012,discount,-51,Risk place front rich floor.,2025-06-13T05:44:00
33957a3e-8f2d-463a-9f98-bcfec6852d09,f74590f5-1d5d-40ba-a6b3-0cbb28049070,tax_correction,-166,This special return herself behind could.,2025-07-11T19:31:00
12f7c753-0f1a-4658-9998-530a12ad1a60,3355dd65-35b6-4da9-92ee-9ab4b2520058,goodwill_credit,-52,Pressure even street material past day.,2025-08-12T07:19:00
436060f0-a385-4a6a-aaed-7dd4f0be9e3c,a60c44c5-fadf-429f-b070-2e882db97b60,goodwill_credit,-61,Also season summer describe.,2025-06-03T16:59:00
0c9c04a9-4c7b-4de1-b341-58a13034b2fe,2b35ec43-8152-494d-8b10-31d7234713e1,price_correction,-160,Decide number if spring score.,2025-04-27T05:59:00
da182954-02a3-4024-9823-0e0cd24a6a4c,a3e112fd-1298-4427-a271-1136d4010f16,discount,-54,Mention expect letter on figure discover yet.,2025-05-22T20:43:00
2effeb3d-b2fd-432e-84fa-bf4c5b76560d,335ec8ad-ae45-4cb0-be2f-7dead389b662,price_correction,90,Attack since range such speech.,2025-07-19T08:28:00
cd4ba985-31fc-401b-8797-ee187948667f,7f36c35e-a8c7-415b-875c-589129e5850e,discount,-190,State young early star a project company yard.,2025-03-03T07:52:00
ba44af6f-5cf5-463b-945b-16995c8cd5de,9129c047-cd8a-4115-9bae-0ba7dc7c8c9c,tax_correction,124,Agreement help sometimes option can religious success.,2025-06-15T03:41:00
1374d19a-fb7b-49c2-8c13-c6324ba250f3,8d6cc486-08b5-4eec-97da-e81e20904112,goodwill_credit,-149,Learn hope explain image.,2025-04-16T06:56:00
6d69a37e-76ce-4670-9a13-e0774b88ec1a,8e2042e1-4967-4fef-865f-91c89e3a28bd,discount,-66,Every me chance as organization.,2025-04-04T02:27:00
7876df9a-0fc0-409c-ae6b-85b0a987c0e9,920a9b19-12ba-43a2-a4d9-9489113e2a87,goodwill_credit,-74,Good case increase item people.,2025-07-03T18:37:00
8b5b74c4-bfc0-4a03-ad59-5af233030479,adc6bec5-0ba1-42d6-ba0d-115ce63f4b48,goodwill_credit,-170,Trouble something turn on then only better.,2025-08-07T23:31:00
6d56b68a-f56e-4776-80b1-51556af3d3ca,8ffcd408-7a90-426e-a7b2-b1a8dfe6df38,goodwill_credit,-848,Really road bank let fill long.,2025-08-14T04:02:00
de90977e-8517-4c24-b312-a0a6fc17eab5,cff48b0b-f744-45c3-a09d-fd765f7ba04d,tax_correction,-41,Unit cut security behind age dream company.,2025-02-17T12:38:00
f2bb474f-b276-425e-ba3a-48880de02c51,1ef21843-7f48-4f0e-87c0-23aa520d59f6,discount,-55,Turn too operation force every detail example language.,2025-06-17T15:18:00
e26a999b-eb23-4a34-b43e-0083a5a4de8c,f9ed70db-5275-4bb0-b686-a7e7847b8763,goodwill_credit,-109,Appear leave how past.,2025-05-14T22:15:00
3ed9e397-69b2-463c-967e-f0df23f4661e,c6a9781d-cf54-4195-8bd0-ee38e1035ca1,tax_correction,-16,Improve risk mother term.,2025-06-20T19:19:00
5d3ca681-9c82-459e-b76d-b71aeeeb46a2,17045345-68e8-4d67-9a24-17bf17785d92,discount,-947,Grow sister director control.,2025-05-20T21:35:00
cf60fc3b-e58a-4aaf-bb28-a614839e9e69,fdb91fc1-c9c7-446d-b8f9-7440513c4c5e,tax_correction,-19,Success itself guy yourself with.,2024-09-02T23:00:00
aa276fb7-3bb6-4e64-811a-c092d30f2a9f,f7e3f7fa-fdf6-42c1-bc92-fe9902ab8e1e,price_correction,65,Between never suggest outside investment college realize.,2025-04-13T19:36:00
fe535693-3f6c-4e4c-bd56-c85f69913a39,aba855cc-bf9f-4b91-a3e9-393b5b1b5c7b,price_correction,-53,Realize industry country fear suddenly.,2025-07-07T00:12:00
1a82a056-f87e-4ea3-a3a5-de216953f88e,a2b6ef69-1fe5-4878-870b-39c564c030f5,price_correction,-138,Black much professional kitchen property remember.,2025-01-24T19:26:00
99d8079c-28fa-4bdc-a853-cd0fbf31fe14,a7156f16-18be-4d12-825a-dc4367f02db8,goodwill_credit,-187,Individual town think trial exactly.,2025-04-20T21:36:00
b8a2a68a-b7d6-4896-a5be-6b654db37616,0c9d1e64-dbd3-4152-883e-b41bcfc2b6fe,discount,-151,Expert must plan.,2025-05-30T10:15:00
727dd92c-5ea1-4200-8715-86302fdabcc4,aa5e9032-4389-48b7-b833-d99a261499f6,tax_correction,-158,Positive politics wear certainly floor move.,2025-07-05T17:23:00
b55cbb28-956b-4506-815e-f4dcc4acc832,1f35d719-2f11-49e9-b9bd-fbd69c3fd969,tax_correction,159,This wonder stock far fund.,2025-05-22T15:59:00
72f9dab1-b9b6-44a2-9a45-888eac107abb,a8a83529-5876-47aa-bc72-8c808b74bb50,discount,-117,Soldier Republican idea general population gas until.,2025-03-29T12:53:00
3c144ff5-2fb9-459c-bbf5-77928342d6cf,82768a64-bb79-40f4-bfbc-56a92ed5ca08,tax_correction,-172,Year sing large.,2025-07-26T11:44:00
91e38959-12a9-4cbf-8e20-a35da33f3c17,79e0957e-8de1-44f5-8844-08ff4b97ead6,goodwill_credit,-465,Bed relate science style government its.,2025-06-22T12:27:00
8ac39164-ed1d-415a-8021-e2ac737462d0,4687e367-b31d-4b54-b6b8-c8020de4ad39,price_correction,-13,Budget perhaps item box behind half carry.,2025-07-15T05:02:00
d67f433e-eb9b-4ced-9ca6-044bf7b54efb,202e60cf-7420-4e9c-912c-7da3c66a63e6,discount,-87,Report get thus deep almost leader.,2025-07-06T18:14:00
334e158a-1664-4bc1-ae58-6c0776413c3b,fc2be90c-5c22-4b3d-8039-4fd82584cd93,price_correction,141,Way begin threat.,2025-04-11T13:45:00
cc718657-7cd6-47cd-9ded-9d0223e952c1,072d7daf-007a-42d9-9a1e-09e34d196903,goodwill_credit,-63,The room many fear he sell.,2025-05-03T00:39:00
4ad0fac3-e62d-40d8-92c7-19f18fbba090,475973ec-f00e-4a54-b3de-ee076c285c28,goodwill_credit,-239,Bill keep worker language allow job few as.,2024-12-20T11:05:00
a873dd43-5cc2-4426-9ef3-9824e7f24434,d6ba9f7d-02c4-4f99-8d6d-0d56fe1af583,discount,-72,Expert sell bar safe activity.,2024-10-05T18:18:00
2f4a10f6-d916-497b-953a-ea89c4ab6c8e,362766df-5d5f-464d-8885-9f4980a839c6,price_correction,39,Identify read article nation cold training every.,2025-06-01T17:21:00
baa64991-e79e-4b39-abfa-970bf68c1770,14184ed2-2894-49ff-9d44-8d6ddde97ef0,discount,-132,Bank rule often force yard hand.,2025-04-07T18:35:00
a1dc1281-d41d-4082-9b4e-945f7949a8ec,47ac2275-fb5b-49ab-a44a-7a0ae05284fe,discount,-207,Hit somebody unit.,2025-03-03T02:11:00
3a764a70-830f-475e-958e-bcd54d278880,bc84f191-b8ab-4b21-813a-6c0a9ffb72b9,tax_correction,-158,Evening work later situation case laugh friend sign.,2025-04-08T11:12:00
3291b94e-5ff0-40e6-a078-e43aab53b276,93a0169b-6176-4c1a-ac69-b6199fd32ada,goodwill_credit,-111,Evidence season prevent traditional would.,2025-05-26T03:04:00
9f3cc47a-73e1-40dc-b62e-42b5ef30251a,beb503bf-f3dc-4778-a3ad-416f850e5faf,price_correction,28,Drive method drug.,2025-01-26T12:04:00
956c2f66-9997-4c01-9fd5-a6461cab1696,169f2869-cf78-4c0c-b15f-5f3f4e84ebf5,tax_correction,-156,Democrat central the enter generation bed fill.,2024-12-25T01:26:00
61ef75a6-0ef3-4d51-bf8a-cbe6241110bb,0c0425d5-8967-433f-a21f-0177530edc99,tax_correction,-137,Free than media mean.,2025-06-04T14:29:00
338ea1ea-554f-42f2-a5bd-924f8beb4925,c4e3fa0d-b5df-4470-b042-affe03f8a68a,price_correction,87,Investment with magazine hot power your just.,2025-06-11T06:25:00
f26cee54-7713-4216-8097-05b80c8fcebe,c5793d65-c373-48ce-8efc-d4bb1b3a1ca4,goodwill_credit,-418,Forward building technology score few.,2025-01-05T22:11:00
0d000c2e-d3f6-419f-8fb1-bad2f51fb998,e32731dd-342e-47d2-badd-19e052dba9db,price_correction,110,Lead fire Democrat special marriage everyone.,2024-12-17T20:31:00
c106f27f-e7d6-4360-9efc-d013ae255995,70374993-52f8-4d76-8bf6-4c7721d8d757,discount,-163,Edge away through each material detail.,2025-08-12T03:00:00
4e2c9363-e6bc-4f75-adad-a54d6c40b722,4d0262d8-9a34-4029-b4be-c078eda4cb6b,price_correction,-91,Structure senior past goal sea local.,2025-02-03T13:22:00
9386b516-400a-47e7-97fd-a3faa5b49756,8c4ef572-2d9a-4453-b386-bcc12d478cb9,price_correction,-191,Interest agent drive.,2024-09-12T21:01:00
cbe76ebf-907e-49f2-83c3-60177a423ae9,3f803caa-39fd-49c7-984a-368525118a8d,price_correction,-120,Peace seven design thank difficult sell building.,2025-05-10T01:12:00
db72904d-de4d-445d-8eed-766aba8480a6,85596184-8e52-474f-97a2-cd02f0c1eee1,discount,-336,Only which ready why himself.,2025-07-02T01:21:00
5cbb1b6f-be44-4c51-8fdf-d52e07cc615d,69ebdbab-b41b-4931-a906-e3ed116d45f0,price_correction,-148,Central article information general hit.,2025-06-30T07:25:00
a108fde2-2483-49f8-a82e-45d9db8fe19a,4cdb7983-2833-47bf-a06c-6bed16d0907e,discount,-141,Natural very maybe me knowledge.,2025-07-05T09:34:00
e1bf03e5-1a00-49c7-a674-11c896477641,182b6a9a-4188-474b-9bdb-4de48ab72b3b,discount,-558,Hour many next thus man news chance someone.,2025-03-01T18:16:00
ae63e3d9-4f70-4037-bb4c-cb9873e9bf27,57f9be54-0ee5-4324-8c38-3c87b5a1b1af,goodwill_credit,-294,Style catch both human talk.,2025-05-20T10:36:00
16bfde1a-e6e9-4626-8616-941df6c19c00,9d4975e7-a912-4da7-be43-ee4685c58b07,tax_correction,72,Plan future body dog by.,2025-01-31T00:30:00
559de1ed-17e5-42f9-b54d-872b9d93f395,f9c20f05-2ec7-4712-9260-cafd1836aa7e,goodwill_credit,-61,Again edge see picture system miss.,2025-03-30T17:47:00
9b9e0871-b041-40dd-9258-571d21f31325,e76523a1-13fc-4c11-8c98-25debc167b85,price_correction,114,Tough throw group civil culture nation.,2025-08-20T14:01:00
7feb57c0-4d59-4a1b-8c5d-1c01c0a75fd9,8806a6ec-5b41-4547-aefb-4a948351301a,tax_correction,185,Range number dog.,2025-01-31T05:53:00
147140c5-5e77-4ff6-9a59-b3028d27077b,2b854e77-d40e-403c-8c71-8b773782306a,goodwill_credit,-133,Explain its fish list personal around collection blood.,2025-07-28T08:04:00
8437556b-9706-4495-8b23-c2914140a855,d1388262-1ea8-4ff4-8a00-01559ea115d1,discount,-108,Practice store her rest resource offer.,2025-03-05T11:17:00
0c519186-297b-431e-96a8-39d56f133241,c69244aa-6b6d-48b7-a986-960c4ddff76a,goodwill_credit,-402,Fire purpose rock number PM first prove break.,2025-06-16T16:48:00
c082c4d8-518a-4f13-b591-31157c3ca6a1,d2a1b32d-94a9-4b78-965e-d0f391d1278a,goodwill_credit,-60,Exist part very sing.,2025-05-24T23:42:00
9e6f81b4-0ce9-4301-97df-6537b02464da,1739e689-3533-4461-8080-23a69f4931ac,price_correction,98,Beautiful within end travel system face series.,2025-07-19T00:16:00
c9d08ee5-e7a9-426d-9704-9eff85490d54,82d0a2bc-c7de-4285-b690-1ebd2a75f921,discount,-116,Better return image move determine.,2025-03-09T10:43:00
6cfa24de-0712-45fd-854e-5a5a2cc2cacc,1c51a0af-1c72-49f6-b712-29616621e75d,price_correction,-36,Term what together level fire apply choose property.,2025-07-07T00:32:00
23aa7546-f926-4342-bd5e-93dc6fd926ed,3b29ee24-4770-4d21-acb6-f63a2eacca18,goodwill_credit,-217,Affect eight indicate.,2025-06-07T21:48:00
3985ad33-4c14-45ec-89e1-1b25335750a9,3a0ecf9b-a2c1-4069-b35b-645e002e8a84,tax_correction,71,View concern approach only.,2025-08-25T13:55:00
32ad5d7f-7444-4e63-bd0d-9b4403d98d12,1c484acd-7970-47f5-a3a0-e4992c3700cc,tax_correction,-16,Structure remember away behavior include character.,2025-07-26T04:40:00
4842bfbe-7001-4fcc-b5d9-54d81280622a,0409140b-41d9-4f47-9326-1dcc4e4f6693,tax_correction,193,Actually food skin worker answer approach building.,2024-10-09T13:09:00
b74c9e83-cc50-4773-83a6-357d9759c3a0,6e1d8cad-7a98-49f5-b92b-bfb42c649dc1,price_correction,-88,Purpose worry news coach either industry.,2025-05-16T09:30:00
648bfbc2-a473-4937-b83b-d2452de7fdee,a2339830-c90d-4917-b13d-b7de80321475,price_correction,50,Two decision onto more word bag simple.,2025-04-29T10:54:00
2c9ede05-8ca5-4217-8a56-c609ba2dbcae,04782fd0-39c4-47e5-a485-b4e256b0b109,discount,-361,White middle new current trade production.,2025-05-18T03:22:00
6e581f3d-7496-495d-ab3f-e8c9dffa1b9c,6d9e5553-7ba9-4655-8f26-6ecca7d5ebca,goodwill_credit,-175,Board few human like arm.,2025-07-28T21:45:00
b1ae8e64-cb28-48e5-88b1-3af6373471a1,72220ffe-1ee4-485b-89a5-69099b3a14ff,price_correction,89,Education person population several.,2025-02-18T12:39:00
b3bb3cb4-0602-49f4-9245-4f8e91518564,ce5abb30-33b5-4b3f-aa96-7f86e6d6f4e5,goodwill_credit,-274,Western writer dinner film security its reason happen.,2024-09-06T22:53:00
6770726c-3cdd-4f7c-b912-0a0fe8fb8663,d669ed8a-a2d2-4780-a167-4d83e3e47b2f,price_correction,-194,Character continue similar federal cultural win.,2025-05-31T15:25:00
b8d27887-c356-4132-9422-cf1dbbdd2738,3e66d6a8-d1f8-42ac-a7ec-33e0b1c860a2,tax_correction,-190,Grow economic save trouble.,2025-08-25T07:06:00
09ee8439-d55f-497b-ba52-14aa34126350,ed475cc4-0c8d-457e-96fd-89f4a6f4f9b4,tax_correction,122,On price available.,2025-01-11T06:08:00
37f334d0-1560-47a4-8563-6cf347651d90,26283163-a220-44c3-b712-22fe8645680d,tax_correction,55,Total foot approach.,2025-05-02T22:05:00
74355f7e-31f1-4ea8-8b16-9abec8663784,c88ea2a9-085e-4df2-ac43-182ed47cde19,tax_correction,-158,Relate control by mouth talk lot.,2025-04-27T17:46:00
bd94234a-e300-4ab3-a801-f2032defe4dc,0e8cef35-b6f1-42e2-876d-51bc44ef1324,price_correction,18,Day ready perhaps building campaign inside piece to.,2025-07-22T12:31:00
53c6d939-7566-4904-92ee-4e1e48668413,e0eba7f7-6b1e-4452-9dd1-8209f83b6937,discount,-112,Near safe professor both among worker business after.,2025-01-08T04:25:00
ce2e35bd-38e0-4075-9575-63eca95ca64e,a46084b3-5ad2-4936-9a60-7bfeb3b23316,tax_correction,46,Mission glass floor himself.,2025-04-07T12:31:00
bc9495e8-43d9-4bf7-b710-8dbeca29cab1,984ae42d-6b01-4c8d-bc70-e3d95086247c,discount,-154,Way matter us address very every population.,2025-05-19T05:51:00
130f9996-c167-4d28-9170-16e69970efdc,62db31a4-e762-48bc-ac96-9e41c93939c5,goodwill_credit,-185,Rise husband travel reflect indeed.,2024-11-10T12:07:00
008708ee-9fef-401b-998a-d725f97d9ba7,b3c2f803-072d-41a2-b7d2-414cedb70fa0,price_correction,197,Piece employee record add card hospital task.,2025-02-20T05:43:00
d7c309d3-222e-47c6-94de-a6d53660fd05,3fc3e666-59aa-4a4a-a824-9854505b2c75,discount,-119,Season public industry.,2024-11-05T18:48:00
290ca461-f699-4d30-ab3b-8f3d1ec1e3b3,d8dfa5b9-ef9d-473c-9a12-6db718e2adf0,price_correction,117,Second station fund put reflect pass.,2025-07-26T07:14:00
728bcce3-7eda-4bb4-b671-f12f4aa54cf7,45c27622-3f11-42a6-9529-61cd323d3c40,goodwill_credit,-130,Situation who read officer medical carry least.,2025-03-25T04:16:00
bfb17d89-c449-4afb-ae9f-36f37e4236b5,0e159050-8cea-49cb-849b-96b7bef592cf,discount,-110,Hope feel human practice.,2025-08-18T11:49:00
b586650b-27ef-41a3-a01b-d7d438d43e54,1f73ea4a-8e6f-4238-9b8b-782e975e442a,discount,-131,Something candidate score out rise figure determine.,2025-05-12T22:02:00
719c58cd-196e-4dd2-97fe-e352e277c2d7,2096f6a6-dbb3-4766-b53b-2b0b03a6cb8c,discount,-199,One guy American make.,2025-08-23T21:05:00
2adf61fa-f15c-42d4-bad4-025794330d09,90203d82-e8ec-4842-80e9-42fb7784dcb3,discount,-86,Fall appear old or song.,2025-02-06T08:16:00
8d6becba-4e31-4225-8d53-afde911985de,4073452d-3dca-45b6-adee-16b676cc9e90,tax_correction,79,Raise stop about behavior page smile station.,2025-08-04T07:26:00
77a14081-35ff-4a59-a53b-20af229d135d,6bc7ec47-352d-45c4-9b7e-26834a57e02e,tax_correction,156,Party prove north meeting face study knowledge.,2025-07-21T19:06:00
6df7c221-aef4-4b5b-bc56-df95c77a9c5e,5f1445f6-d826-4ee3-8931-560d58919a6a,price_correction,-74,Tv keep administration send goal up forward.,2024-09-02T12:07:00
32f41353-c100-4f9c-9014-9315d994d925,d716bb64-d147-455c-a87e-a082151da5ed,tax_correction,-153,Art young wait eat thank charge whose.,2025-01-31T12:35:00
9f51f6d8-99c3-47c1-9656-ca22b5244e73,02fa8311-1bda-44a4-bd8b-c88122c497c6,goodwill_credit,-494,Girl tend season clearly cost end.,2025-01-24T14:15:00
07b72f4c-39ea-43cb-a921-7344b6121653,4a312bbb-1528-4f28-b853-3482cceefa66,price_correction,184,Rise plan at property while.,2025-07-22T20:42:00
3ea9999d-b0a9-45d8-9c7f-55584466a9ad,5e2251df-f240-4915-b1e7-3f8890ab8fe3,price_correction,-45,Buy strong consumer eat thought wife.,2025-08-06T23:16:00
88642796-1e88-4c73-b2fb-4270091d98ec,f93c8df5-2c8e-45a4-9472-780b6a246765,discount,-139,Listen tough nearly much.,2025-06-25T21:17:00
f0bbcfc5-b425-494c-9110-6a4abec5de28,fd1fb1cf-964d-4768-8114-0abfe3662703,goodwill_credit,-122,Positive toward throughout month choose discover near apply.,2025-02-09T21:40:00
69984f67-1259-4c47-b303-f5c3ce9f3ea6,0c53ed15-f665-46fe-b990-e0bdd4257f3a,goodwill_credit,-65,Candidate get behavior let audience different stop.,2025-04-02T17:19:00
cb57beea-eaa7-44a3-874b-d282e6601153,f7c2b742-fca6-4caf-9de8-3dccebe0e6cf,discount,-495,Media provide appear clear politics easy.,2025-07-29T00:42:00
dd7737a0-1cdd-42e9-951e-51503453e0a7,a821d3be-106e-44d1-ac60-2fffe6231b13,tax_correction,83,Imagine key health thing trial too.,2025-07-02T22:18:00
94acc8d6-5ab5-413d-bffe-c6e6b8d371d6,7275ed68-3da9-408b-8226-47252ac9f2c5,price_correction,-15,Face situation anyone great bed another include future.,2025-05-13T16:44:00
b83af4a5-9e2d-4663-8a89-04620e3569e4,2fc09b65-0dfc-4e7b-95f6-809be1110a2e,tax_correction,80,Rich include all fill phone how impact.,2024-11-22T21:23:00
bf5b2997-17e7-4bf8-bf05-3880868eb08c,e5bd8510-2b3e-47e0-8459-c3c1301c51f6,tax_correction,66,Thing reduce answer morning.,2025-03-16T12:34:00
0b3dcbff-64ae-4691-b2be-9a5905bc506a,b2000bd7-8162-4df9-8813-b001137b9278,goodwill_credit,-292,Since whom say week south.,2025-07-09T07:49:00
08cf4535-9042-41d2-a297-eb58d41d7c06,693f595c-15a6-4950-945c-f5886d80e47d,goodwill_credit,-393,Manage bill radio year goal will book senior.,2025-06-18T15:45:00
440fc136-307f-4ec0-8a74-299f2ac6b77f,c1f0c57c-0aec-4a4e-9aef-918d47dd4617,price_correction,-19,Enough pull culture nor tax firm.,2025-05-14T13:15:00
ede991a8-065d-4b77-8eda-9c9ff737e059,4ceeb80b-3bb9-474f-b01f-3f68b344fd9e,tax_correction,-30,Ahead find rise start.,2025-06-15T09:37:00
d7f8983a-cb1d-4107-bb6a-5c0b92317328,7ea7e8d9-5af3-4615-a091-b58dbb5f1be6,goodwill_credit,-165,Spend best program.,2025-08-01T04:22:00
27bfd62d-7f6b-4082-b061-8d2aab4e0db1,003c22c7-341e-4ed1-8437-9052db8c4f61,tax_correction,149,Give site business level could social.,2025-04-26T18:48:00
b11ea6b7-944e-4510-ba7f-2a4a0992ec90,240d5515-8816-4d46-b8a9-ee67af172b12,tax_correction,107,Middle example wall yourself rise arm.,2025-04-22T21:10:00
ad01a70b-77ef-4d8b-a193-085d542e6935,0c5f0c51-ba47-4120-94de-dbba2028c560,price_correction,76,Admit factor total result morning.,2025-09-04T04:34:00
256026c2-4185-4ee1-8a94-d75c29fc8984,4d2a3b02-df99-483e-9534-596b49800db8,discount,-197,Well computer we former business system.,2025-02-18T12:42:00
fccc5dfb-c409-41da-9212-bee4a44f75e5,82b1a70b-8e1d-49c8-9239-ddf80627d44e,goodwill_credit,-130,Pretty defense involve work.,2025-04-12T00:43:00
0a34da36-02fd-4fbc-9dc6-607d07997403,d937b24c-abae-4a09-b256-237ccbb879de,price_correction,152,Responsibility court end same dinner have.,2025-04-02T11:05:00
76aa3383-7867-4a42-abce-eaa67b116b6d,56a42111-625f-40c8-a95e-3acbc90af2f1,goodwill_credit,-122,Throughout middle determine why mother difficult something.,2025-02-09T13:53:00
1f3882a7-92a3-4fe7-bf00-a5522a7c1d7c,18c9a095-908d-4f7e-bb7b-16b56a5b97ad,goodwill_credit,-182,Citizen professional traditional him deep.,2025-04-01T15:15:00
69677801-fdd4-40cb-8c90-8f1a466e334c,d336eb5d-7645-409b-abba-379d097a19d3,discount,-127,Government charge put beautiful adult.,2025-03-31T14:11:00
d080871a-854b-4bf0-965c-fa26ed248c10,b7c7faae-1a2a-43ca-90c3-92df3111e15f,discount,-78,Meet fear structure still.,2025-08-05T15:05:00
935b5785-f5f0-43e2-b2f6-2ed245063ac0,d421628a-55f4-4cac-aebf-37c6405e1393,tax_correction,-142,Somebody might federal short new.,2025-06-18T00:35:00
23c2b80e-3b36-4746-8ac7-0fa316cf0b8c,1da540e9-3191-4cc9-873b-ac89046f7bf0,goodwill_credit,-132,Thought movement these star show.,2025-08-02T13:40:00
775c392b-1a6d-459c-9cfb-58a69e5acbcf,5593a6cb-b7a8-4646-883e-93a91f86cc64,price_correction,121,Think bar natural military former degree.,2024-10-28T23:09:00
9de9fa5e-daae-40e5-8a29-2ae63177c06c,e320ea9c-fd15-470a-a2d4-51211652e26c,discount,-51,Agreement economic best decade put yourself.,2025-09-02T23:57:00
06a13d78-a086-4fa8-a8ad-0a8ad91a8ea5,a465e486-fdcd-45b2-9ebb-3e310a6211c3,goodwill_credit,-445,Expert full make consumer much low but.,2024-11-25T23:38:00
345eb9bb-c040-406f-a539-dfe57a2fae6c,efe85133-29ad-434c-bc54-be9fdcb521be,price_correction,53,Election same own force.,2025-08-19T00:43:00
82d0995a-3405-4348-81e0-509ffb43eb30,98f96716-9ae6-493d-b384-b0e1888d2d56,tax_correction,142,Collection cause thus run.,2025-05-13T12:59:00
eaedf9a6-72ba-4057-ac48-5be099d6fa0d,e76f84fe-2fc0-4449-9753-a55741eed716,discount,-195,Main contain begin Mrs look around.,2025-05-21T19:58:00
38fd54f1-5c8a-41c0-9d36-18851796d0ca,0a8b8c48-a202-4837-a305-b6c980b44cb1,tax_correction,105,Truth officer stay realize.,2025-06-06T22:24:00
bc601171-2c3a-402c-8035-af81bc809039,11956df1-91b2-4d2d-a6f7-99b4e5e4925e,goodwill_credit,-355,Big first provide whose main many every operation.,2024-12-29T21:04:00
a2a82ba2-fc89-44f2-a3c7-4a36910ccc7d,6f303eae-b117-47f2-9cc8-5414e3143ed5,price_correction,-102,Pass worry I adult really.,2025-05-20T12:59:00
02a2b114-38d7-4fe0-929a-93c45a8e2328,825a567a-f0ea-4167-b95b-aa0af27637ca,discount,-103,Travel coach energy.,2024-09-24T11:39:00
cbf38550-942d-4f98-8a1b-1b6fd2b3fe8b,3089a811-8034-4c60-b9ce-a9ef7b0a7090,goodwill_credit,-108,Society western probably base consumer whom.,2025-05-28T23:15:00
7d1626f3-38d1-4f9d-b319-decf73e1f05e,99817a75-f633-4b47-b7d2-8e60e60e017b,discount,-93,Much main interest.,2025-05-08T05:24:00
f6b3fba6-7b77-44ca-b20f-aea7c6e6211a,a53ea609-19ca-49b5-914a-68409931ab23,price_correction,171,Conference because structure explain choice mind.,2024-09-03T12:45:00
3f57acb9-fc11-4181-aeb7-348fd4abcb29,f7b5566a-2b45-4d2b-8ef8-687673105d39,tax_correction,23,Government entire itself.,2025-08-22T02:28:00
1b8761e0-04bf-4dd0-8cf1-4aef10876d67,b0b2a78f-4f88-4c19-a5d3-c88ee6c0d050,goodwill_credit,-131,Study sometimes similar me course fund need.,2025-07-14T16:45:00
9ce4e646-f808-4907-80e0-45811406b1f9,af3eee91-fd95-46db-854f-19ee6d1962a2,tax_correction,184,Lot state conference discover can outside.,2025-06-18T03:17:00
6b3a5b68-7cf2-4845-b105-95fea16173e6,7ce2b3de-e59d-4464-89e3-a0f8e9df44e6,discount,-97,Hand newspaper marriage how.,2025-06-11T12:38:00
25883ed2-ec9c-49d1-8bb2-3b358cfa22ed,59491183-1fed-4876-93c0-b0b588506c25,tax_correction,-79,Those special meet play Congress.,2025-03-18T14:04:00
e22be747-bcd5-4f50-89ee-c99bb87af043,b5294d76-fa08-4871-86e9-09caac346ed9,goodwill_credit,-182,While along project week.,2025-05-15T10:48:00
343a10b7-2193-47e8-b5e0-943438ccc69a,48ba3f8e-b5b7-45e5-b519-faafd9b1138d,discount,-88,Official police decade energy address.,2025-04-11T18:11:00
cd416ba0-7f71-4283-93fb-bcfbbfd6c439,e710f37a-93df-404a-8a96-e4f24c2fbfaf,tax_correction,-175,Also bag painting hour face cell.,2025-07-05T18:27:00
44f2bb53-d004-4a49-8351-483f221c2ca7,dcd2e3b6-1984-4c54-af09-c765a05d6088,price_correction,55,Standard child clear.,2025-03-01T21:25:00
85942048-84cb-49a4-bff9-271f0c44523f,8cdddcd7-1a29-42ac-abfd-6fa083f4aaba,price_correction,-88,Them religious nice next yes.,2025-01-22T03:09:00
1c1dfb2b-85c4-49e8-8433-a6c174c920c9,f56b299d-f189-4c95-b14b-4730576f38c9,price_correction,-119,Remember low part indicate camera success official.,2024-09-13T10:40:00
332868d5-648a-40c7-808d-9e7e59108dd5,fc0357a2-7351-4cf1-8fe3-f4272b589e8b,goodwill_credit,-160,Room develop impact rise upon.,2025-06-17T22:05:00
5252dc1e-ee8f-416e-bf2e-b060d40ce31b,b7e2cded-aa39-4339-923b-9e40dce199dd,goodwill_credit,-149,Bill various age cold election.,2025-07-27T12:19:00
df6ad32a-6312-4676-8a0f-187a1cfa5d71,2911b86a-0663-475f-82c0-332d61770edc,goodwill_credit,-51,If draw kitchen address politics change.,2025-03-27T00:01:00
ad10c5fe-1c2c-4c6d-97ad-6ea88f7e1125,7f317eff-a758-493d-8408-541da7f5f95e,goodwill_credit,-406,Population similar present answer wrong accept.,2025-06-07T04:40:00
8e2f1326-5cdb-4d53-b468-8917734be2fd,8d4e6201-1bd9-4bda-a337-bc5e3fc2ae4f,goodwill_credit,-304,Support art protect society.,2025-06-02T22:18:00
3c75effb-7e03-4ccf-95a9-edabd08a408a,175a7e4c-8a5a-46ae-8db9-e0998a89b239,goodwill_credit,-976,Short save property care.,2025-03-31T07:39:00
b57811d2-791e-4753-b932-10b08c8ca861,acb775e6-360a-4984-b8e7-4e57963f69f6,discount,-78,Structure music political manager bag rise mean wrong.,2025-06-11T18:14:00
d6302948-5d52-499a-acc0-65db8c2b108e,064bb22b-7b11-405c-8faf-256ebe8e179f,discount,-198,Ask important smile second.,2025-08-04T03:25:00
d67fffba-c7e2-4289-980b-851dbc4eff42,f0f1ee9c-86e2-4d18-b7a1-4c20d2cdf7e7,goodwill_credit,-120,Political stand card wonder recognize.,2025-02-03T20:26:00
9cab5d77-22ec-43b6-8f4f-f1f74a90d8e7,94d23ea9-8dc6-481c-9652-492e995e512f,discount,-66,Place kid lawyer.,2024-11-28T19:19:00
062d7c5a-b2e1-4b46-97dc-830a8e160f0e,2b392b28-06ab-41fa-9737-f15ad8960d43,goodwill_credit,-217,Authority decide ever gun senior computer.,2024-12-05T19:33:00
2cfeadf1-e5b7-49a5-8315-9197decf08ba,c51fce0c-4c14-4efe-86a1-e77cea16570c,goodwill_credit,-1081,Many week edge lose.,2025-07-31T14:49:00
d06fdf8b-70ff-4e39-ac7f-db983f0f03de,a992b475-a5fd-446b-b101-3354c83fcaa8,goodwill_credit,-52,Event note half ever something.,2025-06-15T07:10:00
e073b155-d02b-45db-abad-220f343327d9,7f7ebee3-7526-489c-a9f2-fe66af64a1e0,price_correction,147,End great sea anyone start.,2024-11-06T22:41:00
4c44e116-04c4-486c-8f43-f38567643aaf,71eb2f78-1461-41b5-8256-76b6dcd73586,price_correction,52,Least company power size rock.,2025-08-13T22:21:00
296a4401-b93f-4151-af11-fa3906f4fd26,4804c671-c94c-451b-83a4-4c2c9e4be4d7,tax_correction,-93,She keep catch skin.,2025-06-02T09:39:00
92c51636-703f-4938-ad40-c77845e429c1,77ebeca8-fadd-4b11-a35e-e6f6751a621d,goodwill_credit,-474,Against other recognize visit morning focus.,2025-01-16T13:27:00
7c6c8a11-4901-4d2e-a261-4766918ef362,0a536017-8709-417d-9fea-12c4f672fac5,discount,-109,Production billion great produce none.,2024-09-27T10:59:00
c1de1599-ca88-4bc2-b6ef-e7a47c65de26,64252492-8e9f-4543-9d6a-c670bbd70a9f,discount,-93,Again miss clear buy.,2025-08-31T04:47:00
d2992420-5878-4e26-ab8e-4cd7dd75835a,8be63a92-f1af-4066-83d7-dda1c5b4315e,discount,-126,Realize water economy anything respond.,2025-02-22T00:06:00
a3ebe574-0c33-4eb5-9c91-e373f10324c5,662edd94-650f-42dd-88cd-9180c74895ef,goodwill_credit,-51,Very bag last minute.,2025-05-24T20:36:00
1811a25b-d71a-4d09-ab13-07a940d945b3,6ce0929a-6fe9-4be0-99e1-5573d2074eeb,tax_correction,-25,Girl face spring blood method.,2025-01-31T02:31:00
77c31221-b6a8-41f3-88ae-bf074701fff7,ce88d35c-c4a5-4b6c-82e1-f078cc3c378d,discount,-90,Relationship pass series future use beat.,2025-05-23T15:31:00
fd5c5a09-b56e-46ac-9701-21991c467c05,2837353a-5c6a-4e26-b0a3-d140a0470342,price_correction,-156,Appear south think around lead budget.,2025-08-24T22:24:00
283bc006-3062-411d-b74a-7f9d23df0394,dace6589-3097-466b-ab3b-c69dc4e3c1b9,discount,-127,Run company billion against remember into.,2025-07-03T11:44:00
46724144-3633-4ed0-9a04-71e0393972e7,72f4f1b7-f7bf-4d2a-9dba-49efe27bfa4e,tax_correction,133,Hair environmental open last fish over.,2024-12-10T19:05:00
b6351b0c-a2cd-4ced-83c5-36e307f0344e,9d622c6c-810d-42d7-b2df-f32e80f016a1,price_correction,13,Not surface bad international well party.,2025-03-28T08:50:00
3a066f6f-4042-4342-b506-8ddbdf857978,7a1ff338-dc07-492d-9e3b-cbd0c5be2342,discount,-118,Bring mind newspaper exist season remain.,2025-03-16T21:34:00
e67956f9-31ec-406e-8832-db6ba5a432a5,9f89c593-ff76-4a77-82a4-bd70bdf808a9,price_correction,151,Night then interview affect call training.,2025-09-02T19:03:00
5abdf1a9-0c37-4056-8377-a11e8fd9a2cb,a0bb1438-458b-43c4-a3b0-e8f7b2e2b2c6,discount,-230,Detail anything strategy ten.,2025-06-04T22:45:00
cc22c1e2-eb83-4974-8ac9-000710e21baf,5e258734-b756-42e3-8016-538703a08e74,price_correction,96,Television point cup ten break.,2025-07-27T03:20:00
458fe4d9-f064-4ebc-865c-83a5bd81069d,8a671c26-1c76-401f-a053-1321578a8291,price_correction,148,Left number easy professional though me operation million.,2025-02-03T21:34:00
9f4fbee7-9138-4e91-bdc4-b5c97a61337d,d5d626e6-893e-4651-b3f8-67994be62885,goodwill_credit,-262,Seat available free help teacher one.,2025-06-20T03:08:00
05b6af9b-bc96-4d6c-8439-fa4666e03e8b,51a8a302-ac05-4f15-afd0-b9a00ede9f6f,goodwill_credit,-74,Our everybody her peace group act.,2025-08-12T02:47:00
324387f8-125b-4139-9a6b-3076cc429b23,0ebf09a5-4ad1-4b98-bde1-46469435a660,tax_correction,-103,Hold although side truth.,2024-09-27T10:23:00
6129ff46-33a8-4193-885a-16bf6ccebde2,8e1f9776-1843-418f-8087-db81f119fa22,goodwill_credit,-199,Style ability guess have rate.,2025-03-20T01:40:00
e4860264-2f61-4a2e-9a36-01a4ea9504e3,1e751000-98d3-430f-aed8-f1b89a4aea2b,price_correction,27,Both low sure somebody hand table.,2025-05-21T15:46:00
9d4d0e52-9003-49f5-a242-11a66eb51750,5a99e59c-232e-4f34-94c4-8aace8fe606c,goodwill_credit,-68,Fast future official organization TV account.,2025-03-17T04:03:00
c0fd9502-b7b4-47fb-8af9-4db5d36ed096,eb6e855e-a278-470f-9062-cf1026a4b757,goodwill_credit,-50,Rule long ago feel himself.,2025-08-04T22:24:00
73c1dca1-4eae-40bf-a183-9b98bd7d839c,66213138-9c5c-4b11-a9b7-d02a47a321ad,goodwill_credit,-151,Life series its serve worker second up.,2025-04-11T18:45:00
07411e7e-1a3b-466b-b662-3ca1a13a9a4e,65e9dfa5-b72d-4151-b352-afc5b9e70f43,goodwill_credit,-236,Condition ground sometimes ready.,2024-12-03T01:26:00
77207e23-d42e-44fd-88cf-d226138e95ed,d09b3291-6ede-4534-8e3c-63cdacd200ef,goodwill_credit,-88,Yourself thought clearly help difference.,2024-12-10T00:01:00
50a828ae-643f-44de-824f-1971167dfd76,d71aedec-33f1-40f6-b760-92554dc6b6d5,tax_correction,140,Institution officer oil ago since sign star.,2024-10-16T19:36:00
86594ae2-3de4-4e80-9a88-0e8f11d2b4ae,4daaf02f-2160-4da0-b7cf-89d67cf6ab9f,tax_correction,145,Why court environment girl performance respond bad director.,2025-08-22T00:08:00
90b626e8-1cc0-412c-8074-f4419627dc8b,32bad799-e71f-4b5d-819f-5c757f5b6b0e,discount,-50,Star sense easy play.,2025-06-08T20:56:00
28244e28-f24b-4fa1-8047-8a70850fc734,00409635-3bd8-4426-8bd0-cf14981fe40f,tax_correction,29,Letter author quickly article me rock fact spend.,2025-04-29T18:58:00
1972f640-557f-4912-8559-88c61b870d4b,5d86df30-79da-4df1-9d19-c262c134c25a,goodwill_credit,-82,Develop who easy heavy simple oil.,2025-05-18T06:20:00
b73ba735-bbed-4a3f-bc8e-aba4b51e60bc,7889c781-512d-41b9-811d-489a64931b17,tax_correction,-174,Difference action on glass executive physical I indeed.,2025-05-28T20:53:00
083d2419-128d-4c03-b034-6b6b2dc825c4,6333f2aa-50fe-43cc-ab47-318ddeedf752,price_correction,49,News we first ask security may national.,2025-08-13T08:47:00
ea1d66ca-6558-4acc-8a17-34f411f465ef,c372a904-a70e-4a93-8463-24ac6984dd95,discount,-183,That others industry.,2024-10-25T08:16:00
4f0276a5-78f1-49db-b9d0-2bdf89e29e46,5c9b58cd-0b04-42bb-9d73-a301ace1b341,price_correction,-124,Even institution rock water.,2025-08-24T11:06:00
af79d921-f909-4087-af7f-47d6b0f200cc,6c50f61d-1dd3-4aa3-be5f-928e84765c06,tax_correction,169,Free style commercial social over.,2025-03-17T14:05:00
2c799c47-c8f1-40c3-8f16-57cd14948de1,253d268f-c721-4830-9591-f708a52e2b4b,price_correction,114,Beat alone continue dinner.,2025-03-20T05:27:00
95a05afa-2ec0-4c96-b9d1-61a40eee080e,676ad58f-b37f-44c0-af7f-b3ae97de868a,discount,-80,Trade set billion go grow.,2025-07-26T15:19:00
0d7b6c8b-a372-4a1d-aa27-72fe610462a6,cb3876dd-b5c1-442c-aa1f-5b5f6789479c,price_correction,113,Past between we practice.,2025-05-04T14:46:00
8d126a8f-f3bb-4478-9deb-fe89548e38ed,c91a3388-eee1-4c77-a862-d121d5c103d6,price_correction,13,Risk a billion while PM.,2025-05-17T13:20:00
dd522aa9-2bbf-45dc-ae8b-888557ca7e74,d94062ea-2238-49eb-9f1f-0bd098f8773c,price_correction,122,People sea unit challenge building be east.,2025-01-17T15:31:00
387bb8a6-4b12-4bf7-b06d-4ca021ebf221,7d3a0096-ed34-48df-b8a0-29c6a353304c,tax_correction,-134,Head state reach around.,2025-06-15T14:05:00
50fd8297-8b99-4ddd-b212-e5f82546ae00,e30de69f-a5c0-4fa6-b675-89abc2298ce2,price_correction,-97,Enough operation everybody read.,2025-07-25T09:56:00
a9798fdc-3600-4e0b-8691-649078c6db39,3883714c-1d85-4e92-bdd1-951dc44b0459,discount,-120,Report or about west resource fall.,2025-08-07T15:34:00
163582aa-388c-4622-841a-dae5495f939b,72009c9b-436c-49d7-9f14-babc4aad0ef9,tax_correction,-66,Single card character city.,2025-02-11T17:14:00
427f11bb-4dea-4710-afbe-d740fd21fceb,549b31e5-d22b-4783-9ec9-cc3d49442f90,goodwill_credit,-102,Relationship free officer language never.,2025-06-16T19:34:00
34b53bf2-882a-401c-9903-f6450af10132,9ebf0b7d-c6d7-4126-969b-02c07a5d5fb8,discount,-138,Tree dark crime military serve foot thousand.,2025-08-13T23:06:00
9c57bf85-5b98-45eb-9e24-7e8b9f472846,6e611851-530e-42c7-86df-fd5a1fd0c24b,tax_correction,34,State born cultural participant rate.,2025-04-21T13:52:00
d1cd6630-6d20-45d3-bf5a-10e5ae647b6f,dfb1ed5e-5772-44c7-a72b-6a99097ba542,tax_correction,-125,Their human bag one conference chair hundred.,2025-05-19T01:10:00
18fbf721-36f5-4925-96cc-466773088567,c2567142-45c3-4f79-be6a-82acefc320f4,tax_correction,190,Get coach term either rest.,2025-08-02T05:07:00
041358a4-6d68-4364-80ac-a80616447d56,bdf9f2c7-d5fc-4058-88e4-ab561d1fc4f9,goodwill_credit,-156,Collection almost cup reveal general.,2025-05-27T01:49:00
247682b8-2592-4e11-b636-796654a897e5,c158eeb9-a87a-4bc4-bd16-5ed4236fd5b6,goodwill_credit,-112,Father institution happy resource same.,2025-05-11T07:07:00
cca07937-9c7f-4fd9-a2af-6a604a3c520b,37156e2c-4976-4151-9f41-536d6ef6787b,price_correction,108,Throughout opportunity where court food fill gas yes.,2025-06-27T20:11:00
991e98ae-8bca-4207-985e-388d133b0b99,d4c6ff39-4f98-43f9-b244-d7bb39418895,goodwill_credit,-820,Among thank politics note worker sister.,2025-07-19T23:24:00
5ff72b83-c092-41d2-9e33-afc78ee9c2a4,53e82334-4b48-4699-abcb-76bf79f7a93d,goodwill_credit,-83,Campaign second under six action.,2025-04-29T13:07:00
3ba99784-a270-4178-ad83-bd3645aad8ba,e08b02d2-7bc5-4be3-a5a8-5f74d8b8ed40,tax_correction,188,A name blue let sort actually player away.,2025-01-26T15:04:00
b79ee8fa-1591-40a6-81e9-23900242cf97,2d893688-6eb4-4bb2-a757-ceba7b58af9a,goodwill_credit,-50,Visit here minute movie much her appear.,2025-08-19T07:43:00
051c7e56-5c85-444d-9fdf-740281421bcb,20b45a1b-114c-406c-9c6b-50044ef682ce,price_correction,-162,Herself also major idea.,2025-08-14T09:38:00
ee885ada-0ec2-4b1e-8f1e-44d7b863cbc2,100e1e3f-6f57-4651-a660-edaf2e624507,discount,-212,Draw present wonder left nature.,2025-02-22T03:56:00
bf9ed96a-e1c1-4bb7-86b8-a2700f4a6a7c,4782c3cb-d0f0-4271-b46d-c5cc04288605,tax_correction,71,Across police price list network.,2025-03-27T09:42:00
ec5a9e41-689f-41a8-8fc1-d367d5046e2e,064a99a2-da9e-4fd3-b5de-2ad1da94e25a,price_correction,104,Personal successful however material when.,2025-06-08T10:35:00
c965b4a3-fea4-432f-a79f-7f87099c1419,5068ba0a-92b1-476e-99dc-9502e6eb70bb,goodwill_credit,-136,Move visit little still act.,2025-05-14T04:43:00
e340312a-caa6-462d-a217-ea2609d6f7a6,06f964a1-64ee-47bf-b4c8-220d9b55325c,goodwill_credit,-196,Thing dinner class no mind again.,2025-01-15T01:37:00
29a5c27f-4751-47d8-be37-ab858e9ca702,1cbc195a-3f2a-4d8d-b953-893df90390ae,goodwill_credit,-73,Finally company choice behind citizen.,2025-05-22T10:18:00
debe180d-3799-4354-9071-99fd9bdc3d6a,61bda866-04cc-4d53-b841-280da7239600,tax_correction,135,Appear crime director window season alone view.,2025-05-02T02:05:00
30367892-6c4a-44be-818f-d9c069c86dac,d86abe36-9758-47ca-a197-1e25decd91d9,tax_correction,-196,Than seem inside Mrs.,2025-03-25T09:03:00
b1897dd6-1650-47bd-bc8d-0c942abc11d8,5b293208-68c6-4fc3-ba68-8c097d28ec32,goodwill_credit,-102,Indicate best top owner answer course physical.,2025-06-11T11:20:00
bc1727e6-221c-4acf-be35-58c8b5fee406,cf86b169-661b-4f26-88ae-a4c061927051,goodwill_credit,-168,Guy executive hit quickly.,2025-05-13T12:21:00
779ef1d8-1ed4-4075-99b8-b24758c9e813,d77fa877-a3a9-43da-a630-e8562adcda92,tax_correction,186,Control general push government now.,2025-05-25T19:46:00
79259ac8-b54c-48b7-afa7-df42a218d589,8bd0354c-d7c9-4be0-b055-6fcf39a76536,goodwill_credit,-191,Bar religious recently major.,2025-02-05T05:47:00
5d548971-11dd-4bfa-baad-d5286b4d4e98,dfe59f23-5310-4ae1-90ea-793b01e98a88,tax_correction,148,Sign force four since.,2025-06-03T02:05:00
a1c3ba34-05ad-448f-b10f-ad6e8f52a59b,62cb3766-8ee1-49eb-90c7-fd1bddb7b829,tax_correction,181,Him even process college.,2024-12-14T00:02:00
8273cf6e-fdc5-4d96-830e-f5d0ddf16d0f,f9b211b1-2bde-45d5-9670-33025c222e48,price_correction,-156,Attack today dream table yourself teacher TV.,2025-08-31T10:15:00
9d37eff3-847f-4641-aa27-6111942ac792,61733530-6fe6-4a06-9120-0475623bbe22,price_correction,-147,Might manage life everything wall voice especially middle.,2024-09-06T16:34:00
72f83b3e-89d7-4577-bb1f-ad70a4fac694,7a7aa8c8-0875-4961-aef9-8df89bcd2667,tax_correction,-153,Remember forget behind former need board.,2025-04-08T00:18:00
8a2ab2cc-3db2-4c92-9c89-6c9c03378f86,4515885b-b84a-4f12-a2c3-15953e0f7513,tax_correction,-187,Why toward go consider fire.,2025-04-18T21:49:00
a6748589-c3a8-4ef9-beff-91d160ec4c6e,06f195a7-0990-4787-9292-7f387cf0cf2b,tax_correction,-190,Population prepare top yes student perhaps how half.,2025-05-25T13:46:00
fddca8fc-2758-47fe-b93d-463b8874a27a,546c7528-a83e-4b7e-99c8-3410eff7feb5,goodwill_credit,-103,Action operation PM.,2025-02-12T06:37:00
5d285657-edc9-421b-82fc-8681efb5eddd,5d0248ee-d42b-41ed-af09-537d38912b42,discount,-50,Property whatever rest yourself visit conference action.,2025-08-03T20:43:00
5e52b3b5-f141-4e00-a1aa-065c386705b1,ef86a496-dda1-49f5-a0fe-6209c6e25701,discount,-102,Admit rock air with southern.,2025-06-10T09:06:00
6feba24b-6b34-47f3-b7ed-d99641f6a63a,634c49a9-6123-4cc5-b122-91c3f4c9ff10,discount,-748,Near find tree course.,2024-12-29T04:55:00
accc5b71-8bdb-40b0-8910-e4f6d9bea53c,6d700f16-d45c-43ce-a0db-0f747d2d4501,discount,-80,Institution realize happy system trip property.,2025-03-18T13:36:00
ee23cbbc-fad5-42df-8ae8-2c986b1c75b9,91504355-0d51-427d-acd4-ee4764823e40,price_correction,139,Cut meet record avoid sometimes so old.,2025-05-16T07:55:00
10a0dcaa-d81a-401f-8b32-51b06c9207e9,a2e39412-d2c4-4c83-87bd-a693666f2d93,discount,-541,Candidate because southern worry least.,2025-07-08T09:34:00
51e823d7-eac7-44e0-b1db-ca4f4041ce47,9f78ea05-0d01-4872-a1e0-48d157a76958,tax_correction,138,Firm unit threat election organization hundred rest now.,2025-05-03T10:13:00
d36d928b-2aca-4b9a-a2d2-e793121e99ad,90437522-30a6-4858-a0ed-e06f06efcc16,discount,-102,Say blue threat go spend.,2025-07-26T01:37:00
622e9422-1b55-47c9-bbdd-88bf3f3a2681,47294bf8-2a5b-4786-b0a2-a19b17a72239,tax_correction,152,Give unit or.,2025-07-24T07:34:00
ee184735-611b-4c12-b8f2-12234ed16a68,90988dc9-2d15-4639-b76b-2284227e9bde,discount,-82,Window result impact catch yet reason.,2025-06-22T03:57:00
5ef140ad-33d8-470b-aa2c-9c9d6524d775,f0087d8e-da2f-46c8-829c-94c459ba6069,goodwill_credit,-134,Cell Congress music name.,2025-06-03T09:13:00
2ada6fc7-ff67-46c1-a81d-ac4024cc7a07,f85f7290-cd9a-4ae2-a797-e1d0bcf56168,goodwill_credit,-185,Hospital across course away admit support.,2025-08-03T01:43:00
75ace1ab-ed25-4b0a-b7f8-f95f782408ab,f3e672e7-89b4-499e-a4c0-9d74c46cfd5c,goodwill_credit,-150,Every listen service avoid cause particular big.,2024-12-02T01:51:00
2438607d-62fd-4a8e-abbe-3c5d1fbaf466,5bd5762f-81f5-4390-afd5-e2fec40a2fa0,tax_correction,-96,Morning international focus since option.,2024-12-19T05:32:00
aa3a28cd-36f6-4083-9e10-891df787efb2,95fe4ab2-8154-4160-bb0b-9f43756414c8,discount,-541,Off interview character her leave music.,2025-08-30T08:34:00
59d0a542-f4b1-4063-8574-7f9d95cff793,c0a05370-4b62-4a15-a856-dbf7007dbe71,price_correction,-10,Thing indicate speak nation stage.,2025-06-04T18:17:00
88427b6e-9d9a-4573-aa71-e75be9ad2217,f0653c81-95d4-4aae-93c4-992447ed38fb,price_correction,-99,Listen concern test book these region seek.,2025-07-23T21:03:00
8e2fab59-9fe4-46d1-bb42-289b68697ef6,bebfff86-f27a-46fc-8d11-f9a035bb30bd,tax_correction,-113,Risk car four sit audience little thus.,2025-08-22T08:59:00
61dd1542-bbb3-44ff-ae62-0eae15490705,8c0a0d8e-3030-483f-8798-6df33372f343,price_correction,155,Idea street choice word represent wish describe.,2025-04-14T01:48:00
4c025a62-421d-4fa0-9d04-6be2ddb3f920,8fa39f67-fd13-49ea-b2b8-8a910459cfb6,goodwill_credit,-159,Industry reflect item break together.,2025-07-20T19:56:00
d370dbfc-39ea-44e5-9231-9d8f35a120d3,670d8c41-60df-43b4-8548-b3132eaad7e5,tax_correction,-157,Voice will idea among follow.,2025-06-17T07:37:00
654baabc-cfc2-4ce9-b611-4569b25eedf3,fcf61f10-129a-4647-b5eb-b27812a2621d,goodwill_credit,-100,Charge during top watch day thought mouth.,2025-06-08T01:56:00
424ae4d6-8371-4251-a89f-a17b982ddfaa,e5979488-c366-41fe-b544-9226254e2273,tax_correction,-61,Contain something high team everything.,2025-03-01T13:41:00
03b2a751-e616-408a-9b3d-c3e4a55ea255,0bcf92b5-6bbb-4ffa-b832-562f8cd0ce4a,goodwill_credit,-120,Success issue involve including value strategy.,2025-04-26T22:26:00
c4de7870-844f-42b8-b999-2d6f877b584c,d7bc6517-ef7f-4d80-9f9d-85349bc11a84,discount,-165,Successful main early cost six laugh measure fact.,2025-07-26T09:27:00
6f3fd81a-4822-464b-adf7-56f01ab3b0ea,88ee74a8-c2bf-49f1-90a9-9d2c8e5c130a,price_correction,-191,Foreign example interest fund.,2025-01-30T21:33:00
bdd8cec4-0486-48da-b4ac-14f61ceea517,58b77743-9c6f-4754-a82a-c805cfec40af,goodwill_credit,-57,Ability you well wife.,2025-08-18T13:33:00
6bc88256-9970-4c41-8dfb-f39e16123a63,179a6a19-7a6c-4947-b22a-083dd549f18d,discount,-172,Never detail culture decision throughout brother.,2024-10-15T00:36:00
de8fe2f9-bc89-4bca-8a73-3cf2ab68a0e5,95e878c9-280a-4ccb-9741-a75b3ff7d5f1,discount,-462,Someone many professor treat garden decide it.,2025-04-15T15:23:00
2f0a64a2-c83e-4bd7-8f38-12846f585126,b867af03-e5fb-44d0-ab8b-a5b044c7da48,tax_correction,184,Somebody agreement project situation.,2025-03-30T17:34:00
edd3f46d-9fe5-4486-9a3a-8e5e9a954deb,81c71796-4d9f-49d4-806f-c6739e892cbf,tax_correction,143,Over never open down unit somebody from section.,2025-06-18T23:01:00
aa189922-2826-4f7b-bd18-0229e78c789f,1c52d3ab-da8c-46bd-8a92-53fcde2b920f,tax_correction,14,Term field major score.,2025-05-04T06:45:00
505b27ef-3fbb-4643-ac23-8d3771242fb3,e555ed15-9dac-4e84-ba94-190f40d59add,price_correction,148,Common exactly character mission enter evidence.,2025-07-03T04:08:00
c3da705f-f726-44af-907a-2fb762df8a0b,f93431fa-31d7-462e-b725-27671a1e6961,goodwill_credit,-83,Least usually page week consider organization.,2025-08-19T07:17:00
0a88921e-60cd-4716-8454-bdcaf7ca28fd,91b7c4e3-c739-4f81-bd75-7baca4e66de8,tax_correction,-77,Series career else wind box.,2025-01-05T01:47:00
fc8b485a-bffc-43c9-b705-6ce019b68a37,1061c921-6052-44e7-8ff2-44b93f9d5931,goodwill_credit,-141,Hand big rest account owner drop could upon.,2025-06-10T02:58:00
066d0ce6-c620-49f9-a6b0-354617000390,0da0be59-eab7-4451-be50-3e38b664dd96,price_correction,106,Your institution store between final.,2025-07-07T17:44:00
fc88abfa-194a-4c8c-9c3e-edc51c0fcd06,693a2a6c-d5ac-45e8-af0f-b20cecf77503,tax_correction,29,Receive style rather rich foot table prevent tell.,2025-02-26T15:38:00
e8fbc81b-b3da-4d49-a2d2-97fe533ba64a,704a6283-020e-4472-9a8b-99c88a391b52,price_correction,-118,Wall book drive condition network.,2025-04-09T20:49:00
42bfeb93-907a-42a4-9033-263216a09579,b980b180-19a8-4147-9420-97d20131fdba,discount,-331,First leg quite maintain other there do.,2025-07-27T07:54:00
827824db-0819-4fc8-9ef8-5f7cb866d0ed,15773204-4a48-43d8-ae9e-199372ce26eb,price_correction,47,It economy need room beyond.,2025-02-04T02:29:00
92a6b29e-37dd-4226-af7a-3a95ece13c3f,3c30fdd8-99d8-488c-bd76-7968ec7dc1df,tax_correction,40,Response who everyone detail discussion.,2025-08-17T13:46:00
ca080dd6-5ef3-4a34-a7fe-ec738dd740f4,a89f2e64-84b2-44c6-a79e-4c3e8e9e53b0,discount,-160,Appear life ready clearly.,2025-06-21T23:37:00
a98f7237-1c09-4f20-9b76-2d1fce10723e,dc1c9495-8d47-4a5f-8781-c611f1a3df76,discount,-100,Understand yes stand purpose amount color beautiful.,2025-02-10T09:20:00
2ee26cfa-2c8c-4c12-931c-fbb67542d032,89ad080d-eac2-4901-9c44-630d16e00b81,price_correction,166,Finish field head civil.,2025-06-23T00:00:00
b5be742a-2268-4f2e-a5af-dc194b94c5a1,e6ca633e-0570-4722-9522-4fd9af27f20c,discount,-238,Front their establish herself yourself reflect represent ago.,2024-12-28T17:20:00
c4def75c-d2a3-45aa-9a95-ef9504bde12c,1623120f-b62a-46d9-b8bf-3edf4dc6b287,goodwill_credit,-147,True wide stay that.,2025-03-07T01:13:00
7a68aac1-6734-4fde-aeba-1de363cee807,8dd7c71f-5e02-4758-bcae-0ff12a298db9,tax_correction,56,Board agree possible indeed thought turn.,2025-05-13T01:07:00
85cc04c1-937b-4c67-be8a-3c91dc2a6fa9,31b74dab-9363-4ddf-880d-d18773c6a29b,goodwill_credit,-195,Suggest above nice government door.,2025-04-25T01:26:00
21904dd6-e9d2-4fae-ac34-5ca7d056e5d8,37fdaabf-5f4c-421f-bf2b-f04cdd97e5db,price_correction,-67,Bad service list authority break eat.,2024-09-13T03:32:00
f19ac742-4bdc-43b5-978f-1deb661a767c,f3136422-4491-4b52-abc1-35bf3be31bf7,discount,-124,We name grow another amount drive among.,2025-03-27T15:30:00
3086b2c8-77a4-400f-be0e-a50545c0234e,6578b653-1f3a-4e2e-bc86-a5c29bd21973,tax_correction,-75,Often majority kid herself but international agreement party.,2024-09-08T19:46:00
97bd6b0c-2f9e-42c5-93c9-c0274bd31fb8,38e951be-e593-4e71-8d88-ddc8b68de138,goodwill_credit,-479,Eye strategy high friend significant data likely.,2025-04-16T14:02:00
7515b04b-dfbc-4bd5-a606-1687c1244c2a,80af36cb-6021-433c-8edc-b27a708d2900,tax_correction,47,Down all hope during watch film.,2025-08-09T23:56:00
c954df2f-541d-4a9b-ab86-4279ca9685d1,2c91fb5c-d917-4515-bf62-e3d3ad035f1f,tax_correction,48,Attorney try Congress both operation kid school position.,2025-02-12T03:13:00
83823bf7-9b4b-4a0c-8be5-2a13412d1f16,e4a120b3-a0e6-407c-96ba-af0e0e9e2cc6,price_correction,-166,Provide police them between woman system.,2025-05-24T09:58:00
58d85480-399a-48d5-be1a-5a6a41fad8ca,f33b6ab1-3862-419a-b8f2-d07e60e02b3f,tax_correction,-78,Onto three center.,2025-08-15T03:43:00
289bda9d-e8f4-4337-b75e-c0c367f96aba,8e22fe6a-e5cc-4808-94c4-413446169e54,goodwill_credit,-151,Look different raise top he tell.,2025-05-06T21:17:00
a5e5dc48-331a-4a8c-9d1c-d7d3b9d7e82b,98be2eaa-97fb-45e1-89ec-1720c3e950ea,goodwill_credit,-86,Price no change factor.,2024-11-28T06:00:00
c6c9f3bb-ec9d-419f-994f-b2302a781545,95bd856f-32cf-47d8-ac1a-505d7cb776d8,goodwill_credit,-75,Already skin at.,2025-01-03T23:46:00
8f652017-4a4d-4b4a-b7e1-5afa5d1a6448,eb69ac81-0bc5-4573-b7e1-52719fe09b0f,goodwill_credit,-77,Yeah despite present set.,2025-07-15T03:21:00
2f81f049-0c24-4f9e-a209-7c73695f74c8,3488a4ac-3d93-4094-b757-4367d8eaf8e8,tax_correction,-189,Commercial radio hold training name environmental.,2025-01-29T04:00:00
858f65a9-660a-4ff2-810b-afc6f344efb2,63526df5-780c-4813-b1f4-7e601c6a47b1,tax_correction,178,Explain short page maybe.,2025-08-02T09:42:00
06abf0ac-3360-41ac-a03f-6f4823791a80,1ae90e9a-1936-4ede-983f-f8c2b5394d4d,goodwill_credit,-97,Not early gun room new shake.,2025-07-14T22:50:00
f1629cff-7571-42b5-a873-e4cd1c11ac94,2715912d-9787-4758-b9c1-301db1c51a87,goodwill_credit,-116,For accept provide history power hundred attention.,2025-08-11T16:57:00
7a70f0c3-9357-4cbb-b8f9-ce8b4a0c9ab0,bac90f3c-0d5f-4724-90c1-2959d3e48de7,discount,-165,Win have Mrs white.,2025-03-14T19:33:00
75862ba5-0a35-4cf7-b6ed-69a08e481685,d005036c-59f5-4079-b8bd-917d82bc4d94,discount,-214,Commercial go treatment forget think.,2025-04-21T00:08:00
82f9f839-6c30-4c88-9926-b60c8c346b4d,4505a5a4-5f29-49b2-95a5-c953db1281b6,price_correction,-159,Party make teacher kid wait great.,2025-07-22T11:28:00
50cc8fe2-8024-4119-aedd-45fadefdaa29,b68c56e1-fbeb-4fc3-8254-5137b8072505,discount,-210,Serious feel marriage turn also.,2025-08-22T00:20:00
d22f941e-d42b-4709-a446-02531b84d1ef,e825623b-931d-46dc-8bdf-3b1e31a289c0,goodwill_credit,-112,Now manage particularly much somebody.,2025-09-03T01:41:00
d43e996a-e5cc-4344-a8dd-262024aae6d6,87d216da-d6ce-4398-a9fc-6394db23130f,tax_correction,-89,Born run director color.,2025-08-11T04:32:00
e4ec3b31-1215-4fb6-8662-1fff6c83f6f3,d42fa5cd-14f9-4c15-bd51-16384c04abfb,goodwill_credit,-99,Property how benefit woman new.,2025-04-11T07:14:00
90a49fbe-8866-4500-8b57-cc95c8248e98,5915dde4-2440-4aeb-a381-5661c7f22ae1,discount,-62,Difficult drive consumer.,2024-12-27T05:46:00
751da0c8-0c14-460d-a317-40dd162c542e,c6646d9d-ca85-41da-86a6-5f581bfae068,price_correction,-116,Would future thing alone expect.,2025-03-09T10:27:00
097f02dc-762a-4a09-a38e-795f3335e12e,2ef66c26-8fef-4860-baf0-595278aaeaf3,discount,-170,Newspaper policy second behind college similar.,2025-06-26T22:00:00
4a6e5323-4a3b-4a05-a5b3-4a0d7a4e6270,bca44a70-352d-4f32-8040-a8755a9ea339,tax_correction,-127,Drop here option investment reach just clear reflect.,2025-09-02T06:20:00
bfa4e7ec-e4c8-497a-b152-00051cf89a3d,17f69ab8-bd5b-4381-af4e-1ceb575cb980,goodwill_credit,-110,Each cause claim exist amount treat do tough.,2025-08-18T06:45:00
321a5e27-5048-4c3d-8c90-253a05baeba6,7e9dd025-be64-4fd5-ae3a-09813b91de4a,tax_correction,97,Need interview week rise.,2025-03-20T18:36:00
07e0a649-0405-43d7-b932-6222c96f2cf4,371db990-4098-49d1-af12-e154a7a20de0,discount,-307,Choice agency thank trial ready myself far.,2025-04-24T00:19:00
68e56cf4-3aa7-4a20-937a-1667a4f22adc,5c144efb-180d-4edd-b8c3-0598629d53a5,goodwill_credit,-66,Company part can decade do Mrs.,2025-08-04T13:23:00
e9c2fcbe-4aa5-46ba-8843-ffbad23431d7,4c86bad4-051c-4f7f-9413-e6eefcb955fe,price_correction,83,Year person model we draw.,2025-04-18T05:15:00
15eaba14-a2f8-4429-8699-83b9efd41d08,fefcc913-6d11-44b7-88a1-31bbb300cc35,goodwill_credit,-88,Dream speech class computer suggest less rather.,2025-09-01T15:49:00
5e8b3a5f-944b-4dcc-b33b-ab156f57134a,738c0cd4-daf7-465b-a7e4-7d93e3e36661,tax_correction,169,Claim them final baby third question.,2025-07-13T12:07:00
ff196c40-d3de-43f4-ad03-9002d4fe06a0,b28a28fc-1f22-4762-8db7-2d3407a491fe,discount,-187,Gas energy window very gas mission smile store.,2025-08-24T19:53:00
888c1225-364c-4e69-a0b0-8109aba0040f,4434428f-af4e-4319-880d-091c63b825c0,price_correction,152,His gun hope.,2025-07-06T02:40:00
2b3735a7-ce4c-455f-bea8-48b3d7c8c713,d7ed9f2b-75ca-489f-83f9-fe187324c807,tax_correction,-147,Husband hotel join of one to.,2025-05-16T03:52:00
2ca2b1ca-63b7-4985-8b1b-e6daeea12d21,cec89e31-f791-4146-9c8b-4dc3bfd07756,price_correction,-24,Second sense not individual least.,2025-06-30T12:39:00
ac058c40-777a-4f10-b8d6-602b0d2d74b7,ae7af1a3-0e73-4385-a6e7-441a19a45d4d,price_correction,146,Prepare of window page.,2025-04-03T01:20:00
ee52dca1-706a-4816-9538-67226d5c19d4,ff2b74c1-9ddd-430d-ad96-0eadee1e0e35,price_correction,69,Mean receive next writer despite.,2025-08-12T14:43:00
555b1fea-2de8-4cd1-b77f-d04d7cac342b,93600da3-94f4-42f2-a928-72de53ce4928,goodwill_credit,-216,Impact term amount somebody rest late.,2025-06-28T10:46:00
fc457301-1aa1-4da1-a8b7-e6e291471c54,56c3fee9-bc0c-4a49-a48a-c2fed9ef12c7,price_correction,-99,Food offer eat man key PM.,2025-06-08T18:45:00
ad2528ce-4197-40c8-9d72-a54cb1259d69,fc399942-c085-46e8-8b96-c1e5642ceb09,tax_correction,-190,Color turn fill yet.,2025-08-16T07:33:00
4e1f6b45-1620-423c-ae56-3e57f74dc3ac,e1a7b8f5-889c-4878-851a-4c5f80227103,discount,-183,Politics dog new occur enough production between.,2025-08-22T23:49:00
ba6cd589-2785-4efd-bd68-51a0b3d4846e,55fd780c-482a-490f-997d-333be8a339f4,price_correction,94,Situation parent executive state spend floor everybody own.,2025-08-30T02:25:00
34c50d9b-75ff-490e-a27b-6b94aa859b51,9a6c2067-8111-4ff7-b462-51ee4909d0fc,price_correction,145,Difficult natural important fine.,2025-06-25T12:31:00
bfa3a292-8d5a-48b3-b850-89e96bf50a1c,c55f63d0-21f1-4194-85f1-b1a43099e167,goodwill_credit,-458,Group no will.,2025-05-13T09:19:00
a73f76c7-223d-4feb-a4a2-41fc092c9978,90802f10-36f1-4dfa-a6cc-20e6fb6f88d2,tax_correction,-150,Face team stock scene.,2025-07-24T23:46:00
8ec21bb9-cf6f-4c50-8151-9fce980c2238,24e7cee8-4742-44e9-b616-a30f4a1f8a09,discount,-229,Somebody soon goal wonder again rule.,2025-01-26T08:41:00
c10d30b3-ef2f-4dc9-b779-4bfb000e5251,b35a143d-a387-4b45-9f97-2b0151c85afc,discount,-449,Able drive stay certainly TV human finally break.,2025-03-15T04:38:00
2715e998-9d75-4e7a-ac43-2fa4b402b06a,ca580cb5-853f-4da7-a49a-ec0d4ab5a46d,price_correction,163,Mind nice maintain college.,2025-08-19T09:20:00
c18a79c7-0236-467b-bbb6-eafe729f8f1b,e4d99ed6-8ab6-4147-91ae-0d10f3b2e82f,goodwill_credit,-290,Language prove others visit along plan clearly.,2025-04-06T14:40:00
d7f82934-4cc9-46d2-92d0-5001ed5d8cdf,b2658654-8542-4cad-b69c-130feec770af,tax_correction,178,Strong month can.,2025-03-13T13:04:00
337d8178-d89d-4774-b4de-6e7e43035a77,031e996a-5705-431b-931c-0d7406652ef5,price_correction,-125,Conference require site understand ability.,2025-04-04T08:22:00
ef27129f-48e5-495f-a514-5e07a634278b,76535c78-d002-4a8a-a3e5-30f0a802e4ad,discount,-175,Cultural education in.,2025-05-10T09:02:00
234dd7e9-4095-455e-8d8d-1014298354c7,4b92f2a1-f2e8-4617-8f9e-5a5d8459f019,tax_correction,-27,Think enter old long discussion.,2024-11-07T12:59:00
7202ab80-e6ed-4935-a598-67373bc6c844,adb1b6e9-16a8-43ea-ba63-959d451dcd24,tax_correction,129,Agreement break success law.,2025-07-10T15:55:00
0061b8dc-6486-4b21-ac2c-aaf38af151be,db6a3907-95f2-4d05-8823-4fb4f190203e,discount,-54,Debate home choose describe politics threat member.,2025-03-23T06:53:00
6d039831-004a-45d8-80d2-d32432e75b13,7d7a5d3f-6162-42ed-9b7c-96caab3d6482,price_correction,-152,Yourself face mouth million meet court beyond.,2025-08-18T13:20:00
bba35e04-2711-473b-b0ce-7946fbf10376,4955b03e-b6b1-4514-8ead-9994a687a292,price_correction,-170,Some will more relationship financial.,2025-08-30T16:43:00
f43372b0-42ee-444b-8987-dc039c025755,3492f026-8970-4751-9ef6-e3ad39f1678c,tax_correction,163,Once game pull dark bring reduce design.,2025-06-21T15:24:00
97526d9a-a64e-4ff9-aa9c-281637079e02,0f793b44-43a4-404e-9725-5df5f516151a,goodwill_credit,-324,Order listen list.,2025-06-13T02:08:00
043b7486-d634-4789-824a-e6d398e1b157,aa591d6e-9834-46d9-8aec-0a15c418de4e,goodwill_credit,-173,Class although subject wonder create out quickly.,2025-07-19T03:20:00
d765fec0-3c82-4914-95ec-ed0ccfa02215,0df07c3a-e432-4847-b8c1-3c0524051dac,tax_correction,50,Apply beautiful effort main rest think model.,2024-12-15T18:30:00
01b88405-9dda-409b-b2ce-56e189280791,d1dd3196-8e13-44ce-982b-e7f80822aed0,goodwill_credit,-156,Listen raise several try food.,2024-11-29T03:56:00
74a94e6e-1155-4cac-afb5-0b625de63b99,815f735c-e0b4-4a6d-88f4-a533d8c0324e,tax_correction,-65,Game art wish majority feeling south under.,2024-12-26T16:05:00
300ae5e3-0797-4526-aa12-bf7176b45a3a,25a74d38-780c-4bdf-bc5c-b5894a66b20b,tax_correction,74,Note during science major determine home sure.,2025-05-20T09:01:00
e5122f9b-75b5-46ac-b218-ebb93ea68645,53cce950-4209-42a9-9d5e-955637cff66e,goodwill_credit,-73,Fine peace owner agency task director number.,2025-01-20T00:53:00
1430ca2a-b7e2-43f8-8562-3c6b2f11c201,82662056-7d24-4da0-b7af-efd3bee5c10a,price_correction,-176,Table off Mrs adult go several.,2025-08-06T23:12:00
5c25a50e-62fd-4623-b4c1-a42108431361,6c75db64-1e90-423c-8b08-0ee9f02fa78c,price_correction,149,Full success pick girl sister anything most.,2024-11-18T11:10:00
