customer_id,marketing_opt_in,preferred_channel,preferred_language
f5e8b3ff-659d-4bc9-bdc6-6b7fe343bcab,False,email,en
bbce772f-b9b7-49f2-b79e-fa5d953ced6b,False,push,en
73b79064-9e0d-4b3f-87d0-6ab33593b492,True,email,en
797a1a0b-31a6-4422-af8a-98fd4e5e1114,True,none,fr
3207b0f3-9af4-4ba4-acb1-6ba8ea25f52e,True,sms,en
44df0dc9-35a6-4159-8141-4a8bf47c0e2b,True,none,fr
b5b5a474-4e05-47bf-b9a2-872e5dc9a328,True,sms,en
63af441d-70c7-4c4e-b495-80b967849285,True,none,de
3d6f18db-a49c-4563-9445-68d4e02bd664,False,none,de
21e6a119-3caa-43ab-9905-08bda65f8493,True,none,de
f7d61334-5d22-49f8-a022-903921239047,False,push,es
fd9f1577-416e-472f-aad7-7bd5c56293f5,False,sms,fr
03710ca1-feb1-4206-bd26-3bb8e6a1dac2,True,none,de
c502b1f4-b287-444d-b643-953150ebee0d,True,push,es
b7428f06-b3dd-477e-8569-96068f3d3dcb,True,push,de
4ba2a669-8d0b-4aef-96c0-aae24b7711ff,True,sms,es
c912d33f-5dc2-4ec9-a126-34b598046705,True,none,en
961b1333-d41e-443a-9880-0b1c8c59e141,True,email,de
98c7adf1-31bc-45c1-85fb-dbf53b4a53e2,False,email,en
82205f5f-43a1-4172-aab8-523ed6a89f26,True,email,en
e83c866a-6830-4488-8842-ce77146d8d41,True,sms,en
598904ac-fa48-43af-8fe9-41388451ae53,True,none,es
b43d4e7f-d2c2-4f0e-a706-cfd02d61a398,True,none,en
8834bd0d-66fc-44cf-83bc-c787f024b078,True,email,en
d2d5925b-c91a-440d-a613-0c76f88845cc,True,sms,en
bab8979a-8cd9-477b-bbd7-2e1dbab88437,True,none,de
387603c1-d2a6-475e-ab4c-9ba7aa78bb27,False,email,es
b08f3b44-9c9f-407f-a89d-961068f5f58c,False,push,en
167ce993-af12-4071-a5cb-fb3f09045741,True,sms,es
902c8ddc-8ba2-42a6-b380-4afc64f50ffc,True,email,en
e6ef189a-76de-4ef5-ace2-676d69273e22,False,none,es
78e4ffca-cfe4-42f3-9ef0-98ca1bb8cfa0,False,push,es
3d0fd916-f8d9-4f59-9d2f-75d16ed75c58,False,push,fr
33326773-e843-48d9-9641-9990733d705a,False,push,en
0bc37503-ab88-4833-9b4e-1355bdd20deb,False,sms,fr
f1c35457-d11b-4726-ae58-b98a09167675,False,sms,fr
67d2941c-ef55-4f74-9994-431a09ee14db,True,sms,en
9c98b2d4-f4f3-440f-b28d-0e1ca7a152a5,False,push,en
baa48fe5-b7a4-4ea7-8eaf-5387ded157f7,False,none,de
bd463573-d217-4411-9ac0-8b72bd7609cd,False,sms,en
d82c6a2f-7e02-40de-81c3-c42ef14d8460,True,push,en
a5066e8e-de65-4798-9ed5-f6cae5f86031,True,email,fr
1c4a9464-3e0e-45d2-9ca2-87c36b03f80b,True,email,en
5bc10fee-ced7-43f1-91e5-597bd89faff6,False,none,fr
9ede5407-362e-465c-a234-482e1f2411c1,False,push,de
adaf0597-4b7f-4b6a-8881-40f3787bc862,True,email,es
1fcfe435-1e78-4646-a517-19906c49735a,True,sms,en
ed46daf6-4c46-4af8-a80d-c0cf0b307966,False,email,de
5d24b6bc-2eea-4766-a11d-b0aed43f038a,True,none,fr
a7cebb21-0f26-4834-8a09-e3269b21a77b,True,none,en
2dc965e2-d3fc-4bc8-a118-d1636dbfe8c5,False,email,en
7bd64d99-cfe2-4e61-aed9-8b6f3d410468,False,sms,fr
d1c356c7-a230-4e49-abb6-3eb1f58155cd,False,email,en
3e5dc535-3e67-47d0-8eed-547c7f51e8c9,False,none,en
50fb8eb8-955f-41ca-ab6a-faaff8141652,False,email,fr
922d63c5-873c-4693-9775-df99ba006ccd,False,none,fr
72fd6924-b954-4c8f-9c0b-2545d0efe53b,True,none,en
49a962c3-f4f1-4c85-accc-a1e3a243a202,False,email,fr
e6e0c2ef-00b6-4d38-a129-32d4aa4e795d,True,email,en
6f2f044e-7270-4c80-8003-fd28bb66c57c,False,sms,es
b65fff66-1997-4dd8-bc91-1349a415e4a0,True,email,de
d6914b8f-0d72-4044-a61b-055adb02f005,True,push,es
76d2b7be-1fa1-441b-9de1-97c64d06c646,True,sms,es
19a91b0b-51dc-434f-978a-177588409f99,False,none,de
eefcf9f0-dbd0-4907-a619-121deeb825dc,False,none,en
d4d6c47d-5048-4008-b088-4f13691fbefd,True,push,fr
7e06ea60-a336-46ee-a77d-ca114267af0d,True,none,en
187d49e0-634f-4e10-a10c-3b0be7408be0,False,push,en
96e4788e-210c-4cc9-97f7-b6b855134e0b,False,push,de
53ed5bac-fa7d-4b1d-a73c-6c2b9845c1d1,False,push,fr
748db0ca-899a-4da8-8177-2fa1ec2a9302,True,push,en
ce8210c0-c537-4fd0-80ef-c3e8063b748a,False,push,en
0db82818-585b-4e3f-9898-2a72727c2e42,True,sms,de
bf32ccad-096c-457c-9147-6f220d46e227,False,none,en
2660b7ac-6c46-4392-8ddc-26194c532341,False,push,en
447fed8a-4bae-41c5-b5cd-cbf6a09c4782,True,email,en
f9c2b37f-2e88-4008-a277-99f35c4760bf,True,sms,fr
8020c8de-2e83-4aae-8bd6-638db33f0978,True,push,fr
65dbcba7-fbb7-4837-ace0-5cd3cc5dd4a4,True,sms,es
c90ea8ef-05ef-4528-bb65-06a8180093d8,False,push,en
6ffc9798-2bb6-43ca-823b-e9dda0935299,False,email,en
0e7b96a0-3300-42a0-b46a-0376d91610eb,False,email,es
4acffd44-9d77-4c09-afdb-e7f93ee5518b,False,push,en
c8544096-3228-4db0-b3de-4f0da1974b40,True,sms,en
5a2b4f14-e7ac-4b3a-bf58-688bca696e5f,True,none,es
9adbebb4-c5dd-473e-b0ca-c36f10577392,False,none,en
5e3636fd-a0a7-44c0-96e8-3d906cdbb119,True,push,en
a4512e27-9e9c-4aa8-bc00-11e9e1f1fd9f,True,sms,fr
9d37a85b-84b4-486d-b852-fd896a50fbf6,False,push,es
3d097c4e-dd09-4cfa-8460-39fd4fb8a1cc,False,push,en
d285a28f-6fa3-4c70-9469-73e7fe1787ae,False,push,en
446153de-73e0-4d85-a593-2c3ae8664564,True,email,en
53352c2c-02b9-41af-b276-94d6d22379fe,False,sms,es
4041ba09-7a39-4b37-9e0e-f39a765d9c82,True,sms,de
80968676-93cd-4bf5-a9f9-595055ff800a,True,none,de
bb0bc182-b8f7-4f26-b794-dca522dd4cec,True,none,en
8e6a03da-15e7-44e8-bec1-426b65edb389,True,none,en
a3867ed0-9303-4ce2-b40d-a9711a5efef0,False,push,en
7d0a9ece-1d73-43ea-98e7-8bbe21e890ec,True,email,en
2f76575f-2d85-40ca-8f3b-82b14debc678,True,push,en
fc41d86f-78f3-476a-882c-3eafc02d61f2,False,sms,fr
72874237-a564-45ff-95cf-5fb3ab18e7c8,True,none,de
a311b0c8-1b63-4405-8097-09a984512389,True,none,es
7b971d80-7566-4bfa-93b7-b87270c4b732,True,none,fr
c64e9b29-2c3f-4a02-bf80-175c5a980c92,False,push,en
7528c8de-b892-4894-8892-94a29730aa9c,False,sms,de
1bcdbd0d-0e2f-4fdf-a8d5-214d3b49c7e2,True,push,en
5261268c-aa94-438a-921a-05efc0d414ac,True,push,en
4d97e8a1-7720-4190-b326-dccfa2ec4426,True,sms,de
d6de888a-0aee-4f77-a7d4-daba8f0da415,False,none,en
cd709ef0-753a-4968-b981-ab264708b37a,True,sms,es
8cef9627-37e9-4bad-a5d7-69f87f291c90,True,push,fr
34b17474-7fef-4a04-8009-f83028f66521,True,sms,fr
35bb651c-499f-433f-b5af-b793b285e727,False,sms,en
3e28e5b6-fe21-474e-b5bc-95ac85c187ad,False,email,en
be999c23-fb5b-4060-b4aa-bd50fe8ab5f6,True,none,en
0855291e-0a0d-4e17-931b-beabbc173f85,True,email,es
87fc5559-9d20-4780-8c0e-b7c248cd6236,True,none,en
878f6e41-bcd7-4f18-aa89-90133272eafa,True,push,en
90b6264d-1278-47c8-a418-6498aac365ba,False,none,de
7d4b9dcb-d4ff-42fa-9c58-5657c61f4954,False,email,fr
4671e25f-30dd-4e69-bd9f-8b7f48135732,True,sms,en
254292b3-d9f3-4b20-be39-1db058d17bb9,False,email,en
1acd402c-8758-4f7a-9a24-57636d44ede6,False,none,es
1d94038e-346e-4263-a10f-7fa4e5d1179e,False,sms,es
b51ad0d8-7b4d-4859-8de9-fd9feb62c888,False,sms,fr
ce5ac3ba-cbec-4482-816e-1ee6def437e2,False,sms,de
4d481210-54e4-4e94-80f3-81ba408de5a5,False,email,fr
bbe44e0a-dc83-4c13-a357-89d0c4f06f29,True,none,de
09a354a5-a7cb-4687-8a52-c4a71feba0d2,True,push,de
d33f758e-ba0e-463c-ba18-0cd99108c547,False,none,es
a6e1b4c7-24c0-48ca-96ee-6d0a46348a82,True,sms,en
628b0262-278b-4522-aa31-ed61da01b78a,True,none,es
4d9a6ab4-f181-4f8c-9beb-e4cd9774b5d7,True,sms,en
6aff094b-52ed-46fe-8904-5752ec7e76ec,True,push,fr
f55982fc-a2f7-407d-b845-3b32df0463f7,False,sms,de
013b644d-5645-44bd-8ca3-d7d254b2ba18,False,push,fr
36654075-c818-484d-aa9f-b6e8834b1bd5,False,sms,en
a2effce6-3ad2-4811-940b-bbb5a4ad9b67,True,none,es
f419edd5-8bb5-4809-8cfc-599ab209f6da,True,email,es
e6debecd-a5cf-4ced-957e-7fb31720480c,False,none,de
f714d574-6aed-4017-952f-ff5bc4155939,True,push,en
7160f724-2528-4ac3-ba79-b6e99e6b8a01,False,sms,en
35292459-521c-4d3a-a786-3b68116663fc,True,sms,es
acb70464-ce97-4c94-a4bf-b165bd1b2fed,True,sms,de
d6cf7caa-9dd8-48c6-b4ee-5a02f62bb280,True,sms,fr
23c5eb35-05e9-4347-8854-ee86ec27393e,True,email,de
859fee02-f1ae-4067-a05f-d5db7dbbb2d4,False,sms,fr
6d883826-0157-47c4-a6cc-cb8134bcc6db,True,sms,de
827eed18-8ab1-4e5d-ab00-5d8ac9bb168b,False,sms,en
438005c2-dd1d-48aa-8bfd-7fb06851b5f8,False,push,en
b761dca2-f8ff-4709-b645-9b0591dfa353,False,none,en
fa5ae382-e7ab-4d94-bdfc-7d689bc335ab,True,push,en
7767d63a-0293-4866-ae0a-724670463aa1,True,email,es
d50199e3-7c9b-4921-9920-d234b5fc561a,False,none,de
2444fa55-4e76-4e0e-8880-6ccb037e3479,False,push,de
b2664ec9-be42-46bd-9f6d-073a50105636,False,sms,es
090fb913-1317-4169-b150-64e304451d38,False,email,de
99b2e147-d4f4-4a75-8f55-17304a277ed2,True,sms,de
239409e0-b3ad-4bf6-ba7c-08628ee3cbee,True,sms,fr
4b761c33-8a8a-4dbe-a0d0-fa3261b391ee,False,push,de
a30edde1-4a46-4acb-905c-013e285a8101,False,none,en
0815e683-4b1e-4ea3-b9e8-9d06bbfaedb5,True,sms,en
5a62f2b9-646a-4b84-b570-661ca33a139f,True,sms,es
c5dde410-2c70-486e-bb0d-974b2798825b,True,email,en
46d24c86-1a31-430e-b1c4-1f4d8632c5ee,False,none,de
07837268-1f07-43d7-a271-fa0ab4370eee,True,none,en
55ae024c-4a5e-49d8-be84-2f493dc83880,True,none,es
f0496969-2829-4c93-834d-07ef9042cd86,True,none,es
aac35f19-8d02-4c6c-b979-74da55c9ddb1,True,push,en
d0299f60-146d-4716-bc55-eb830a04779e,False,email,en
83864095-dda9-4a16-ab3a-ba6429fa3dbd,True,none,fr
352810e9-e0fe-4062-a808-83f47ad5f4d4,False,sms,en
cc1816db-c3dd-4c16-8ea7-18fe313472b9,True,sms,en
9368e74c-0581-4d77-9358-94e415a80423,True,email,fr
ce5679e9-296a-4566-ba46-98a3e0a94136,False,sms,en
099dd9b8-0a76-482f-92e1-f754d25d5aee,False,email,es
41c59ae8-bcd0-4d00-b8e9-bfaa0ce5913b,False,push,de
848c50eb-5e2a-4b53-b6b9-751bfad107b7,True,none,en
1b25718d-795f-4b30-a424-50167ae8c0ad,True,push,fr
34a9dd73-95d0-45d9-a3fb-636e4e080a6c,True,email,es
5d5ea9b6-fefd-4e25-850a-9c2d365e7e27,True,email,en
a43342bc-a956-480b-8ef3-7b28e61c9b9b,False,none,en
8d5fa184-5966-49ce-b3e7-4acfaba98bfd,True,push,en
18e7baeb-a66e-4a7d-882d-355810698bc3,True,push,es
2251b079-d6df-4d71-bd74-d2a00e841a9d,True,sms,fr
a0f290f7-884a-4d5d-b502-f43702abb2db,True,none,en
6a9699dc-eba5-4045-9b96-91504f0cfe77,True,sms,de
547f74d3-e5b0-4e69-a707-74acc44f122c,True,push,fr
2a082be2-fc91-4d5a-accd-200e91693b07,True,none,es
fd12529b-56bd-40cf-a742-a90ad36add5e,False,none,es
eb16c915-257c-4e0d-8f75-ef88a49065b6,True,email,es
d224c314-09b4-49c7-9490-53d3247615d2,True,none,en
8f40d15b-7ab5-4fdb-b9a0-767514af456f,False,push,es
2030e11b-f809-402e-8a1e-00aa3cb751da,True,email,es
e6173937-b216-46db-b863-ec7526285150,False,email,fr
1380e029-b899-4413-a8da-0741720a6a06,False,push,es
b01b46fd-8f75-4db5-806d-c5c5980008c4,False,push,de
787f43ea-3f2a-4f90-967d-6479bad4f1a9,False,none,de
bb9bad76-c7ec-4f36-842c-54c3bbb40467,True,email,en
8c39c27b-eb7a-452f-9581-a78bdf3ed9eb,True,push,de
a5f46489-06cf-45af-9efd-dbd27067716c,True,email,fr
d31efffd-fdc4-4168-ac26-83b67a6c5c47,True,sms,fr
758b4602-0ce0-440a-9584-ad59ce4216ad,False,push,es
d78e6e3f-3ff1-49b6-9dcb-129816aa0ecb,True,push,en
40cff0ad-5c91-46bc-b72b-737347aafb25,False,email,en
1435b563-f156-4cd8-9f3d-6224260e26a4,True,none,es
7532eee7-0f38-4249-9459-e40b83d75db2,True,email,en
b0cab1cc-6689-4922-a78f-5c6e1c458cd1,False,push,es
72492cee-bfcb-4501-9a63-5afe45f5215a,False,none,de
a59ab98c-fe50-412b-aa83-a693a561092f,False,none,fr
19a47a26-3ca3-42d2-9e2d-8da79f09b587,False,none,en
2aee3fe5-2eb0-4391-bb79-d4d4ffdd9931,True,email,en
33d208d7-91f2-4d70-9f75-c1bf87481c15,True,email,fr
8beae791-1455-41dd-a451-67f75ee83ea7,True,none,en
771f8441-b432-4b8a-8f8c-8890904c8a52,False,none,en
6bb3949d-b446-4beb-bcc9-01846e7ef85f,False,email,en
01a03f19-633a-4474-990e-57e75b98e60b,False,sms,en
b4624db2-8aba-4c57-a0f7-0f5cb8bf0a04,False,none,de
70a0c69e-1bf5-4805-bf9c-4714e193f75d,False,email,en
257291a7-c562-45b7-9229-49a527229518,True,sms,en
0206c59d-8464-4845-9680-9463df25efd9,False,sms,en
2a0095cd-099e-45f3-a8ed-241dbe5cde18,False,email,fr
31006b42-8446-43cf-bd23-af4d84ca2c85,True,email,en
89b94667-2d12-4e7a-bfdd-f37056d10195,True,none,es
6b9cd81e-126c-4c53-b6b5-575d78951256,False,sms,fr
94a6d963-227a-4d07-92a6-0bb60ebd66e6,False,sms,en
e9f40ffc-bea9-4cc6-abca-7fe897f37903,True,push,en
0313557a-f7d4-4834-be26-3977f30a5235,True,email,de
7d624fe1-d3a6-4326-a6e6-32ebc0c46ea9,True,email,en
f4c4994a-5a77-4a2f-902b-4f69c22ccee3,True,sms,en
4955904c-175f-43ec-b76a-bc70d836d508,True,sms,es
d18e4429-67b8-4ac0-8d74-6c1d026d15a7,False,push,en
3fa371d4-77dd-4e91-9a2f-86801b001903,False,email,de
b0581066-18c7-4fcf-8fa6-a671cb141ca5,False,sms,en
0e4dbbf0-e4a8-4015-9595-c0b9bec0f9e5,True,sms,de
66dda3b2-66cf-4b2b-90b2-91abe28f6aa4,False,sms,en
758d0e66-e551-46a4-b8f9-0a98d7161e93,True,none,en
a2ae6f2d-02bc-447f-9852-0d197780e7d4,True,none,de
359c05d0-e19d-463d-b3b4-43a0b4a3810f,False,sms,es
49c4bc11-2495-438d-9b87-3c395574433f,True,email,en
bbc4757e-2351-486e-9ca8-f73b9dac716f,True,push,en
67f25b4e-183c-4a43-9227-09966e445b42,False,email,fr
9400a9f1-7dfe-440e-9992-ce7a2dd5b296,False,sms,de
d9464bcd-0a19-4058-8fc1-bea843e6c339,True,email,en
2949aa7a-85ad-46d1-8409-bf608167f72a,True,sms,en
2dcc7662-f1ce-442c-b998-bbe351d5e186,True,sms,en
58491188-36e5-4fb3-ab3b-514e78a270a6,False,email,en
f03fb49f-283d-405e-bf8d-52046ca6e77d,True,sms,es
795d2b23-6186-4d66-beb4-690083c579a2,False,sms,en
49a68f77-776a-4b4b-b668-48e489f414ae,True,sms,es
2d4e6ed6-f081-4049-b92a-7792dbe97b89,True,email,en
5a589b0f-69ac-4256-aea8-df379845f417,True,push,es
22dc524c-5b2b-4982-a2a7-2a5f5a5b9ca5,True,email,de
249c5605-e2c1-49de-825b-aeef4ba19a9e,True,email,en
5a95b7ee-17bf-44cc-9775-835c337d4cb4,False,email,en
8f4f1f50-62c9-4870-bf5b-bdcd357f8ad7,True,push,de
6d83b2dd-2590-42ba-8d66-d65101b1a517,False,none,fr
45233069-2809-4274-b243-98792794b3e9,True,sms,fr
b66b0e13-b74e-40e7-b3e7-1583f2f08a9b,True,sms,en
85e030d5-7bbc-494b-baab-665c95549265,True,email,en
0c7084bc-19a5-4ad6-bb26-a25f9c09b324,True,sms,es
43317971-4c76-44db-9b97-011579286ea5,True,none,fr
b66095e0-346f-477d-8c25-3b70d4dfab70,True,sms,de
2f0fa97b-f713-40a9-8e11-3e18580cd97b,True,email,de
670a79a3-05fc-4a33-8b9d-1b6df80347f4,False,push,en
b6b6f9ac-f08b-4ef6-8e52-a2c0bb49b17d,True,none,en
26ebc43f-cfbf-4fa1-9c7f-9134871f7b65,True,sms,en
1c3dc001-75eb-4fb9-b3ad-59a3be5b31ac,True,none,en
1076f00e-5dd1-41d1-b2a5-0c59e18a5310,False,sms,en
12d19891-03e3-455b-b4f2-7d8f8f6b8f01,False,none,fr
1a1fa253-a2de-457a-9397-7c6c80d5d589,True,sms,en
bbffd265-99c5-491d-a03e-fee1fec9e123,False,sms,en
355d89d9-bf5a-41df-9382-a5e57cbbbec4,True,none,de
0a34659d-f0b2-4bdb-bf92-759aea838e90,False,sms,de
191feb1d-2def-4cbf-a8f8-ee3eb3856ea2,True,sms,en
cfefbf12-9a5a-4d61-a708-d92f785af097,True,none,en
4c11a926-7100-4d06-8910-5b0d5f3d7e9a,True,sms,es
c958448f-45d7-416d-a358-45098ec2a9da,False,sms,en
3870073a-f764-4a2b-bc64-18e4569bf784,True,none,es
ba2bf5e1-4b63-4bb3-b83a-f10438f84258,False,none,fr
28f88fb0-d9fb-4c32-8470-1738493e863b,True,none,es
fe2e9f59-c77b-4756-ad2e-fe864a560344,True,email,fr
6058494e-8390-41a7-9c1b-182902dda8db,True,push,de
425be648-8195-4636-880e-d86e4cd8e38f,True,push,en
06a161e4-302f-4ae9-b96b-2734ad33f946,True,sms,es
c108b321-1696-4fbd-8457-87fd61ca65d8,True,sms,es
376d586e-00b0-4a49-9695-ddac46fb337e,True,push,en
be6fcaa5-9911-4bb6-b97c-47eb53c88b32,False,sms,en
16e8d4f8-2451-446f-a254-3bc68e40621b,False,sms,en
5948da4d-8a3d-4122-9885-6f62f017c7b2,False,push,es
466ab61a-8180-4d06-90cc-2a380a0e6f0f,False,push,es
9e22e2d2-ef3f-4b75-8aa0-f3ae453183e1,True,none,fr
bb35efe0-ac42-4801-bc72-7bea481716da,False,push,de
6fcd3399-b9d5-4ab0-9d50-385be83fec9c,False,sms,en
c2457423-d813-4e9b-8cac-e77de71eef5d,False,push,fr
e9647282-4e31-40a7-a07e-5d10cd7e447a,True,sms,fr
2dbed2c3-1c68-4b90-a343-39b51de57b45,False,sms,fr
ead66f31-3437-42c5-9145-8281898ce326,False,sms,de
2068f48f-4c39-4084-81d1-95af149d8547,False,sms,de
40c889c0-2020-4661-bb9a-564950b1a262,False,push,en
8f34cf8e-4ab5-436b-b34d-d43e654c8d6b,False,sms,en
63b14504-d172-4e5e-b0fa-abd9cb43352e,True,sms,es
6cb96ee5-043d-47e6-a79a-67e7b0fa034e,False,push,en
847d46dd-9721-4351-8bef-5c2292b57d6f,False,sms,en
7eaca096-c253-48ee-936a-8ea930759d59,True,sms,es
4da311cb-8e0d-487a-8fdd-4a94529db3e4,False,push,en
a1be3ec3-e6d6-43ba-8011-02ffe7491e78,False,email,de
b8ccafb8-eae9-4e35-beb2-afbc3cb9690c,False,push,en
e60ba363-7c8f-4fba-8c98-2d4952e8fbc5,True,email,en
3b0faafa-80d0-490d-bdd0-fe1f13d22058,True,none,en
1095b08b-dad8-473d-9ec9-bafeb20e71c9,False,sms,en
3b47f466-5256-41a1-951c-efee13597676,True,sms,fr
dccd3e5d-2076-4fc6-aa79-87579e134ce1,False,sms,en
84ee8f13-e5a2-4988-8f65-daa65801c5d1,False,push,en
50a2d1c4-d788-4498-a6f7-dd75d4db588f,False,none,fr
08ed887d-1b8b-4850-a0ef-45b78a04e4d7,False,push,en
afdabd06-a2b4-497a-93b8-7bcf582b5d3b,True,sms,en
b0da7a9b-77d7-407d-8506-51705503fa05,False,none,de
f285aab8-56d5-40ad-92f1-61b0a4498890,True,email,es
cd8175bc-ff34-4742-8b86-61ec290e632f,True,none,en
efb0203d-c970-47ec-8644-2090a658224b,True,email,es
aef5051b-ee62-4974-994d-fbb200c5f89c,True,email,de
e7f5d853-30ed-4302-9303-e11752f57b2f,False,push,de
cf1ff13a-ac47-45d6-92eb-1583ead19df6,True,none,en
afa83ff8-2b40-47b8-8bcf-1f9285c11695,False,push,fr
0e105436-465e-4326-94d3-f6a0e7051725,False,push,en
52ecad80-29ad-4b94-8e45-82007ac63dba,True,sms,de
84a120aa-c994-404e-9e74-8277a6f9eb4e,False,email,de
e69b7e32-9292-400a-b228-b3ecc6727760,False,push,de
28c1b6d1-da1f-4187-98af-4e43f096b00d,True,none,es
95381466-0836-4fd0-b05c-e8ca6147a51f,True,push,en
6b991ab8-8048-4161-b67d-7f862b2cc13e,False,email,en
1826e2e6-ccef-4719-8707-4c18ec953356,False,email,en
5b2179c5-dd1c-45b4-b99c-10f1c7c201f4,False,push,en
91c5349a-5fb8-43b5-8af3-1b0018617bc3,True,sms,fr
9f72b282-1f70-450b-988f-9b3029fa121e,True,none,en
3f13d579-3df8-478c-b978-eec7255facfa,True,push,en
b9915f58-4f74-4518-bb97-0b1e58c541a5,False,push,en
1c8233dc-8ccb-4d27-84e7-e00d33ff6674,True,push,en
aece6b12-b296-4a1b-991c-ab89ac207fed,False,none,en
71c65b56-3757-459a-ac5b-b50c76fb6a5e,True,push,en
10d7cb3c-5a86-4eae-9da6-611ddf67fdd8,False,push,de
51d5c171-5764-4f95-8919-dd46d204df4b,True,none,en
7bb37398-522c-4b94-95aa-882d79ae2041,True,sms,de
6a7675ef-2c9d-4e2d-80c0-b5f38fffb6ea,True,sms,fr
531465bc-638f-4adb-9b47-cf0c1dc55550,True,none,de
8d5d45b6-2bf0-4380-85a0-b73fcbc86e94,True,email,es
8e91d584-8798-4b43-a077-64b5334460b3,True,push,de
47334d60-a9ec-4cf6-8af3-a2d030a6062f,True,none,en
fe21b6ad-ebab-42b3-b5ed-ad3529036009,False,push,en
f6722fed-e7e1-443f-84e8-a753dc7dcd63,True,push,fr
46d34d7f-a3a4-4386-89ba-fa5ac15e5a69,True,email,en
7fcd9f31-c0cb-4414-9981-9d014f593081,True,none,es
7aa35447-7686-43f7-bb98-14b1bc5fe250,True,sms,es
303bc5db-08d0-4431-b6df-29c80d0321da,False,none,en
f84190e8-5c4a-4bec-be4d-2e554dd46614,True,sms,en
28447ab4-5e16-465e-acd1-7fcacd2d97e2,False,sms,fr
8dcd5fa7-1a1d-413e-9468-5f4b02f2f3fe,True,none,en
c712217e-16e5-4f51-a9f4-055b5176e747,True,sms,fr
66983396-cb40-4613-8d6d-306b8f9ca5c4,True,email,en
189edb91-3f25-4f32-bfb4-64bd4052cb1c,False,email,en
d1a4b7a2-e152-4377-ad2c-08cb61ad6688,False,push,en
41653b96-0020-4b26-86da-cb8f9aac99a0,True,none,en
13b24541-2c78-41cb-a6b6-e8713ab9a16f,True,email,fr
f9f4d7f7-6884-4f0c-88d9-0d3432a666ca,False,sms,de
1b221ed8-52ce-4d81-a181-c5317da12a7c,False,none,en
a3c5ffdb-8383-4846-a0c1-c9bf88ba6832,True,email,en
582e9081-9542-4d02-9ed4-d41c93fa8b2c,True,sms,fr
3934f6b2-65db-491f-93be-76ec718440d9,True,email,en
2aaf9fc4-0801-4163-8cc8-39558682f704,False,none,fr
0f1df561-31c0-417e-909b-4b054c45baaf,False,sms,de
5f2b73d5-f495-401c-82ee-47cf4886bfa2,True,none,fr
8cf43099-d49e-4e95-8b08-3d61df8b947f,True,sms,en
ff29ece6-95da-4800-acd2-b14950a339dd,True,push,fr
a0a83e46-f548-4a18-a79a-5ecdd85b6c8e,False,none,de
b4cc95b0-6dbf-4264-a3ef-43fbbadf652a,True,none,es
612533b6-7eaf-45a2-b9d4-06192ce5620e,True,sms,es
5daa5d95-314b-4f5e-8926-8d61c9d4daa1,False,push,de
31d39d83-97c5-4a86-8d98-c9ea5e4d6505,False,email,en
416cd82a-8e13-48b3-a6e1-dadbf5a29d2d,True,email,es
9094466a-3714-44da-802d-85c2317b80e5,True,push,es
f3c5c37f-bd98-40b6-8f8b-eeb75218bbed,True,none,de
8976b896-e0e8-4696-b268-5587e42efaa0,False,push,es
b0fb926f-1c66-426d-b796-e9d801b13122,False,email,de
2f162c0f-4d00-4d10-88ca-6dd2b94f24f5,True,email,de
89a5d615-2bb0-4843-8177-90bf7f452bfe,True,none,en
1069ad16-5cc8-4f60-83a5-08e7e0beeb5c,False,push,fr
848bb1e9-3367-4758-8f73-e886fadfadab,False,email,en
153f6ea8-c8e7-4bfb-8273-72ac137733ea,False,none,de
43df30db-068d-40fc-8576-7e2f6e62f2f6,True,none,en
d77ac8a9-6445-4f65-9a77-b0fb3abe853d,True,push,en
6deb3adf-b348-4736-a975-af07bea72c06,True,push,es
b6552330-9932-4624-8855-b5b7aa13d3f4,False,sms,en
36708614-1e24-453b-8593-b03eb1a7c5b8,False,sms,fr
ab13dd68-d82a-4dbe-b352-0f4df96ff5e3,True,push,fr
53dda453-796e-4167-b482-7449bd52694f,False,push,en
94e0e084-e14c-4061-80da-7e6030bf14d5,False,email,fr
0f8ab48c-b1fa-4600-9712-1bc2a02d8f45,False,email,en
f1c1c41c-e3ac-4d0f-9604-06a648c54aa4,True,none,es
e8da2040-0489-4880-a881-ef127727f204,True,email,fr
284f711a-5e5a-4929-bb5d-5ddba9a4a773,False,sms,en
e52a8700-3ab9-4c47-8a16-e799e997a931,True,push,de
5da6ee93-0365-4464-849c-cba666614c05,True,push,en
120d57b9-de14-4717-aefe-ab126645435d,False,push,fr
3f5140d0-d9ef-4655-a6ab-69e5e6921143,False,email,es
c50959f1-d990-44ff-837f-4062c769ae54,False,email,en
2ba287a4-72ee-4028-bc13-39a65e78db4d,False,none,de
96aa3e1c-ce39-4f76-b813-c9b4d59c0cdc,True,sms,fr
6f595044-c1c1-4b1b-8b9a-6ba836a7d845,False,none,en
8fd99d74-d73b-4014-a8fa-a37b39befe36,True,email,en
b1554012-ee9c-477f-a055-e067482499a6,False,push,de
c401aa52-5d86-4872-a6fc-75f431023457,True,none,en
f772193d-0b52-429c-ac06-5e9986fefa68,True,push,es
117583ee-3cd8-4690-89c9-d804aedc86a8,True,push,de
4b503eb1-da2e-4115-8f64-b4dc888db448,True,push,es
270b35bf-74ca-4601-91d8-16fe5196ca5a,False,none,en
4feef355-aeb7-41f9-a391-7f991eeb7b15,True,push,en
45ed3c5a-3c94-463b-91d2-73d3333fe5fc,False,none,de
d7615aca-6de3-4a17-8fd0-212330ca9c28,False,none,de
8639eac0-9cd8-4fe5-9e10-8526a16018d1,True,push,en
8ebb4b7d-ed19-43be-a647-6c3a9a6a166a,False,email,fr
3b5801eb-5e85-44e1-abb0-6e1879e5e0ac,True,push,en
6f80c5c6-04ed-4548-83b7-aee06e3700c4,True,none,en
861181e6-5d97-48a8-bbe4-226caa976140,True,push,de
e4adb740-2faa-44fc-bc18-4aa698032414,True,email,es
68f7b3c8-c205-42bc-bb75-a97603ceab5f,True,sms,en
41ca48ad-5cc0-4e25-83df-63d166b91a12,False,none,es
71f1cea1-588b-47f5-93c3-4e649541a9e4,False,none,fr
367f1e9a-938e-4d15-8ec1-50ce91fef6ce,False,push,en
0d78df79-b2dc-4cea-b7a0-712c91c0433d,True,sms,fr
0b7ba743-6819-4540-8542-b7fa14bd996d,False,none,es
da9de603-2c96-4356-820d-7c1e9ac4dde7,True,email,de
5fccc95a-c30f-4525-a4a6-43861baae99a,False,none,en
bacd6bed-844e-4650-8181-7f73dd1352e2,False,push,es
b0382b3d-f5c4-4ecd-9e82-9ec911feb36a,False,push,fr
e100dd4b-6c96-4036-88a6-8813aa5a718f,False,none,fr
2ffdab76-6ec7-4dce-bd58-e9b2f6da991c,True,email,en
10687c1c-9437-400c-a604-0e19882c65e1,False,sms,es
9ff834d1-4ca0-4dd5-bb53-ea96ad8611bb,False,email,en
64fec69e-52e2-471f-9fbc-7a8e33f991bd,True,email,en
07ef23e6-1d65-4721-a3ce-889f1c58f021,False,push,en
0488eb84-da07-441d-ba11-055850946457,True,none,de
f3abecde-d032-4605-876c-6373a9a9e65b,False,push,en
62b38185-a937-473c-b04e-833be36219e6,True,email,de
8e5821f5-d035-421b-a56a-6ed02c100432,False,push,de
c1d42cf2-74d9-44b1-a0a2-c85935c413be,True,none,es
285bfea1-4dec-4f9d-a9f6-3b3cb20fdde9,False,email,en
ed5f2f3e-8bef-4da7-b30c-90c3fa5f40ea,False,push,fr
05f69a50-2703-4591-a792-14e2e5994b43,True,sms,fr
f6489f0b-4a7a-4dd2-97d4-d0008f662858,True,push,en
723f776c-3ad0-4fa2-8177-a80f2cab59d9,True,push,en
534f7dee-6c8b-474d-b7be-41fa1dbbe93a,False,email,en
359ce707-dfea-41f8-be3e-8689b460486f,True,none,fr
c0ec2b5c-22e2-4010-a8f9-94431d5860c7,True,push,de
8386c889-4e1d-49ce-9d61-12c967dad0f9,False,none,en
f3feb7f9-9069-4fd7-be91-3800d1307935,True,sms,de
d51ebab3-97b1-482d-9ccd-7368f01000f7,False,none,fr
af16d888-ff4c-4c16-a2f8-9e2a3a9677c7,False,sms,en
8e104807-9dc2-4625-a1b7-9d858ddd96de,True,push,de
ef097aa6-f4d9-4c16-bc17-a7cc87116f35,True,sms,es
43217606-3354-4bb8-b967-c358331d8375,True,none,en
3ad60b3b-8b4b-4504-9d49-adfd74fe548c,False,email,fr
8678daa5-37e5-4e54-8c81-551df8fb8c0a,False,sms,de
9eac28b8-2264-4e48-9c2c-b3f7384bc20a,True,email,fr
bf060a41-af0e-4932-b757-4f010ccf07f1,False,none,en
caa8f40a-63c6-4789-87ad-05b99d694a15,True,none,en
b2310c7d-702b-4e62-b938-3b19262bd9e9,True,sms,en
7755a749-3460-4f0c-a33c-428dccd20885,True,none,fr
90249383-3427-4005-a185-d20f5542dae5,True,none,en
a054cb90-d7e9-4236-9533-fc7fd2b1fd77,True,email,fr
18b69140-479d-44b6-8369-04a49414f975,True,email,de
2661b9e7-3b2c-40ea-b349-251363d10a4e,True,email,fr
28a5a7b8-b34b-47a6-91f7-8e384d6b6f59,True,none,en
436ca6dd-1cc3-4ff0-986c-eabb97606b9b,False,push,fr
4675a031-3216-463d-8c4d-42ea1283bd56,True,push,de
4740d6a5-b760-477f-83d9-7d1c3e04f0ba,False,push,en
890861ac-5e77-4568-aaff-807b37e6f872,True,sms,en
04b679f3-0691-47bc-975a-fdac41f52db4,True,none,en
ddd9ed38-6351-4568-b08c-8f6c92cb84a8,True,sms,es
15aeedcc-eed4-453e-850c-7f876e54c4ab,False,email,en
3218db6b-84e5-453d-8de9-a966eecbacc6,True,none,en
627b564c-f368-4634-b7f8-d7e1c5ee980a,False,push,en
a4bf9059-6cd4-4e62-9a86-ff20975d7434,False,push,en
05fae288-07c2-4e99-a945-fa3fbfa123ed,True,sms,es
7745384f-ccaa-4363-a18b-5e9ff0a824c0,False,push,en
99908d5f-92b2-4e74-812d-8fbf41ddc894,False,email,fr
c0a8be37-975c-4b34-8989-1eb846c63871,True,push,en
9a689679-4c75-46ba-92d3-6b5b0c51a34a,False,push,en
6bb94756-3d64-40f4-9ecb-bc26ede41625,False,push,en
47e4f30d-f965-45df-8474-93d5aeaf7cb2,False,push,de
a296a891-b126-44e1-a271-9228cc28b3bc,True,push,de
b27a07f1-ddf4-4134-9f7d-1b1ac869b110,False,none,fr
9bac4be0-d703-4f1d-a088-1bdb362d3246,False,email,es
296a6b8f-b21e-4485-ad7f-18c1262a0764,False,none,en
4dc2aa9c-8633-4861-b795-5b285cf76a1f,True,none,en
5b4df518-7c6e-4957-8906-e33505acee31,True,sms,en
c710ee81-7487-44d1-b65f-69a898acaf69,True,none,fr
5b070f80-9227-43fd-951b-4c758d20070e,False,none,es
3eb1c53f-4af3-42d8-8608-40548ce4843d,False,push,en
50e6ae18-ad0a-4f68-bb3d-e1a8b80eb58f,True,none,en
4b8b181e-668e-45d4-a8e3-7180a41cf064,False,none,en
22a4c19e-c3ff-455d-8a3b-d4a9bd6b8334,True,email,en
103fcba9-e7d7-4b76-b162-0fc8a31cfa6b,False,sms,de
3c7a4cde-d92b-4d90-a731-9c0461ae8c90,True,sms,es
672a02fc-236c-4c57-9ef9-218b783ce0e3,False,push,es
c5ee9489-e7ea-4da3-9a86-b34c76f6d340,True,push,en
212484cd-56e9-4934-ab9b-69d43228ee16,False,push,de
4c710db6-7317-4d70-8dcb-6af9a4068e8d,True,sms,es
2e1fd151-264e-4a4a-8584-733dd5da3152,True,push,en
a768163c-0781-430b-8703-ce1ce473c762,True,email,de
0872893c-bf01-4853-b91f-a1cc0263fedf,True,email,en
b8cf5c4c-27e2-4106-9058-eb38559661e0,True,push,en
04edb858-b8d9-455a-a1f2-f236df11a91f,False,email,fr
12c154ff-46ac-45a7-921c-2404994ecc21,False,push,fr
7e26cac1-f9ea-443d-a6d7-b0d624d82143,True,email,es
5484b02b-221a-4bbe-86a3-3eccdcf8d2ae,True,none,es
5ed25035-4723-4154-823d-a8c8b4c02e51,True,push,en
139f4019-998c-4c6f-8c4f-a97a756af68c,True,none,en
4b14013f-d7e7-44b8-a287-329bf6e298c3,False,sms,es
d6ca3f18-6708-4e27-9196-8a2238aba9b0,False,push,en
a3d91be1-b5d9-4d3c-bdd8-ab49cd378f30,True,sms,en
f14bcc19-681e-43a6-94e0-9748a8455850,True,push,en
cd67e795-f5fa-470f-9a4f-4060d5951279,True,sms,en
0688ed48-bbd7-41d6-b5ef-c2cd771f72c2,True,none,es
8e119f8a-036b-4da9-bbae-98ab4fb61e2f,True,push,en
3f1fc492-e8ed-4840-97a0-a56592fdc1d9,False,sms,de
ce69d742-4723-467f-9e5d-262fff84a6a6,True,push,fr
e94d8a6e-9b23-411a-baf2-75f02c42d8cb,False,none,en
05d8d4ba-5569-4f0e-985d-5f63fbfee659,True,push,fr
fe1ef2c8-17e9-4560-bca8-d42ce43d899f,True,none,fr
2347081e-7ae5-4085-a0d6-d1f551721f69,False,push,fr
5b16d3ac-510a-4143-8a0a-785ce783f3d8,False,none,en
f962820d-d110-4903-9fbd-86a2ba5a9687,True,none,es
dcddb844-390f-4861-a4ee-0a32b75bb218,False,none,en
d88e53e9-6885-44c1-a0ce-e8ea44f2dcfc,False,push,de
faae2750-9c1c-4c70-96ed-e845374e4e5e,False,email,en
7b4010bf-8e77-489c-83e9-0056299e9429,True,sms,es
3a1577eb-7860-498f-936a-da13e16cbd8c,True,email,en
899ea741-e615-4f9e-ad30-286f6f306f00,True,sms,es
80617fda-335d-411d-aed3-ca3917a8cff2,True,none,de
5a056723-8fb6-4708-ba04-edc4e2854e74,False,sms,es
ed79e1d1-f247-47da-b20f-17c6184db706,True,none,en
430e5411-6ed3-439b-93c3-e885b2a37d0f,False,push,fr
19d5ac88-a8cd-46b8-9f3d-d5ef3a0adfe2,True,email,en
83967256-31c2-4fcb-a61d-2378ac6f1ad6,False,push,de
d3adc9f1-fd4e-45ad-9d75-0919a6617f7a,True,sms,en
848485f0-198f-4efa-8335-707db71a7434,False,email,en
1a1397df-b2b4-4791-93d9-87ac9062f545,False,sms,de
64ad7907-f83e-403b-b5b4-b1deded9bb1d,False,sms,de
eccb6e23-700f-4b9e-803e-9c681f12dd9e,False,email,en
2ef9867e-e76c-4d07-8089-7935ba03ca03,False,none,es
4cd79f83-9fc7-43e4-a4c1-89402b7124e1,True,push,fr
d64805ac-2294-4438-af7d-1f1483e8fd7b,False,email,en
1bf35f99-4627-4c80-a5f8-0797538eaf54,False,sms,en
d4d6e685-70a2-49ea-b511-383a54d18cfa,True,email,es
8e312b31-712d-4fc0-84dd-27ff2b1dd09b,True,push,es
ae6e644d-c310-4f23-84dc-5063fc2e2953,True,push,de
e50d93de-3e78-4f09-8406-df4f27f26c8f,False,none,en
4126c950-a88a-4305-895c-96d7e076897e,True,none,de
6a49a618-20de-4b7a-af94-1b4afeb9a85e,True,none,en
33ab4667-4cdd-435a-875e-305ea36ebc4d,True,none,es
2bdeb3b7-a894-4fcf-8218-e41167bc557e,True,email,es
fa2a460e-af12-4197-b38d-d2822d96e879,False,sms,de
3cc240f8-bb78-4677-a387-18bb7667c3ea,False,push,en
d7af9974-5b4c-4c70-85c5-1f7ff782da88,True,sms,es
f35eb7b6-1b25-433b-90b5-29212b72f6e2,False,none,de
2ef2eede-fcc3-4c79-a843-4f5ae828d591,True,none,en
863114b5-ba0b-4849-bbc4-d76d59fd0215,True,sms,es
a3f993fd-aeaa-43c7-9e5c-9ad7b7c0f8d9,False,email,es
d45ce04e-1258-4744-ab7d-af982c28565d,True,none,fr
5350fafc-45eb-4871-a195-d1cc090f9d9c,True,email,fr
e0cbd2e1-eee7-409c-9cf1-707eb4f867ce,True,none,en
33f27548-d085-481a-aa4f-a851fbebe0cd,True,sms,de
495a6541-1c93-4076-90e3-345d72d9c83c,False,push,en
b81636bb-71f3-4ace-8eb7-628abe1eac07,True,push,en
f8486fce-bc07-4a4f-a6e9-ed6a06ba996c,False,push,fr
59292cdf-6314-4444-aee9-45a78c76dcbe,False,none,en
7863e37d-24c8-4e18-8730-ea7e2a65606d,True,sms,en
c37c5233-7b26-4427-8ed9-ce36cc9ceb00,True,none,en
967d3e2d-8b15-4f43-a6b5-d1dd3934707d,True,sms,de
93c6c6a9-16fb-43ad-bd64-1ee5eccdd750,True,sms,de
3810f8e6-9278-4c26-9be0-d6d6c35fe477,False,email,en
bea5ef1d-43b9-4df5-b3d1-436f675ec066,False,sms,en
017413ff-58e5-4097-93e6-84f98038b20b,True,sms,es
61004774-fb70-403c-ae81-a1e9cd187146,False,email,en
5b6d3273-0554-4f9d-bc05-2157626c1ad0,True,sms,fr
27133460-80a8-449a-b422-65bfe97af456,False,push,en
ab833d6f-87cf-4229-a1f8-707b52a55e5e,False,none,en
866ec748-2021-45f8-9170-6c393fca1e65,False,push,en
b43ea9dd-823e-4930-9110-31ea0eaa05f3,True,none,fr
63b6d2f8-4e38-4b4c-bf67-6651399b4453,False,none,en
4d6ee3e3-9ec6-4c2e-9552-a75af6d19f14,False,email,en
0ed041f5-3d65-4f50-b23e-849b527ee107,True,email,es
77b903b9-c97e-44ae-8274-9dea7b101277,False,push,en
9668fd00-799b-4cff-811f-a3e0528d255d,True,email,de
bcff2252-fa4f-4a03-88eb-6ff7b0e010a0,False,none,fr
1f2b91fc-75c1-4628-aec0-5cbebc88f0bf,True,none,en
aa006c1b-6b97-4f02-99a9-57923d13eb8f,False,sms,en
0b4a904c-b6d7-4355-b1ff-3744b3831112,True,push,fr
1ed31084-8b68-49ca-91d6-7162d8521c02,False,none,en
6f1db361-6600-4690-8cd8-5520d4257b7f,True,email,en
8252af4b-fdbe-4139-b9a2-de4ceb670886,False,email,es
341da637-6927-4a64-8183-13ec96005b5f,False,push,fr
d5e5a6a6-cb8d-4d62-8551-298dee7f1f9f,False,sms,en
b4eb2e6a-e0ab-46b4-8a7a-cb2e92d8e009,True,none,fr
254a6b6d-5dcb-4d20-88ce-e2e448935a93,False,email,es
7c2a3f62-d757-4322-a213-921d7c370838,True,none,es
148d63de-77f4-461d-b3ca-5369e9a98e7b,True,push,en
fa08fd03-3569-400d-9d63-e8ae15712195,False,sms,en
8f06b288-f9eb-454f-adef-47f12b7572d7,True,email,de
779b7f09-bfd0-4ab7-a46f-9f6eecb13030,False,sms,en
f459a5e8-b280-49fd-904a-3cd3746f4f16,True,push,en
77475cfc-c7a4-44fd-aa82-b68053aa7540,True,push,es
4ecae9d3-e8de-48eb-baf6-e76c81c58c66,True,push,en
b60e68c2-1b3c-4a8b-a056-a39fb4e6a320,True,none,es
4ed3232e-6117-4b38-9d59-265a217c91cf,False,sms,en
6d24a27b-89f9-4e69-8c83-6f87ce5b6d33,True,email,en
7902cccb-bb75-45ac-92b3-688e65d231bb,False,sms,fr
058a019d-da8d-434a-8e8b-621c3b214928,True,sms,en
e039c2ef-fe4c-4d60-97ee-99d043299f0e,False,none,en
c630fcf6-11c8-465f-9498-0839aee67e55,False,push,es
64e25b29-1b93-4db3-a929-7fb7183288be,True,email,en
cf5dd5d1-b2dc-47d4-9be1-b6c0e5b07a12,True,email,fr
3483e39a-260f-4974-9366-50c2d833307f,True,none,fr
e860f5d5-878c-468e-a446-059ba8434d4b,False,sms,en
8416975a-1321-43a3-b3e1-577aee3b59ae,True,none,en
5f22d013-c3f9-44a7-aeba-0975da12ffcc,True,push,fr
e215d555-cc18-4890-8969-89abf72d28ae,True,email,es
5f31277a-2dcf-4273-81e3-312413596a23,True,sms,en
943fb486-16d5-4258-99e7-8340b1862e76,True,sms,en
9813cce1-ec92-4b06-b6e3-ed8a73e34436,True,none,en
a48b7707-e594-444f-854e-67d65eb9105d,False,email,de
d47fa6a3-60cc-4d46-8dc2-9b3fd5e43153,True,sms,de
96f16837-3562-4765-b8dc-ddd863a970f2,False,sms,en
87a00a98-1d65-4fba-92f9-41ac07bce2bd,True,push,en
7bfeca78-8e06-4644-9d0b-1470c32aa9e7,True,push,en
3785fc7c-35aa-4e40-b620-f54b10e8a832,True,email,en
73d9c423-e9d4-428f-bfaa-b073b2c1f454,True,none,de
72ad36e6-90e5-4d1f-8978-44a18ed7d4e0,True,sms,de
c052cca8-a71b-4e49-b713-c012bcfce146,True,none,en
8e5c2f29-44ce-4f60-b818-8b728f60b79b,True,none,de
fa7960f6-2060-4fc8-a154-148e0c543e8a,False,sms,fr
4ba45839-9bf9-4071-b1ca-52719a49c9fa,True,none,en
6faa20a4-1e8f-43a8-9a45-33ae5f675190,True,sms,en
1a1e8918-e445-4bc0-8fa1-5a470711d51d,False,push,en
14dec3ce-7570-4c3f-af8c-e9c0d74cfcd2,False,email,es
26b9f21d-cabb-40f3-b28e-71549d01a6e1,False,push,en
8699b9d8-d299-411d-82bc-9ee94abdf576,False,push,fr
c9d0d7ff-0b5c-4b60-ac5e-0389909cf62a,False,push,es
e8e92a9f-bec3-4873-951c-b05d0fe37715,True,none,fr
ea224baf-b892-4ba2-b9f3-d14cc512820c,False,push,en
e0df02ff-f788-4191-9881-df0d6c775206,False,email,es
2fac4408-7728-454c-94d8-16b7262380b0,True,email,de
e58c63e7-69a9-49cb-947e-5841010ca567,False,sms,en
913a8985-53b2-4a69-b2a2-3e44370275d4,False,push,en
a970776b-59ce-47ec-9e77-946229a8be45,False,email,en
34ec60c6-4248-4ad1-8dd9-759b309578a4,False,email,en
4559b465-3dfc-40aa-84fe-31c153b4c0d8,True,sms,en
2e0d6ce4-794d-4494-bd1d-f44dbca8683f,True,none,en
a4c57aeb-c65a-4a1c-954e-acc7a7ba7c74,True,push,en
a5781cf5-d32e-4370-b0f8-4f229bc0efa4,True,none,es
58e0c4db-27d0-4c06-9252-c40364b1ae74,False,push,fr
6e4bc86a-7c8c-457f-bc7a-61c6187a18f4,True,none,es
4423c47b-1f8b-4df4-bfe9-531cd8e6441b,True,none,en
c3f68ead-12e5-4a95-9f20-2c9529a5f08b,True,sms,en
66975479-1eec-445e-a34d-78b59cc44f64,True,email,en
aeb1bb4a-8548-48ed-a8e2-c31bc682b091,True,sms,en
300faed1-594b-427c-894e-c46855f06f22,True,sms,es
40da201b-b0f6-453a-97ca-b9d61306ad15,False,sms,es
7c0459a0-2d38-460e-8653-72aefbf15570,True,sms,de
e9415456-41d5-4caa-84d2-e8a6d49cb1ae,True,sms,de
b69dd468-7a0d-45e5-951c-ead1fcda2225,False,email,de
30380af9-7c90-4e56-9717-61064c5ca79c,True,email,fr
26ef1453-7eb5-4f13-9c8c-22a3f738d060,True,none,fr
bbe9e834-7071-42d6-8970-aa7301b72ec2,False,push,es
df8c3dd7-4bc5-4996-98e5-18e7ec0046e9,False,email,fr
89c8f0cc-3bd3-4bf1-9560-ae8aad1315ce,False,none,fr
cb969dd8-a609-4b10-b213-d1011a90ef2b,False,sms,fr
875e080f-6237-421c-b26b-433b3b0c6584,False,none,en
19296d35-a0df-426f-88ed-d3f5323adb8a,True,none,es
816f5acb-1a37-44ba-8ce8-25c40cec4d06,True,email,en
e4bced79-6e2c-4b22-a6d5-199ed87ca7ee,True,none,de
f044be50-29c1-40c4-a16c-a1dd1f95d6f3,False,push,en
1fcec697-8153-4717-a361-5a4257e0c9b7,True,sms,fr
125d87d5-a36a-4f4e-865c-3122386e88ca,True,email,en
cc9cb0b1-f5d5-4fbb-ae89-025a80fb57c1,False,none,en
d23755ac-d315-4dfd-ae80-4fa042f7d833,True,push,de
3bfe5d2b-8ab3-473f-b56c-cdd86fff8877,False,sms,es
5dbe3a93-bfd1-48f7-8040-dacc81b641f3,False,push,es
3c4b0324-423a-4e3b-884c-c93438a59688,True,push,de
5bbca380-854e-47a4-ae5c-fd631650a115,True,none,es
f4c0d073-250c-455a-a84a-848e56ae7048,True,none,en
cc6587b9-1ad1-4f99-bb8b-dc23f1621ea6,True,none,de
953ad96a-103b-4460-a3b5-14b78403eb5d,False,email,de
07571aa5-5581-4cf0-9a68-006051f37c8c,False,sms,es
97bbee89-2209-4d9a-9f20-d3327baf7efe,True,push,en
8fe1e8f7-9891-4978-ae6c-34234f35c728,True,email,de
ff4e2ef5-4f72-41f4-90ea-4f40665b9f5b,True,push,fr
3f3af4f6-a87b-4f03-8669-2e1a8e3c6d8b,False,push,en
993cbf30-efef-49e5-b5ad-7aaf3db149a3,False,none,es
b745eacd-b8ee-4507-82ff-98d3c4daffc7,False,email,en
1233e680-06d7-4b38-8c6e-796ef158556a,False,sms,es
2a26f327-c9ef-40f4-bb8c-c809417caad1,False,sms,fr
54c7fff7-8475-4ccd-a380-7e8187501723,True,none,en
a31129ac-6e82-4a23-86f3-3d708e019069,False,sms,en
3dc87d1c-7942-471e-b947-26b7ec78cedb,True,sms,en
485b6c22-4f0b-4e0f-bfba-0c9d38a0122d,False,sms,fr
cc6e430a-d0ba-4c08-8809-84cbb2347a9f,False,email,es
3cec8c73-424f-46c6-a5a7-cb5cd5141538,True,none,en
122af8ba-58aa-4655-b297-e90d616f0bf6,True,none,en
1922f6f3-ba06-4233-8d88-c1a9303a6a2a,False,sms,fr
2f771a5a-3d76-48e3-985b-b7e91e092c46,True,push,fr
7c45f68c-bbba-4b82-9457-03de08fe8287,True,sms,en
2609004e-90a8-450e-98f3-5ebc16841cd5,False,none,es
ac4632eb-3a22-4956-896e-0a3899a647f1,True,none,en
5c3c91f4-9d48-426f-9862-e165bf8f616d,False,none,es
7c66bbce-e687-4e15-be85-d960c3de159b,True,push,en
ed7f8737-2c99-408f-afd0-f91c740e414c,True,sms,fr
1439dc05-4ab9-4995-90c7-d9437ae94f50,False,push,en
aa0533fd-252b-49cb-8070-77b5c88b04ee,False,push,en
26ce484a-a527-4fe1-903f-2809a03fd21a,True,sms,en
ec4bebdf-042b-4c0a-9846-f86a1a9685e9,False,none,en
701ab460-123c-42eb-bae0-fbe7a111ebd7,True,none,de
3cbc7f74-54e3-47c2-b02f-229f7ca60a5c,False,push,en
57476af2-aff3-4f50-9313-77926b1859bc,True,none,en
bf03895d-6d44-49a2-8183-81c4e89eac75,True,none,es
94638355-4830-4837-8708-12531dc89dbf,True,email,fr
a692df88-38f3-4725-84a6-73ec7e6c7ab5,True,none,es
f78c30cb-fcda-4209-9aea-0ae7ce4f7b81,False,email,fr
49421d99-2baa-4a3f-bbff-4e4d4e0062aa,False,none,en
2a2c365a-ac9d-4106-a494-678e09ae412c,True,sms,en
543b48b5-22b5-41e4-8e3c-704fc8f03e8d,False,sms,en
adc6b3eb-08c6-47a0-a6ce-19384284547a,True,sms,es
07365e1d-9d4c-4185-859e-d5757178280c,False,email,es
45514547-8413-41d4-ba88-c1240763e5e8,True,email,en
cbd53684-acf0-447d-b61b-35f8bcde6edf,True,email,fr
7e394ed8-8aae-477f-9649-5d3e7f5658fb,False,push,en
019bbbbd-bb75-49d2-8d74-d1c01012bd21,True,email,en
c9276a13-5b0f-4ce9-8802-3e0ead192508,True,none,de
a9976a20-42e5-4c26-a2d0-6ab72973887f,True,sms,de
96f4e93c-c759-4fc7-b4a3-c8a153858bea,True,sms,es
2e2960d6-f2e9-4048-b234-fb21f0f72405,True,sms,en
d84ec4ed-ae05-416c-9cbe-eace4567132d,True,none,fr
7bb8fda6-2726-4199-a7aa-ed27cdfff312,False,sms,de
d0c20886-5575-4356-8218-337197faa2fb,True,sms,en
af3dbfea-4df6-42c8-9826-57806904f81c,False,sms,en
b8edba64-3db4-4841-8f8d-dc00dce6fb67,True,sms,de
0d2974c5-d4de-4163-bf27-73d86a77b048,False,none,en
c9750567-c933-4797-9313-ec159ddcb6d2,True,push,en
cf2dbf35-0461-492d-81bd-a783c553409a,True,push,en
0bb6fcf3-0741-4179-af46-d26c45b77171,False,none,en
84f816bd-12e2-4633-a419-fc80705977e6,False,email,en
9db0e79f-fdea-4290-ba7b-114141f33d1f,True,push,en
cec4dd97-5c6e-415b-ba06-47dc8ef4570f,True,push,fr
a98f640e-492a-445a-8a0d-7d444e98f1a9,True,push,en
40c4aa0f-6d19-4084-820c-5764f87d9184,False,push,fr
2a6409ee-29ac-483f-a2a7-9074fcb50191,False,push,en
8f9052f4-d761-416e-8b74-a71f640df0d7,False,email,de
69731d27-9caa-46cf-8933-d01e29b20043,True,push,en
aeea9d66-6c0a-4d7b-95ee-d3d25c66a5ac,False,push,en
0327ed4c-b4a3-4746-9221-3bb172a05c50,False,none,fr
0edeaba5-35f3-4e68-98ca-f412d9cd14b5,False,sms,en
4232e434-92ef-4ff9-a069-d1e5312ebda2,False,email,en
3455f0ff-3219-4cd9-acd8-091f34518293,False,sms,en
b169789c-d0e8-4853-819c-555646263d18,False,email,en
d477b62b-46ba-4eaa-a26a-8e3d43ea5a28,False,email,en
71ed3bfb-d094-47b4-bd02-9589f31e4c1d,True,none,de
bd081d89-0320-4774-bb4c-798b6e253b0e,False,none,en
d7290d30-60da-438f-a6f7-99a66828a1ba,True,sms,en
d63f06df-5e5d-4adc-b0a5-43b4bac6bf5c,False,sms,en
21c61b96-d053-45f3-9730-c3483fe288d2,False,push,de
4a81b4c3-9e04-4757-a7c6-3191447eadc3,True,email,en
17e24a9b-119c-4ea7-a53a-bb757c70ad0a,False,none,fr
86fb0f27-e52e-40a4-8499-5f1610574213,False,push,es
265cf9a7-b023-492e-9e62-3896325f1c48,False,email,de
b418aed1-0951-4085-9fe4-e750e7fe45f9,True,email,en
13ae1187-ebff-4588-bbf0-db26b1bbb598,False,none,en
69f9f173-1ee1-4ba2-a1be-005dc5f305fd,False,email,fr
0f708081-5838-40db-84a9-ca8b6845336f,True,none,es
adf0d9db-c6a0-4226-a93f-30482ccd9d28,True,none,de
34a7e239-a098-4105-a6ab-b1a2c1c1c160,False,email,de
92bac428-565b-4fba-a911-e9f3dc3c5ad8,True,sms,en
066ca82d-85b8-45e6-b262-bac0bb3c0e21,True,none,de
20ae953d-06b1-4034-a24c-a173911af24e,True,email,en
15b9a6ba-816d-4956-936f-2894eff8b72d,False,push,en
02c02023-75d2-4ad2-89f6-ed2c2e7ae6f5,False,sms,es
438d7ce2-8d55-49cd-ab64-d781e25abb9e,False,email,es
1740f65f-2823-4d8a-9ff9-2bf6dfcddfb6,False,email,en
7e7c62c1-b8a8-4e9a-ab94-81a82d76e3e5,True,sms,en
ffd40778-a37e-453c-81d1-9a769cac4692,False,none,fr
5bc5dd9e-3670-4c84-be25-41eace68a711,False,push,en
03a59f85-596f-4b87-9ab3-5f1a84f37beb,False,push,es
19fee9df-73a9-41e9-9777-18d2a79ab8b4,True,email,en
ce73a9b8-27f8-4c9f-941c-4b99a646fb32,True,push,en
2480125c-2d37-405c-96b9-ca32b2c75b33,False,sms,en
3eaef1e6-c145-417b-875b-96a83a8a8dc8,True,email,en
bde10f4a-86e5-45d2-b176-3ec1222265c1,False,email,en
