id,customer_id,tier_id,points_balance,enrolled_at,status
76ff50b9-de80-4187-9307-53dfff1888ec,859fee02-f1ae-4067-a05f-d5db7dbbb2d4,TIER-BRONZE,100,2025-10-09T16:42:10,active
1660f1d4-fb0e-4061-b76b-1a3ca369d663,b998f134-9c6e-4e5b-9a37-d0d9dbc72f85,TIER-BRONZE,100,2026-02-25T16:42:10,active
824bb7a0-8249-4bed-99ae-5fdf330a32fd,63b14504-d172-4e5e-b0fa-abd9cb43352e,TIER-BRONZE,100,2025-07-18T16:42:10,active
f6dc4747-aa9f-431b-a43f-257dbfe27464,d0c20886-5575-4356-8218-337197faa2fb,TIER-BRONZE,0,2026-03-29T16:42:10,active
084fe83e-3f8f-4cd3-a2fc-3d9d1e066b46,cf1ff13a-ac47-45d6-92eb-1583ead19df6,TIER-BRONZE,100,2024-08-27T16:42:10,active
b22c7234-f186-4182-978d-623bc030aa97,1233e680-06d7-4b38-8c6e-796ef158556a,TIER-BRONZE,164,2026-02-25T16:42:10,active
3b30c2a0-218b-405e-aeb3-685c29cd31bd,4955904c-175f-43ec-b76a-bc70d836d508,TIER-BRONZE,100,2025-01-23T16:42:10,active
b85ad004-129a-4cf4-bef7-eed3afa99962,1a1397df-b2b4-4791-93d9-87ac9062f545,TIER-BRONZE,100,2024-12-14T16:42:10,inactive
a1f00d42-e390-40b8-9b4e-5a3b39d2d14b,26ebc43f-cfbf-4fa1-9c7f-9134871f7b65,TIER-BRONZE,100,2025-09-29T16:42:10,inactive
516c697a-6911-4c07-9c15-c4a50962e0e8,547f74d3-e5b0-4e69-a707-74acc44f122c,TIER-BRONZE,100,2026-06-06T16:42:10,active
2f043407-e8ca-4e9b-a3f0-f10b94145ed1,e8e92a9f-bec3-4873-951c-b05d0fe37715,TIER-BRONZE,100,2024-12-22T16:42:10,active
38ce3193-7500-4244-bd30-583d9111e3d6,94a6d963-227a-4d07-92a6-0bb60ebd66e6,TIER-BRONZE,100,2025-05-30T16:42:10,active
17b7dd19-a6a6-47e9-adfb-3790f66d77ed,9adbebb4-c5dd-473e-b0ca-c36f10577392,TIER-BRONZE,100,2026-07-16T16:42:10,active
101f5522-b830-4973-b89b-27a074a38d9c,15aeedcc-eed4-453e-850c-7f876e54c4ab,TIER-BRONZE,106,2026-05-21T16:42:10,active
52d78e7e-3912-4978-a9bc-713e2a7e235e,3207b0f3-9af4-4ba4-acb1-6ba8ea25f52e,TIER-BRONZE,101,2025-01-03T16:42:10,suspended
374df976-cfb4-463f-b4a7-33dde01ae0dc,0f1df561-31c0-417e-909b-4b054c45baaf,TIER-BRONZE,114,2025-07-10T16:42:10,active
44a89b26-82c6-4f1f-a1c8-51abeba7a346,b2263d08-d05d-4240-a470-6fe31527b9d2,TIER-BRONZE,139,2026-05-05T16:42:10,active
32b82605-0c38-4801-b837-e351a5556d38,2ba287a4-72ee-4028-bc13-39a65e78db4d,TIER-BRONZE,100,2025-03-01T16:42:10,active
783c7a65-12a7-438d-bb42-c0b02672f8f8,e0cbd2e1-eee7-409c-9cf1-707eb4f867ce,TIER-BRONZE,100,2025-07-15T16:42:10,active
d2c61985-ce6a-424a-b6d2-cf945fcd0af6,d77ac8a9-6445-4f65-9a77-b0fb3abe853d,TIER-BRONZE,100,2026-03-04T16:42:10,active
bcf7b803-d1af-435e-8d7f-01b4188f90d3,847d46dd-9721-4351-8bef-5c2292b57d6f,TIER-BRONZE,100,2024-11-14T16:42:10,active
3164ff78-eb12-4d71-affa-a28f6b982396,33ab4667-4cdd-435a-875e-305ea36ebc4d,TIER-BRONZE,100,2026-06-10T16:42:10,active
6d45c665-3d84-4172-a6f3-d5399870ff13,f3feb7f9-9069-4fd7-be91-3800d1307935,TIER-BRONZE,100,2025-03-24T16:42:10,active
55dbbd4d-b62b-464d-9809-7cccba78ef24,71ed3bfb-d094-47b4-bd02-9589f31e4c1d,TIER-BRONZE,100,2026-07-14T16:42:10,active
0419e8b1-a1f1-4f53-9089-5a1a518eb487,7d624fe1-d3a6-4326-a6e6-32ebc0c46ea9,TIER-BRONZE,100,2024-12-19T16:42:10,active
40b941b6-c608-4fa4-a3bc-40100cff3428,47e4f30d-f965-45df-8474-93d5aeaf7cb2,TIER-BRONZE,132,2026-05-10T16:42:10,inactive
80e64b9e-5662-41ba-aa7b-f5d13e7e62df,f9f4d7f7-6884-4f0c-88d9-0d3432a666ca,TIER-BRONZE,100,2024-10-06T16:42:10,active
56f1dac3-4f3d-4683-b923-ea9197849691,42748981-2a95-4e95-91cf-9844c8aa9c69,TIER-BRONZE,100,2026-07-14T16:42:10,active
629f34e4-c3be-4c15-a3c6-23dd3eeed13a,67f25b4e-183c-4a43-9227-09966e445b42,TIER-BRONZE,100,2024-11-22T16:42:10,active
7ec1dfed-76c9-4a4e-8bc4-adf160c84871,4a0fcf58-3784-4070-96a6-0925fc23e36f,TIER-BRONZE,100,2025-02-06T16:42:10,active
51f6af71-9f54-4489-8b13-2dfba23ad0d4,84f816bd-12e2-4633-a419-fc80705977e6,TIER-BRONZE,100,2025-11-07T16:42:10,active
c9b9eda0-abb9-48b3-80ac-9273f32c442c,51d5c171-5764-4f95-8919-dd46d204df4b,TIER-BRONZE,100,2025-10-14T16:42:10,active
902e449c-3e36-4ba2-b467-bdb2401d541a,122af8ba-58aa-4655-b297-e90d616f0bf6,TIER-BRONZE,100,2025-06-14T16:42:10,active
01adf6b3-6e04-4439-9f2f-f1d55892d490,a296a891-b126-44e1-a271-9228cc28b3bc,TIER-BRONZE,153,2026-02-28T16:42:10,active
f27f50cf-1c43-4f6c-ade8-2e6950d2faf4,27e89b40-f32c-4604-8a79-6d1613bde382,TIER-BRONZE,112,2025-06-09T16:42:10,active
534a137c-70cf-4e12-adc2-5af60ed8e9ff,acb70464-ce97-4c94-a4bf-b165bd1b2fed,TIER-BRONZE,0,2025-09-14T16:42:10,active
602164f0-ad2a-4ffe-9c45-7f18eeb53e3e,7b971d80-7566-4bfa-93b7-b87270c4b732,TIER-BRONZE,100,2025-06-16T16:42:10,active
63394fb7-52c8-4b83-8b88-232af280e544,a4bf9059-6cd4-4e62-9a86-ff20975d7434,TIER-BRONZE,100,2026-06-13T16:42:10,active
cf7669ff-ba73-41b5-af23-38711680e64f,96f16837-3562-4765-b8dc-ddd863a970f2,TIER-BRONZE,100,2025-07-20T16:42:10,active
435a20a1-2e75-438a-b40a-624c18a0b847,425be648-8195-4636-880e-d86e4cd8e38f,TIER-BRONZE,100,2025-12-27T16:42:10,active
5c14aa22-aead-4467-af32-f5bbe325b5e5,b3f95dcd-caf0-4d0c-8890-a7b8e231c6b7,TIER-BRONZE,106,2024-11-08T16:42:10,active
eeef9fd6-ee90-4065-8b12-cb490686a4fe,bf32ccad-096c-457c-9147-6f220d46e227,TIER-BRONZE,100,2026-06-14T16:42:10,suspended
5c0a21f9-9933-4518-9623-c37dc7d3e1ac,9400a9f1-7dfe-440e-9992-ce7a2dd5b296,TIER-BRONZE,112,2026-01-04T16:42:10,active
19bfd7f2-20b0-42d1-a745-5d1d1af9548a,df8c3dd7-4bc5-4996-98e5-18e7ec0046e9,TIER-BRONZE,100,2025-03-12T16:42:10,active
7d94d322-41d0-44fc-bbe7-32ed161e3c33,7745384f-ccaa-4363-a18b-5e9ff0a824c0,TIER-BRONZE,100,2025-11-03T16:42:10,active
daf2ce6e-557f-4ede-9e1c-014e58566c7e,7d4b9dcb-d4ff-42fa-9c58-5657c61f4954,TIER-BRONZE,100,2024-09-12T16:42:10,active
6f14ad1e-cd2e-4e7c-bd81-427b16c91417,013b644d-5645-44bd-8ca3-d7d254b2ba18,TIER-BRONZE,100,2025-09-28T16:42:10,active
ef628c27-89f5-46a2-9a96-4921d6503589,5350fafc-45eb-4871-a195-d1cc090f9d9c,TIER-BRONZE,100,2025-10-09T16:42:10,active
309c44f8-1d6a-4dd4-a302-c7114df1c919,1c4373e3-238c-46b7-83f5-6cf757228aba,TIER-BRONZE,100,2024-09-04T16:42:10,active
90179c3b-c045-4bdd-8f79-78376be659ea,53ed5bac-fa7d-4b1d-a73c-6c2b9845c1d1,TIER-BRONZE,106,2025-04-23T16:42:10,active
4ee365e7-798a-4379-b60c-03137f612247,d6ca14b1-9b55-47f7-be97-787002ca26e5,TIER-BRONZE,100,2025-01-05T16:42:10,active
acefd013-1eb3-4582-8471-c5b94949d8ba,8e312b31-712d-4fc0-84dd-27ff2b1dd09b,TIER-BRONZE,100,2024-10-04T16:42:10,active
638d56c2-0d58-4151-82b8-f5e0f1e9d0d9,cb969dd8-a609-4b10-b213-d1011a90ef2b,TIER-BRONZE,100,2024-12-25T16:42:10,active
e1d25178-0b09-4b33-92a6-ea1752e4b35c,d85d8387-2b7e-46a9-9f28-dad061a5fc01,TIER-BRONZE,100,2025-09-24T16:42:10,active
7a9cb750-4dd4-4e72-b5a4-cf858c61672d,2ef9867e-e76c-4d07-8089-7935ba03ca03,TIER-BRONZE,100,2026-03-07T16:42:10,active
237eedca-e39d-4fd5-9aaa-2976134978d3,d23755ac-d315-4dfd-ae80-4fa042f7d833,TIER-BRONZE,100,2025-01-23T16:42:10,active
b82257d8-9f6f-44e5-a922-6508082e5fe3,0d78df79-b2dc-4cea-b7a0-712c91c0433d,TIER-BRONZE,100,2025-09-12T16:42:10,active
96b5c499-336e-4485-8263-986e766286b8,0abcb3b4-7e1c-4638-a21c-af1df3702f27,TIER-BRONZE,0,2025-03-09T16:42:10,active
904dc33e-3b02-4862-9c01-1fdf1b2dd669,0b4a904c-b6d7-4355-b1ff-3744b3831112,TIER-BRONZE,100,2025-11-27T16:42:10,active
a28cd0a6-3da4-46da-87b2-89079fe71d1e,c664111b-b80e-45ab-b2de-ee220ea29fbe,TIER-BRONZE,100,2024-09-01T16:42:10,inactive
6a7fe44a-8164-4d3e-86cb-ae9c2ec251ea,80968676-93cd-4bf5-a9f9-595055ff800a,TIER-BRONZE,100,2024-11-28T16:42:10,active
36c4cd60-6918-4c94-84e8-ef8a22ab8f1c,103fcba9-e7d7-4b76-b162-0fc8a31cfa6b,TIER-BRONZE,100,2026-03-29T16:42:10,active
38a7c6a9-82b3-4f30-a400-c41c68431b53,e6ef189a-76de-4ef5-ace2-676d69273e22,TIER-BRONZE,114,2025-09-17T16:42:10,active
81604057-e66a-451b-bb81-d44efaaf67f6,4559b465-3dfc-40aa-84fe-31c153b4c0d8,TIER-BRONZE,100,2025-02-01T16:42:10,active
7e5a36e7-47e4-441f-a734-a533cab907ef,36654075-c818-484d-aa9f-b6e8834b1bd5,TIER-BRONZE,100,2026-03-10T16:42:10,inactive
f4773a9e-e912-49d8-99fd-64ff73c8fc9d,36708614-1e24-453b-8593-b03eb1a7c5b8,TIER-BRONZE,100,2025-11-13T16:42:10,active
5fd10669-f2e4-4ecc-b0c8-e87d6635486f,eefcf9f0-dbd0-4907-a619-121deeb825dc,TIER-BRONZE,100,2025-09-27T16:42:10,active
a543240e-9145-4d00-a65f-885658d23ab5,03710ca1-feb1-4206-bd26-3bb8e6a1dac2,TIER-BRONZE,100,2024-10-22T16:42:10,active
da45b898-c943-434f-9c58-0becc0b9a337,b8cf5c4c-27e2-4106-9058-eb38559661e0,TIER-BRONZE,45,2025-05-05T16:42:10,active
ba790303-a743-4bf7-b30e-299f886676da,2bdeb3b7-a894-4fcf-8218-e41167bc557e,TIER-BRONZE,100,2024-12-07T16:42:10,active
27c59177-a01a-4a7f-9a88-2eb37f8fd3fc,2b4b540f-9423-4186-8164-4566e5e908f2,TIER-BRONZE,106,2025-11-10T16:42:10,active
cd553c1f-5cce-4388-816a-f165b9f45425,191feb1d-2def-4cbf-a8f8-ee3eb3856ea2,TIER-BRONZE,100,2025-08-07T16:42:10,active
b741f648-ffd5-4b95-8a12-9ceeacd72b68,2ffdab76-6ec7-4dce-bd58-e9b2f6da991c,TIER-BRONZE,100,2025-08-31T16:42:10,active
501ce210-ffc1-49f9-ab03-b532bace5430,961b1333-d41e-443a-9880-0b1c8c59e141,TIER-BRONZE,100,2024-09-10T16:42:10,active
3377ce8d-674d-4210-9648-26602bc64598,fa08fd03-3569-400d-9d63-e8ae15712195,TIER-BRONZE,100,2026-01-15T16:42:10,active
fd712e11-3ae2-4621-a819-9e28db30eea5,017413ff-58e5-4097-93e6-84f98038b20b,TIER-BRONZE,100,2024-12-19T16:42:10,active
a57dd037-687b-425d-8aa8-a07df4cc456c,49421d99-2baa-4a3f-bbff-4e4d4e0062aa,TIER-BRONZE,100,2026-05-26T16:42:10,active
311a8a0e-9d96-4e3f-905c-ac3acc84a162,8c39c27b-eb7a-452f-9581-a78bdf3ed9eb,TIER-BRONZE,100,2026-05-14T16:42:10,active
acb050e2-5b72-4ca7-b8ad-0e16c7ef4c95,ce5ac3ba-cbec-4482-816e-1ee6def437e2,TIER-BRONZE,100,2025-03-25T16:42:10,inactive
6bf27b0e-a912-4668-ada8-faa34a67fc15,d3adc9f1-fd4e-45ad-9d75-0919a6617f7a,TIER-BRONZE,135,2026-01-14T16:42:10,active
3e5427e8-dca6-486e-8261-793a05867634,8f06b288-f9eb-454f-adef-47f12b7572d7,TIER-BRONZE,100,2025-07-05T16:42:10,active
07dfcf4a-eacb-4d54-bb16-451e19196ef6,07837268-1f07-43d7-a271-fa0ab4370eee,TIER-BRONZE,100,2026-02-04T16:42:10,active
8d3f7890-2246-44a0-bd7b-8014994751ba,d31efffd-fdc4-4168-ac26-83b67a6c5c47,TIER-BRONZE,100,2025-09-04T16:42:10,inactive
64c6ada7-e78e-4e7d-883d-c661e77878dc,073c6c4c-9988-45b0-9224-7ad4e69d8c6f,TIER-BRONZE,100,2025-11-23T16:42:10,inactive
223e6b78-a40c-45b6-87e8-e166e31a2d27,f9c2b37f-2e88-4008-a277-99f35c4760bf,TIER-BRONZE,100,2025-12-12T16:42:10,inactive
759315a1-778a-4321-83da-0cfd02da5642,d1a4b7a2-e152-4377-ad2c-08cb61ad6688,TIER-BRONZE,100,2025-01-01T16:42:10,active
7e85bf7a-1ca3-47e5-93da-79bab3ef747b,8f9052f4-d761-416e-8b74-a71f640df0d7,TIER-BRONZE,153,2025-07-29T16:42:10,active
2463cf71-d2c9-4da2-8d33-8e5729ba8def,dec2b1be-3447-4044-b4e3-17848dfd390e,TIER-BRONZE,100,2025-03-16T16:42:10,active
8cc4fe12-8cad-42db-bc9b-e2212a6bbc87,18e7baeb-a66e-4a7d-882d-355810698bc3,TIER-BRONZE,100,2025-01-04T16:42:10,active
61f85416-10cb-4d47-9fbd-6196ab650919,bb35efe0-ac42-4801-bc72-7bea481716da,TIER-BRONZE,100,2025-12-19T16:42:10,active
85bc5d49-4a59-4529-94a1-37fcb4062fcc,7c66bbce-e687-4e15-be85-d960c3de159b,TIER-BRONZE,112,2025-02-26T16:42:10,active
a30d5f08-f06f-445b-a9ea-2cd058d98096,c50959f1-d990-44ff-837f-4062c769ae54,TIER-BRONZE,100,2025-12-27T16:42:10,active
7493ad06-ef37-4a17-bc82-f434a584366b,61004774-fb70-403c-ae81-a1e9cd187146,TIER-BRONZE,100,2026-06-13T16:42:10,active
261dd0da-1a72-4d1a-8c95-acbcbc40a285,86fb0f27-e52e-40a4-8499-5f1610574213,TIER-BRONZE,112,2024-09-09T16:42:10,inactive
a72d0bb1-033e-4277-9ff9-7c7e0b967eff,01450c81-3eae-4663-a704-f91c175e17f0,TIER-BRONZE,100,2025-03-05T16:42:10,active
13ee9659-22d7-4c96-90ba-f3e9ac0b146a,7bb37398-522c-4b94-95aa-882d79ae2041,TIER-BRONZE,100,2025-03-31T16:42:10,active
0294ba29-ba9a-4591-97e8-125cb8265d1f,c052cca8-a71b-4e49-b713-c012bcfce146,TIER-BRONZE,107,2026-05-28T16:42:10,active
1f84c74e-c86c-4d93-a61d-1518c91c9674,c0a8be37-975c-4b34-8989-1eb846c63871,TIER-BRONZE,100,2026-01-30T16:42:10,active
24c93a7f-9d2c-4945-950c-4d0cb1984e48,9c98b2d4-f4f3-440f-b28d-0e1ca7a152a5,TIER-BRONZE,143,2025-03-11T16:42:10,active
d9a6596b-e3d5-48d2-862f-5fc1f0f90076,27133460-80a8-449a-b422-65bfe97af456,TIER-BRONZE,100,2026-03-06T16:42:10,active
584397c7-6b9e-4e0e-810a-b2fa83ce11b3,2977486c-8467-4a72-a290-db87a9022320,TIER-BRONZE,100,2024-09-16T16:42:10,active
b0c71f70-cb28-4012-9bd8-9362001a6e3f,6f2f044e-7270-4c80-8003-fd28bb66c57c,TIER-BRONZE,100,2026-06-21T16:42:10,active
701f9a2f-a270-4153-b9c5-0f6669b9d11c,848485f0-198f-4efa-8335-707db71a7434,TIER-BRONZE,136,2024-08-29T16:42:10,active
532a41e6-f50c-487b-9239-5bd6d8377a99,1b25718d-795f-4b30-a424-50167ae8c0ad,TIER-BRONZE,100,2025-06-14T16:42:10,active
18741462-7b19-4538-90b0-9731e9db25b3,2949aa7a-85ad-46d1-8409-bf608167f72a,TIER-BRONZE,100,2025-09-26T16:42:10,active
ba81d5d6-b236-4cab-a99c-0e22562a022d,ff29ece6-95da-4800-acd2-b14950a339dd,TIER-BRONZE,13,2024-12-08T16:42:10,active
602a1fa2-531a-471f-9728-c393b4c7bd81,bb0bc182-b8f7-4f26-b794-dca522dd4cec,TIER-BRONZE,100,2025-10-04T16:42:10,active
bc0557cd-18ea-4a8e-b932-b7b273444595,f285aab8-56d5-40ad-92f1-61b0a4498890,TIER-BRONZE,100,2026-06-25T16:42:10,active
9942ed9d-b9ec-4c1a-b550-86a2ad0e4877,3bfe5d2b-8ab3-473f-b56c-cdd86fff8877,TIER-BRONZE,100,2026-04-24T16:42:10,active
f91f38ad-b29a-4c56-826d-504a1e19a929,84ee8f13-e5a2-4988-8f65-daa65801c5d1,TIER-BRONZE,100,2025-01-03T16:42:10,inactive
194b3135-e2f3-4ca8-9097-1b9ce4666691,2251b079-d6df-4d71-bd74-d2a00e841a9d,TIER-BRONZE,148,2024-10-25T16:42:10,active
726ca976-d9d6-45e5-98b3-893c52ab3a90,270b35bf-74ca-4601-91d8-16fe5196ca5a,TIER-BRONZE,138,2025-03-31T16:42:10,active
04915e55-99d3-4f46-ba91-bc05707d6e00,a3867ed0-9303-4ce2-b40d-a9711a5efef0,TIER-BRONZE,100,2026-04-21T16:42:10,active
e4a3b0f8-d76e-4660-91b4-3c64d3238a4e,89a5d615-2bb0-4843-8177-90bf7f452bfe,TIER-BRONZE,100,2026-01-31T16:42:10,active
c007d7a9-5dcb-4232-aab3-b4285e7f262a,b4413ac0-2fc9-4c91-b188-71c109d9be8f,TIER-BRONZE,100,2025-04-19T16:42:10,active
8146743e-439c-4f21-a281-35cbc092b41d,05e61dfb-4365-41c3-8f86-f9b259998765,TIER-BRONZE,172,2026-04-25T16:42:10,active
85b6b2f6-b628-438b-be12-9cd9b1565cfa,cd67e795-f5fa-470f-9a4f-4060d5951279,TIER-BRONZE,126,2025-02-01T16:42:10,active
3fa8b319-170c-4831-a675-47ac1baff6b2,d88e53e9-6885-44c1-a0ce-e8ea44f2dcfc,TIER-BRONZE,100,2025-07-06T16:42:10,active
6bbdcd44-425f-4e5f-94c7-e3f743877d05,a2388294-855e-4447-a3d5-b3649380d30e,TIER-BRONZE,100,2024-11-15T16:42:10,active
9caf2f9b-e3a3-4e00-a972-fa96afba4b52,32927010-1d7d-4cd9-a500-593804ff0e77,TIER-BRONZE,100,2025-10-29T16:42:10,active
c608ae5d-5e1b-4842-83cb-2f87fae40a0e,0bb6fcf3-0741-4179-af46-d26c45b77171,TIER-BRONZE,100,2025-05-06T16:42:10,active
497af7a7-307a-4201-8434-5feff56a324d,58e0c4db-27d0-4c06-9252-c40364b1ae74,TIER-BRONZE,100,2025-04-22T16:42:10,active
7fa284df-f883-417e-9f24-9e237e1679e1,0000bd8e-496c-42aa-9430-fea7f9bd6a96,TIER-BRONZE,100,2025-02-06T16:42:10,active
31267331-3b9b-439f-be7d-316a27aa0dee,5a056723-8fb6-4708-ba04-edc4e2854e74,TIER-BRONZE,122,2025-05-08T16:42:10,active
6eae5eae-b810-410d-932c-e25786583ddf,430e5411-6ed3-439b-93c3-e885b2a37d0f,TIER-BRONZE,100,2026-05-16T16:42:10,active
5f4005c9-69b4-46d6-8baa-77cf3bf7bac6,0edeaba5-35f3-4e68-98ca-f412d9cd14b5,TIER-BRONZE,0,2026-02-27T16:42:10,active
74bb89c2-f905-40bc-92bd-04f6f99de7d0,d9464bcd-0a19-4058-8fc1-bea843e6c339,TIER-BRONZE,129,2025-12-05T16:42:10,active
d78842f6-5ad7-4bbd-8a08-bfa9adc70773,2f162c0f-4d00-4d10-88ca-6dd2b94f24f5,TIER-BRONZE,100,2026-04-14T16:42:10,active
0fc8602c-80eb-42df-ac87-505d91da7711,416cd82a-8e13-48b3-a6e1-dadbf5a29d2d,TIER-BRONZE,100,2024-09-23T16:42:10,active
49803e3c-156e-4d2a-af9a-177add07fd2b,e8da2040-0489-4880-a881-ef127727f204,TIER-BRONZE,100,2025-03-16T16:42:10,active
3908bf11-d501-4f3f-8e30-b42f3f0f3796,d78e6e3f-3ff1-49b6-9dcb-129816aa0ecb,TIER-BRONZE,100,2026-01-29T16:42:10,active
c833161b-d6ec-4f0b-b434-ec0d4ecd768e,1380e029-b899-4413-a8da-0741720a6a06,TIER-BRONZE,100,2024-08-28T16:42:10,active
e44a4a6e-6eae-438c-801c-b6e8253e00cc,834105ff-e792-4a6f-be6d-fb89b4d75d4a,TIER-BRONZE,100,2025-02-09T16:42:10,active
33051893-747b-4d14-98ae-d33719fb504c,7aa35447-7686-43f7-bb98-14b1bc5fe250,TIER-BRONZE,100,2026-01-18T16:42:10,active
2be0cf5f-9d1d-481f-9067-39cd0c4d037a,296a6b8f-b21e-4485-ad7f-18c1262a0764,TIER-BRONZE,100,2024-09-19T16:42:10,active
92d57286-c0a0-4783-8b66-f70ba9bfb9c5,40c889c0-2020-4661-bb9a-564950b1a262,TIER-BRONZE,121,2024-09-28T16:42:10,active
15ded0c1-1b8d-4cbc-b16c-61a89d74aea3,5f31277a-2dcf-4273-81e3-312413596a23,TIER-BRONZE,100,2024-12-22T16:42:10,suspended
7220441a-0d6c-4ce8-bbfe-e8946a79b204,33326773-e843-48d9-9641-9990733d705a,TIER-BRONZE,116,2025-07-27T16:42:10,active
58fad450-052a-435e-ac20-7481dc0828b4,5960ff74-c2aa-4a55-9cee-c8f0532e2256,TIER-BRONZE,111,2026-02-01T16:42:10,active
de49a0bb-66a0-4631-ad08-d35460c324c8,b4cc95b0-6dbf-4264-a3ef-43fbbadf652a,TIER-BRONZE,100,2026-01-11T16:42:10,active
fe3fe3ad-9ced-4c86-b9fa-ee7747460f65,c712217e-16e5-4f51-a9f4-055b5176e747,TIER-BRONZE,100,2025-06-27T16:42:10,active
7e6c894d-48c4-4183-818e-8e42adcbd127,4fc0f100-7ad9-49a8-9620-f0e3a0e42a80,TIER-BRONZE,100,2025-03-04T16:42:10,active
cbc11c43-bcb6-4002-af30-2f570843e3ea,7528c8de-b892-4894-8892-94a29730aa9c,TIER-BRONZE,100,2026-02-09T16:42:10,suspended
667c56a2-98b8-46b7-b596-7ac686f66d5d,97bbee89-2209-4d9a-9f20-d3327baf7efe,TIER-BRONZE,114,2026-05-13T16:42:10,active
0f3f30fa-4409-47f5-9750-26e6a65daaf3,28f88fb0-d9fb-4c32-8470-1738493e863b,TIER-BRONZE,100,2026-05-09T16:42:10,active
6db1f6ca-edd0-43ef-a6fa-55d1b6789c8b,ab833d6f-87cf-4229-a1f8-707b52a55e5e,TIER-BRONZE,0,2025-12-26T16:42:10,active
886bcee5-48ef-4b45-8303-05eb9dd9b99d,d285a28f-6fa3-4c70-9469-73e7fe1787ae,TIER-BRONZE,133,2026-07-06T16:42:10,active
054f0bdd-5906-4278-b58b-1502bddea4e5,6a9699dc-eba5-4045-9b96-91504f0cfe77,TIER-BRONZE,100,2024-10-28T16:42:10,active
09ade14b-4281-47c6-9a15-3b9572d4c899,7fcd9f31-c0cb-4414-9981-9d014f593081,TIER-BRONZE,164,2025-11-17T16:42:10,active
1828878f-f555-4968-bc3f-1e19e377ee96,967d3e2d-8b15-4f43-a6b5-d1dd3934707d,TIER-BRONZE,100,2025-08-07T16:42:10,active
0020d77b-61d1-4125-9324-17a1e0e84f50,3ad60b3b-8b4b-4504-9d49-adfd74fe548c,TIER-BRONZE,100,2024-12-24T16:42:10,active
74e62f61-978d-4237-afd3-7f969194be8b,baa48fe5-b7a4-4ea7-8eaf-5387ded157f7,TIER-BRONZE,100,2026-02-25T16:42:10,active
d366b3a8-d655-43f3-a3d9-2ff819cf4f33,6e4bc86a-7c8c-457f-bc7a-61c6187a18f4,TIER-BRONZE,100,2026-06-23T16:42:10,active
c8a2dc14-e1a4-4035-a45d-16ee15951266,07571aa5-5581-4cf0-9a68-006051f37c8c,TIER-BRONZE,100,2024-12-19T16:42:10,active
8cae55b0-10e6-4e11-a0ea-5832962b5f3d,2661b9e7-3b2c-40ea-b349-251363d10a4e,TIER-BRONZE,141,2026-06-27T16:42:10,active
9754bdcb-8844-421d-aeb9-f1e8fd5553bf,6939d1d2-fba3-4888-8c53-6898bb73c26f,TIER-BRONZE,129,2026-06-29T16:42:10,active
a9dcfe06-e717-4d1a-8c06-1e6e3ff26774,9eac28b8-2264-4e48-9c2c-b3f7384bc20a,TIER-BRONZE,100,2025-12-04T16:42:10,active
3718db97-16bd-4dd5-b192-0cb08e2b2ac8,099dd9b8-0a76-482f-92e1-f754d25d5aee,TIER-BRONZE,100,2025-06-06T16:42:10,active
f4e2faf3-d818-4c9f-b685-adb91b8f1701,fd788ea1-7f9f-477b-b5fa-9a64962eb7f0,TIER-BRONZE,100,2025-09-13T16:42:10,active
22a566da-8e6a-4aeb-9a12-9a1073c9a130,758d0e66-e551-46a4-b8f9-0a98d7161e93,TIER-BRONZE,117,2026-02-06T16:42:10,inactive
74e13822-29f8-4c57-bee4-00b28a5c933f,a2ae6f2d-02bc-447f-9852-0d197780e7d4,TIER-BRONZE,43,2024-11-04T16:42:10,active
55744526-4cfa-417d-92f2-00524d04070e,943fb486-16d5-4258-99e7-8340b1862e76,TIER-BRONZE,129,2025-02-28T16:42:10,active
e65af9df-8ce9-45ff-b223-63f3d9599fca,71c65b56-3757-459a-ac5b-b50c76fb6a5e,TIER-BRONZE,0,2024-11-28T16:42:10,active
a1c3668b-0925-4b75-ac1f-107a2d64da9f,aeb1bb4a-8548-48ed-a8e2-c31bc682b091,TIER-BRONZE,100,2025-02-10T16:42:10,active
814ef075-6f97-4559-8cd5-ecd7869b5b3b,257291a7-c562-45b7-9229-49a527229518,TIER-BRONZE,32,2026-01-15T16:42:10,active
b45185f0-2537-4e56-a26d-970b8155a436,8aff4c2d-48b5-4b85-bf21-20ad95d18b6c,TIER-BRONZE,100,2025-11-11T16:42:10,suspended
174c817e-eda0-4811-96ee-52c1261d5220,3483e39a-260f-4974-9366-50c2d833307f,TIER-BRONZE,100,2024-11-02T16:42:10,active
2e0f6834-9ce0-458a-8bcb-08de918a377a,787f43ea-3f2a-4f90-967d-6479bad4f1a9,TIER-BRONZE,134,2024-12-04T16:42:10,active
730eb2f8-b37a-43d2-bdd2-34f4aa1126b4,d6914b8f-0d72-4044-a61b-055adb02f005,TIER-BRONZE,162,2026-03-04T16:42:10,active
909bcd90-0ea3-48fb-9abf-aa775ebd5cf1,6afcdfd4-7162-4241-9932-0cf1f3a2b6e7,TIER-BRONZE,104,2026-02-28T16:42:10,active
8f183b80-a6c8-451b-8c52-42bab4470389,19a91b0b-51dc-434f-978a-177588409f99,TIER-BRONZE,134,2025-07-21T16:42:10,active
a8eb26b9-50a9-445e-be4c-6b2d0ff35a0f,84f7f075-d17e-4662-a11c-bc80e28b12f5,TIER-BRONZE,106,2024-11-15T16:42:10,active
bb0fcdcd-9288-48b7-ada7-fc9b96a08ce5,2dc965e2-d3fc-4bc8-a118-d1636dbfe8c5,TIER-BRONZE,0,2025-11-14T16:42:10,active
59b7ee77-d676-4c52-919e-e9a35e22865e,85e030d5-7bbc-494b-baab-665c95549265,TIER-BRONZE,132,2024-09-07T16:42:10,active
89e18939-5417-461b-a46b-bf7205b76b0e,534f7dee-6c8b-474d-b7be-41fa1dbbe93a,TIER-BRONZE,100,2025-11-30T16:42:10,active
ddcd9901-11a9-43e4-8565-b1902a20500d,b08f3b44-9c9f-407f-a89d-961068f5f58c,TIER-BRONZE,100,2026-05-09T16:42:10,active
861950e1-0593-489d-a9d0-96ce8f47f722,90b6264d-1278-47c8-a418-6498aac365ba,TIER-BRONZE,100,2025-02-15T16:42:10,active
d9055e18-f7b3-43c8-bf65-fd03472efbb5,20ae953d-06b1-4034-a24c-a173911af24e,TIER-BRONZE,100,2024-12-15T16:42:10,active
0476492b-976a-492f-b614-000915e1c6f1,f7d61334-5d22-49f8-a022-903921239047,TIER-BRONZE,5,2024-12-30T16:42:10,active
0d63b651-e644-4ae7-87b7-16cf32476ad3,8020c8de-2e83-4aae-8bd6-638db33f0978,TIER-BRONZE,100,2025-07-15T16:42:10,active
3697ad55-baf6-4358-8077-f63fa0b71acf,1a1e8918-e445-4bc0-8fa1-5a470711d51d,TIER-BRONZE,100,2025-04-14T16:42:10,active
040f3a1b-ff6f-4aa9-b54b-54cf2bad50eb,e5873f83-602d-4424-9c5e-184c56c9d4ba,TIER-BRONZE,100,2025-05-07T16:42:10,inactive
d58adce2-affd-48e1-99a3-15eaf2ab8753,b0fb926f-1c66-426d-b796-e9d801b13122,TIER-BRONZE,17,2025-03-29T16:42:10,active
250144ca-1852-4d73-b041-044f46713bf5,23fd6560-8719-45ae-a5f0-6d81f0484750,TIER-BRONZE,100,2024-09-07T16:42:10,inactive
2581b4e3-02f2-4d4c-b90c-a47f8e8742d6,7c0459a0-2d38-460e-8653-72aefbf15570,TIER-BRONZE,0,2025-02-10T16:42:10,active
05471bb1-69ec-4cd7-9e5e-042ef9a9989d,e9f40ffc-bea9-4cc6-abca-7fe897f37903,TIER-BRONZE,101,2025-11-28T16:42:10,active
12aa0ef5-8af1-4ae5-bbe9-46c3927dba60,6d91807a-84e4-47c1-8e47-925d52e0dd48,TIER-BRONZE,100,2026-04-15T16:42:10,active
454e8f6c-7888-437d-a447-95dd9aa489ff,3810f8e6-9278-4c26-9be0-d6d6c35fe477,TIER-BRONZE,100,2026-07-01T16:42:10,active
9dd551be-8b8f-4ea2-b17f-dd34dfa9bc92,64e25b29-1b93-4db3-a929-7fb7183288be,TIER-BRONZE,100,2024-12-07T16:42:10,active
04310eea-a525-47bd-9e40-8155b5e4a173,be999c23-fb5b-4060-b4aa-bd50fe8ab5f6,TIER-BRONZE,0,2024-12-31T16:42:10,active
64a38aee-4586-4122-92f9-a45efd92e6fe,9668fd00-799b-4cff-811f-a3e0528d255d,TIER-BRONZE,100,2025-11-23T16:42:10,active
2d3d6680-fb44-41ef-ad2d-c493506e5dc0,72ad36e6-90e5-4d1f-8978-44a18ed7d4e0,TIER-BRONZE,136,2024-12-22T16:42:10,active
267104b9-d6e5-4089-8a47-665e91d64498,84a120aa-c994-404e-9e74-8277a6f9eb4e,TIER-BRONZE,100,2026-04-25T16:42:10,inactive
3f671f4f-909d-49eb-b051-5ad89aaa0f19,ec4bebdf-042b-4c0a-9846-f86a1a9685e9,TIER-BRONZE,100,2026-01-01T16:42:10,active
459913a1-4688-47fa-ac36-4f422d454fc6,a5781cf5-d32e-4370-b0f8-4f229bc0efa4,TIER-BRONZE,100,2025-01-23T16:42:10,active
5c3a3028-74ec-437a-981b-9eeea95fc975,4b503eb1-da2e-4115-8f64-b4dc888db448,TIER-BRONZE,100,2026-06-04T16:42:10,active
0c138ce2-cce6-4968-bbde-aac391044803,22a4c19e-c3ff-455d-8a3b-d4a9bd6b8334,TIER-BRONZE,100,2026-06-22T16:42:10,active
b0ecfb32-c927-4358-925f-0e8851fe5a70,47ac22ab-9718-46c4-ac3b-e6473f31a413,TIER-BRONZE,100,2024-09-29T16:42:10,active
e8405189-63e2-49d3-9e8b-45e09459532e,e039c2ef-fe4c-4d60-97ee-99d043299f0e,TIER-BRONZE,100,2025-07-01T16:42:10,active
5d2e9a46-48b2-4afe-b9ad-8a3323ff70a5,5484b02b-221a-4bbe-86a3-3eccdcf8d2ae,TIER-BRONZE,100,2024-12-14T16:42:10,active
9adf9fd2-e356-4fc7-9200-f82dca481798,661d2fc6-9fa2-4c79-9d19-44c73cb68448,TIER-BRONZE,0,2024-10-04T16:42:10,active
e962f76a-d058-489f-b808-c4bf83fabb50,4740d6a5-b760-477f-83d9-7d1c3e04f0ba,TIER-BRONZE,100,2026-06-30T16:42:10,active
6be37a3e-3155-4bcc-a874-ad122d7b0797,7e06ea60-a336-46ee-a77d-ca114267af0d,TIER-BRONZE,100,2026-04-28T16:42:10,active
d97679c6-2b66-4f21-866c-a2215eb71974,e7e3f8e8-5e9a-4cea-90ea-8ba71ec98685,TIER-BRONZE,100,2026-01-30T16:42:10,active
7940dd84-d73b-4d18-b68b-eba8f5158fd9,0ea8c796-5c53-421e-9442-830bc190960b,TIER-BRONZE,100,2025-11-08T16:42:10,active
38990387-42ae-41be-ad0f-5edf877b113d,04edb858-b8d9-455a-a1f2-f236df11a91f,TIER-BRONZE,130,2025-06-29T16:42:10,active
0b7bbbb8-6006-4c7f-9765-d8c7e30b3c3c,adf0d9db-c6a0-4226-a93f-30482ccd9d28,TIER-BRONZE,45,2024-12-14T16:42:10,active
468573fb-f375-4169-b2a5-b822673eefc0,848bb1e9-3367-4758-8f73-e886fadfadab,TIER-BRONZE,100,2026-05-27T16:42:10,active
2ed05b07-39be-46fe-8eb3-5c20da58fc3e,d7af9974-5b4c-4c70-85c5-1f7ff782da88,TIER-BRONZE,100,2024-11-24T16:42:10,active
33def351-42dc-4c2a-8d9f-cb7ead0f20fb,f3c5c37f-bd98-40b6-8f8b-eeb75218bbed,TIER-BRONZE,100,2024-11-30T16:42:10,active
d5b27642-b526-49bd-af78-39879cf3ea8d,e69b7e32-9292-400a-b228-b3ecc6727760,TIER-BRONZE,100,2025-09-03T16:42:10,active
23935cb0-daf7-415f-b1ec-b8aa2763eefe,69731d27-9caa-46cf-8933-d01e29b20043,TIER-BRONZE,138,2025-07-20T16:42:10,active
f4a3d2d1-02f0-4bb4-a3bd-a3f34f95dc0e,a0a83e46-f548-4a18-a79a-5ecdd85b6c8e,TIER-BRONZE,100,2025-08-14T16:42:10,active
4549e0bd-3012-4ab7-8fee-d50216237606,0488eb84-da07-441d-ba11-055850946457,TIER-BRONZE,100,2026-02-03T16:42:10,active
62139cf5-2c88-4143-99e6-d8f0a4e6d3c4,bd081d89-0320-4774-bb4c-798b6e253b0e,TIER-BRONZE,100,2025-06-19T16:42:10,active
c2cabddb-46e4-4d94-b3ad-0c79fb68a39f,fd9f1577-416e-472f-aad7-7bd5c56293f5,TIER-BRONZE,100,2026-07-15T16:42:10,active
2fe421c9-b560-47b8-aa7f-706785a31b17,3d2423f0-cecf-4060-b105-96b04f2ea442,TIER-BRONZE,100,2025-09-05T16:42:10,active
e01e30c1-f966-4381-8767-0ddfabdfe371,7c45f68c-bbba-4b82-9457-03de08fe8287,TIER-BRONZE,100,2025-07-02T16:42:10,active
712fb3b1-6e4a-42e4-8278-df83f87595c3,0b7ba743-6819-4540-8542-b7fa14bd996d,TIER-BRONZE,100,2026-05-27T16:42:10,active
43440ae6-d031-4b05-8e6f-0c02a88f9864,f5e8b3ff-659d-4bc9-bdc6-6b7fe343bcab,TIER-BRONZE,100,2025-03-08T16:42:10,active
e693e187-a2e2-4306-a055-acf6479626a8,4b14013f-d7e7-44b8-a287-329bf6e298c3,TIER-BRONZE,139,2026-05-16T16:42:10,active
ad37a8fd-5aef-4b2c-8413-805809a6a600,e100dd4b-6c96-4036-88a6-8813aa5a718f,TIER-BRONZE,112,2026-04-12T16:42:10,active
a1c125df-4f6e-4e31-8daf-9cab1a4862ba,4c710db6-7317-4d70-8dcb-6af9a4068e8d,TIER-BRONZE,100,2026-04-28T16:42:10,active
dad2290c-b3d4-4d90-b3c2-634fdc2bba8b,285bfea1-4dec-4f9d-a9f6-3b3cb20fdde9,TIER-BRONZE,100,2026-06-17T16:42:10,inactive
77696530-0dee-4bef-8f69-1feb74657d35,4d9a6ab4-f181-4f8c-9beb-e4cd9774b5d7,TIER-BRONZE,100,2025-07-10T16:42:10,active
94b94111-2254-43c9-a0e3-392c566ff560,8c5628d0-6d15-4a6d-80f2-9c723e39ba83,TIER-BRONZE,128,2025-05-10T16:42:10,active
6ad392f2-dd75-49b6-b340-47ecd80a5d9a,23c5eb35-05e9-4347-8854-ee86ec27393e,TIER-BRONZE,100,2024-12-16T16:42:10,active
da61035c-65a8-42bc-bd57-ffe33782edec,4d481210-54e4-4e94-80f3-81ba408de5a5,TIER-BRONZE,100,2026-02-13T16:42:10,active
9287724d-caaa-410b-8023-62e6a0afdaaf,5d5ea9b6-fefd-4e25-850a-9c2d365e7e27,TIER-BRONZE,142,2026-05-10T16:42:10,active
b30b687a-d135-40d8-b9c3-337219cedd02,4d6ee3e3-9ec6-4c2e-9552-a75af6d19f14,TIER-BRONZE,100,2024-10-16T16:42:10,active
b4fd265c-2079-4e4e-8b21-5171606ac83e,04b679f3-0691-47bc-975a-fdac41f52db4,TIER-BRONZE,100,2025-09-30T16:42:10,active
c9c2e6a7-2a38-4590-88e6-05f271f8c8e1,40da201b-b0f6-453a-97ca-b9d61306ad15,TIER-BRONZE,100,2026-03-29T16:42:10,active
363714a4-c9be-4a9e-ba01-d7ff296f64a0,96aa3e1c-ce39-4f76-b813-c9b4d59c0cdc,TIER-BRONZE,100,2025-02-08T16:42:10,active
e1e15d05-0a53-41e8-9641-996a2e837ba3,2fac4408-7728-454c-94d8-16b7262380b0,TIER-BRONZE,100,2025-05-20T16:42:10,active
46227556-38c6-43f8-a899-4f827d71f72c,e60ba363-7c8f-4fba-8c98-2d4952e8fbc5,TIER-BRONZE,100,2024-09-24T16:42:10,inactive
66d3e14d-06d8-4778-b721-2ce7a2a0853d,795d2b23-6186-4d66-beb4-690083c579a2,TIER-BRONZE,100,2026-02-25T16:42:10,active
27125b95-1868-4213-af62-c7a0fe3b44fd,b7428f06-b3dd-477e-8569-96068f3d3dcb,TIER-BRONZE,100,2025-12-13T16:42:10,active
e9e293fb-e89d-488e-95c1-ad38d48f2e5f,b8ccafb8-eae9-4e35-beb2-afbc3cb9690c,TIER-BRONZE,100,2026-06-10T16:42:10,active
3779a08a-7234-4510-812e-82cac8a210c9,3d6f18db-a49c-4563-9445-68d4e02bd664,TIER-BRONZE,114,2025-05-12T16:42:10,active
3b910127-0f7c-4004-9b38-78a6864f7103,a311b0c8-1b63-4405-8097-09a984512389,TIER-BRONZE,100,2026-02-23T16:42:10,active
a2871765-6df1-40af-856c-3239fe6e6705,3f1fc492-e8ed-4840-97a0-a56592fdc1d9,TIER-BRONZE,100,2026-04-02T16:42:10,active
805d2619-21fc-4701-97f9-7a8dafdd7bf4,8a77ab59-ae1e-4b71-ab66-66bda4615cfd,TIER-BRONZE,100,2024-08-27T16:42:10,active
18e23690-a011-40cc-a132-2ba5fb378f65,0db82818-585b-4e3f-9898-2a72727c2e42,TIER-BRONZE,100,2025-05-06T16:42:10,active
f271f606-bdad-4fe1-bda3-4fc364ec6fe9,f459a5e8-b280-49fd-904a-3cd3746f4f16,TIER-BRONZE,16,2025-07-09T16:42:10,active
01a56b07-8082-4116-9555-c5e913cdf3ef,8ebb4b7d-ed19-43be-a647-6c3a9a6a166a,TIER-BRONZE,100,2025-10-29T16:42:10,active
a763980b-aadb-400a-b7fd-e279dd1f2ea6,5a62f2b9-646a-4b84-b570-661ca33a139f,TIER-BRONZE,0,2025-10-02T16:42:10,active
e1215f76-3cf7-41d0-84f6-7dfafe7f4225,c710ee81-7487-44d1-b65f-69a898acaf69,TIER-BRONZE,0,2024-10-14T16:42:10,active
40f3edb4-65ef-4284-9bcc-f0918674838f,cd709ef0-753a-4968-b981-ab264708b37a,TIER-BRONZE,106,2026-06-19T16:42:10,active
7acbd345-0f86-4f53-b868-de3f980030cf,67d2941c-ef55-4f74-9994-431a09ee14db,TIER-BRONZE,100,2026-03-08T16:42:10,active
6baa16f3-ce56-4905-a7e8-62508ea259d9,cc9cb0b1-f5d5-4fbb-ae89-025a80fb57c1,TIER-BRONZE,100,2025-04-14T16:42:10,active
93b9f677-85ed-49ff-945e-fc05442c162e,8dcd5fa7-1a1d-413e-9468-5f4b02f2f3fe,TIER-BRONZE,0,2025-10-31T16:42:10,active
db211313-2467-4663-be16-9d4c532a4a67,66dda3b2-66cf-4b2b-90b2-91abe28f6aa4,TIER-BRONZE,100,2025-09-19T16:42:10,active
2950c414-92b3-489c-987d-b4b91b97c54b,80617fda-335d-411d-aed3-ca3917a8cff2,TIER-BRONZE,163,2025-02-12T16:42:10,inactive
55dbc837-3c04-4acf-a3a1-018c4c6585bc,e2141773-bfb8-4698-a4da-2be4540c14a5,TIER-BRONZE,100,2024-11-25T16:42:10,active
90661c2a-43cc-482e-82e6-ea6e4f1f03d3,c64e9b29-2c3f-4a02-bf80-175c5a980c92,TIER-BRONZE,100,2025-06-11T16:42:10,active
e4d38150-7b51-47bc-9de0-d64a6ca7ccb0,f8b1caa2-10e7-4302-963a-252a15b4a714,TIER-BRONZE,100,2026-05-26T16:42:10,active
c067f713-38f2-4257-ac22-fdb59ea0fb7f,a5066e8e-de65-4798-9ed5-f6cae5f86031,TIER-BRONZE,100,2025-05-10T16:42:10,active
93c9123f-4ce2-424e-a4b7-76d45eb27ebe,6f80c5c6-04ed-4548-83b7-aee06e3700c4,TIER-BRONZE,100,2026-03-19T16:42:10,active
cdf04f48-7c28-4775-9d8a-e717c7ae4381,b43d4e7f-d2c2-4f0e-a706-cfd02d61a398,TIER-BRONZE,100,2025-12-28T16:42:10,inactive
fb7524bd-7148-4834-bcc4-e8a35367bd22,c6abaffa-11df-4987-9806-71dced92f534,TIER-BRONZE,100,2025-11-20T16:42:10,active
8903d16a-5480-4900-afac-08b72666ed2c,612533b6-7eaf-45a2-b9d4-06192ce5620e,TIER-BRONZE,127,2025-09-10T16:42:10,active
9f0ce80f-0213-46df-9fa3-23d8b60a1c8e,12d19891-03e3-455b-b4f2-7d8f8f6b8f01,TIER-BRONZE,100,2025-02-19T16:42:10,active
9e23d78e-78b9-4ddc-a0a5-4f36bc4fc2cf,49c4bc11-2495-438d-9b87-3c395574433f,TIER-BRONZE,100,2025-06-03T16:42:10,active
9505a62e-4c71-48c6-aac3-24ce2b47852a,22dc524c-5b2b-4982-a2a7-2a5f5a5b9ca5,TIER-BRONZE,0,2025-09-10T16:42:10,active
95cf06dc-15b1-4867-a44e-b1d291a5ed38,485b6c22-4f0b-4e0f-bfba-0c9d38a0122d,TIER-BRONZE,135,2026-05-21T16:42:10,active
b755776c-38b5-46c6-b67d-e3326ebfbb94,c404f9e5-cfcd-428e-8459-c1e1fd0d586b,TIER-BRONZE,100,2025-08-26T16:42:10,active
89538405-f3e0-456c-a92c-3c40f3cc8f89,b169789c-d0e8-4853-819c-555646263d18,TIER-BRONZE,100,2024-12-12T16:42:10,active
7a0b31f4-76f2-4f63-9de5-b7c6a29c09da,4ba2a669-8d0b-4aef-96c0-aae24b7711ff,TIER-BRONZE,124,2025-09-08T16:42:10,active
e620e0b9-8502-4206-b66a-f405e84f146b,8fe1e8f7-9891-4978-ae6c-34234f35c728,TIER-BRONZE,134,2024-10-06T16:42:10,active
8afbafeb-7d52-4c04-8628-fbb49fe2b492,caa8f40a-63c6-4789-87ad-05b99d694a15,TIER-BRONZE,145,2024-09-25T16:42:10,active
a29046b2-0025-49b4-8b81-1b21729dc048,3bcd90d3-7d42-4c9f-ad46-04d8af612206,TIER-BRONZE,100,2024-11-18T16:42:10,active
025c0f42-b412-4cd2-975e-9eaaa7cce709,1757e1cd-b99e-42a3-9e19-1b1305127836,TIER-BRONZE,100,2025-09-09T16:42:10,suspended
36f822f2-7ffe-4a4f-8fdb-6adb2fe4dcb3,7bd64d99-cfe2-4e61-aed9-8b6f3d410468,TIER-BRONZE,0,2026-03-20T16:42:10,active
8357fb23-8adb-434d-bccf-b3657696e96e,187d49e0-634f-4e10-a10c-3b0be7408be0,TIER-BRONZE,118,2026-06-10T16:42:10,active
6a86e891-6ed8-4dea-b365-f0811808887d,495a6541-1c93-4076-90e3-345d72d9c83c,TIER-BRONZE,111,2024-10-27T16:42:10,active
47bbb43b-b6ce-4253-b120-5c2d175095b3,63b6d2f8-4e38-4b4c-bf67-6651399b4453,TIER-BRONZE,100,2024-10-20T16:42:10,active
154dfe3e-e7bf-4443-acbb-d3527f08e1aa,45ed3c5a-3c94-463b-91d2-73d3333fe5fc,TIER-BRONZE,100,2025-10-06T16:42:10,inactive
a31e66dd-68cd-44a6-9f69-0460ad633123,8976b896-e0e8-4696-b268-5587e42efaa0,TIER-BRONZE,100,2025-12-25T16:42:10,active
a064ec9c-c10e-4c3f-b280-62adff4a697e,7d0a9ece-1d73-43ea-98e7-8bbe21e890ec,TIER-BRONZE,100,2024-12-22T16:42:10,active
5e3fbaee-0063-4016-8b37-c210cf856379,0688ed48-bbd7-41d6-b5ef-c2cd771f72c2,TIER-BRONZE,111,2025-11-13T16:42:10,active
9123ea17-aac8-4925-9e43-0bb63d2e2ebf,ba2bf5e1-4b63-4bb3-b83a-f10438f84258,TIER-BRONZE,100,2025-08-05T16:42:10,active
ab7d8b3c-bdc6-4a9a-9e90-f7fe10e0aefc,ff4e2ef5-4f72-41f4-90ea-4f40665b9f5b,TIER-BRONZE,100,2025-06-04T16:42:10,active
7872393b-46e7-4e48-99dc-c6363fe70894,6ffc9798-2bb6-43ca-823b-e9dda0935299,TIER-BRONZE,100,2025-11-27T16:42:10,active
0de440ba-a977-4ccb-b1ae-2df75acc167c,d7615aca-6de3-4a17-8fd0-212330ca9c28,TIER-BRONZE,100,2025-12-28T16:42:10,active
2099dc3f-cad8-4c84-869d-6b008b6334ad,bea5ef1d-43b9-4df5-b3d1-436f675ec066,TIER-BRONZE,115,2026-06-24T16:42:10,active
9859d65a-d39b-4add-9a2f-6274800cf1e5,ef097aa6-f4d9-4c16-bc17-a7cc87116f35,TIER-BRONZE,100,2024-10-02T16:42:10,active
8a7cad86-cea1-48c1-824c-21bd00c49e70,bbce772f-b9b7-49f2-b79e-fa5d953ced6b,TIER-BRONZE,100,2024-12-10T16:42:10,active
58613550-7061-4edd-8ed7-46a84f30dc04,e50d93de-3e78-4f09-8406-df4f27f26c8f,TIER-BRONZE,106,2024-10-03T16:42:10,inactive
dd3d1d7d-c374-477a-947f-49eac72e0399,2480125c-2d37-405c-96b9-ca32b2c75b33,TIER-BRONZE,100,2025-05-18T16:42:10,active
f9967107-bab1-4f29-b242-d4317f930e18,bf03895d-6d44-49a2-8183-81c4e89eac75,TIER-BRONZE,100,2025-10-08T16:42:10,active
0d39da69-1a9e-4730-91f5-a6b0edbbcaa9,5b4df518-7c6e-4957-8906-e33505acee31,TIER-BRONZE,100,2024-10-27T16:42:10,active
0406f58a-f2b7-4fa9-b25a-d828c43907ff,02c02023-75d2-4ad2-89f6-ed2c2e7ae6f5,TIER-BRONZE,138,2025-12-16T16:42:10,active
8cb59f30-8851-4fcc-a052-6668e33c835c,2e1fd151-264e-4a4a-8584-733dd5da3152,TIER-BRONZE,135,2025-06-03T16:42:10,active
4c1d6088-1159-423b-9afe-b4dce54f610c,0e105436-465e-4326-94d3-f6a0e7051725,TIER-BRONZE,100,2025-04-28T16:42:10,active
70be323c-d230-45e8-843f-0178fc5c148f,4a81b4c3-9e04-4757-a7c6-3191447eadc3,TIER-BRONZE,100,2025-01-14T16:42:10,active
7cfe2fe5-30e8-4119-a742-0559d4a5c5e4,40353a67-5df0-44ca-9c10-b42fab44c6f3,TIER-BRONZE,22,2025-07-31T16:42:10,active
27138cca-145f-4501-8d0f-deb8b1d4101f,c9276a13-5b0f-4ce9-8802-3e0ead192508,TIER-BRONZE,106,2025-12-24T16:42:10,active
035d5677-0922-4bd6-bf39-dfc8bf3c8ede,50e6ae18-ad0a-4f68-bb3d-e1a8b80eb58f,TIER-BRONZE,132,2025-06-11T16:42:10,active
91b46b5c-a00c-4774-8ae2-93e0b55f8c0d,5bf14829-99bd-4d3c-b504-edd1e45593a0,TIER-BRONZE,100,2026-01-17T16:42:10,active
ab0476b4-c38b-4151-8c25-cc4124bc7266,1069ad16-5cc8-4f60-83a5-08e7e0beeb5c,TIER-BRONZE,100,2025-10-11T16:42:10,active
8a46b921-9ddd-4d7f-8ee6-130e247453a9,5b070f80-9227-43fd-951b-4c758d20070e,TIER-BRONZE,100,2025-10-01T16:42:10,active
178e899e-e1a5-4132-917e-143967b121f6,4232e434-92ef-4ff9-a069-d1e5312ebda2,TIER-BRONZE,100,2025-11-16T16:42:10,active
e05e2bf5-2771-48c1-9b76-f8e968c304a2,e6e0c2ef-00b6-4d38-a129-32d4aa4e795d,TIER-BRONZE,128,2025-01-08T16:42:10,active
920a4731-ebd7-4cab-9d5d-9e8bde39081b,1740f65f-2823-4d8a-9ff9-2bf6dfcddfb6,TIER-BRONZE,100,2025-01-27T16:42:10,active
e2061162-82bb-4e68-a67c-ab23c1586416,827eed18-8ab1-4e5d-ab00-5d8ac9bb168b,TIER-BRONZE,100,2025-05-06T16:42:10,active
f14d35f1-613e-4ad9-91c6-f20eaa97a89a,1bf35f99-4627-4c80-a5f8-0797538eaf54,TIER-BRONZE,100,2026-07-12T16:42:10,active
1667d3d6-bce0-4f1e-80aa-dd488f14cc9f,bd463573-d217-4411-9ac0-8b72bd7609cd,TIER-BRONZE,100,2025-06-18T16:42:10,active
4e705e16-41f0-48cb-b0df-a4e561be2b26,066ca82d-85b8-45e6-b262-bac0bb3c0e21,TIER-BRONZE,100,2024-09-16T16:42:10,inactive
fc3c81a8-09d8-41bb-adbf-01f58f4ded91,c3f68ead-12e5-4a95-9f20-2c9529a5f08b,TIER-BRONZE,100,2024-12-30T16:42:10,active
0e25c92a-c8b6-459a-b361-09fa12333a93,4ba45839-9bf9-4071-b1ca-52719a49c9fa,TIER-BRONZE,145,2025-10-25T16:42:10,active
fbb4a7a5-a18c-48b7-a71a-9fe849e3ed3d,11498734-cebc-4784-a055-6bd08a18f1dc,TIER-BRONZE,158,2025-10-29T16:42:10,active
8da7d890-f60c-406f-aae1-29028eb8cfc7,3c7a4cde-d92b-4d90-a731-9c0461ae8c90,TIER-BRONZE,100,2024-11-11T16:42:10,active
ba843855-fcd2-4280-8e8a-4f350c42c0d0,34a7e239-a098-4105-a6ab-b1a2c1c1c160,TIER-BRONZE,100,2026-02-03T16:42:10,active
a775f4bb-8a9d-49a6-8b0c-2503a587cf28,b81636bb-71f3-4ace-8eb7-628abe1eac07,TIER-BRONZE,100,2025-10-25T16:42:10,active
d03f7233-07a2-41ba-8a17-db330d195d70,625c6012-3c16-4c27-ab0c-a8512e488ad7,TIER-BRONZE,100,2025-01-13T16:42:10,active
9c952fe2-7156-411a-8150-2f2e3a9b3b35,5daa5d95-314b-4f5e-8926-8d61c9d4daa1,TIER-BRONZE,118,2025-11-28T16:42:10,active
ec890575-6fab-4a8d-b2c0-d4e0e161dd1e,8f054a96-7920-42dc-b286-f6980ea8dbeb,TIER-BRONZE,100,2026-06-16T16:42:10,active
c98b63ff-5339-4d31-b42d-85e1bc0d535a,fe21b6ad-ebab-42b3-b5ed-ad3529036009,TIER-BRONZE,100,2025-02-04T16:42:10,active
fa05e266-29a9-4893-8322-720ab9663681,f4c0d073-250c-455a-a84a-848e56ae7048,TIER-BRONZE,100,2025-04-15T16:42:10,active
975ac84b-6976-4f95-8dca-c988879bcb64,7e2a9b35-5e70-4df4-889c-34732fd2ee32,TIER-BRONZE,100,2026-03-05T16:42:10,suspended
96b649c2-6549-4fb9-a18f-c972fcc98065,ddd9ed38-6351-4568-b08c-8f6c92cb84a8,TIER-BRONZE,100,2025-12-15T16:42:10,active
f2e11984-db8d-48ac-b9f7-284d91b95510,3eaef1e6-c145-417b-875b-96a83a8a8dc8,TIER-BRONZE,100,2025-01-29T16:42:10,active
0f92f60c-1986-44c6-a95c-4a43b37d5b42,701ab460-123c-42eb-bae0-fbe7a111ebd7,TIER-BRONZE,123,2025-07-08T16:42:10,active
77ca6688-afe8-4b1c-b7df-4f678a8e302a,34b17474-7fef-4a04-8009-f83028f66521,TIER-BRONZE,100,2024-12-18T16:42:10,inactive
f30ef2c9-feb4-4e4f-8c54-9444e2049bf8,6fcd3399-b9d5-4ab0-9d50-385be83fec9c,TIER-BRONZE,100,2026-03-27T16:42:10,active
59e4dc0e-644c-4640-a53e-e7d97f33cae2,b5b5a474-4e05-47bf-b9a2-872e5dc9a328,TIER-BRONZE,100,2025-03-19T16:42:10,active
a22eec98-3026-4272-8c8e-920f83bbf1c6,58ebbf6d-7eee-4180-aa0d-151621abffcf,TIER-BRONZE,100,2025-07-19T16:42:10,active
bb64ebf8-22e7-4993-a4a2-0be552e399ef,7eaca096-c253-48ee-936a-8ea930759d59,TIER-BRONZE,128,2025-07-16T16:42:10,active
c3407560-bba3-4251-b54a-a62071e0bb70,b418aed1-0951-4085-9fe4-e750e7fe45f9,TIER-BRONZE,100,2025-03-23T16:42:10,active
41098789-537f-43d0-9873-d5e11de55b6b,b5261e71-886e-4d78-8d1d-310ed9754704,TIER-BRONZE,100,2025-06-23T16:42:10,active
18cbe202-a1f1-439d-8aab-5877ce0d6b8c,aece6b12-b296-4a1b-991c-ab89ac207fed,TIER-BRONZE,100,2025-10-20T16:42:10,active
c7c1bd36-458c-4629-b047-f4d4e346b550,314d5517-f29b-49b2-a076-3abe12756120,TIER-BRONZE,100,2025-08-22T16:42:10,inactive
45651cd9-434e-41f4-9ca3-071e6e13088d,4423c47b-1f8b-4df4-bfe9-531cd8e6441b,TIER-BRONZE,100,2026-05-17T16:42:10,inactive
69c25e43-a50d-4e23-acf4-ebf56f5b3f17,5bbca380-854e-47a4-ae5c-fd631650a115,TIER-BRONZE,100,2025-01-18T16:42:10,active
778b7276-ef31-46ab-8e84-8e7a12b738e8,e4bced79-6e2c-4b22-a6d5-199ed87ca7ee,TIER-BRONZE,100,2025-10-12T16:42:10,active
41d959b5-4cdd-4d00-822a-2bdd94db7b8d,30380af9-7c90-4e56-9717-61064c5ca79c,TIER-BRONZE,50,2026-06-07T16:42:10,active
0410f855-be8b-42e9-ae5d-bdf2d8f106d5,d5e5a6a6-cb8d-4d62-8551-298dee7f1f9f,TIER-BRONZE,101,2024-10-22T16:42:10,active
0885e9c0-5988-4ccd-9084-9b2a1c791140,5a95b7ee-17bf-44cc-9775-835c337d4cb4,TIER-BRONZE,100,2025-08-11T16:42:10,active
7ed09f8c-c499-428b-9bee-2f9597ff9ae4,40c4aa0f-6d19-4084-820c-5764f87d9184,TIER-BRONZE,100,2025-03-17T16:42:10,active
5054d43f-deac-4b58-a8a5-a9e6e681fac4,afa83ff8-2b40-47b8-8bcf-1f9285c11695,TIER-BRONZE,0,2025-11-07T16:42:10,active
b5f94346-4fc5-4a87-8baf-0dfe26d5916e,7bfeca78-8e06-4644-9d0b-1470c32aa9e7,TIER-BRONZE,100,2024-10-17T16:42:10,active
68eb36f6-8706-42e7-9f03-933981b84200,438005c2-dd1d-48aa-8bfd-7fb06851b5f8,TIER-BRONZE,100,2025-04-12T16:42:10,active
114fa45c-14c9-4edf-bfb0-91ca1106a3e0,c8544096-3228-4db0-b3de-4f0da1974b40,TIER-BRONZE,100,2026-02-08T16:42:10,active
215762b9-2384-43ee-8d02-3ccd287ef935,4dba6ec7-4085-4058-9f0e-5109b846f1c1,TIER-BRONZE,100,2025-04-20T16:42:10,active
f0065091-4e38-46f1-ad05-77998e472314,05fae288-07c2-4e99-a945-fa3fbfa123ed,TIER-BRONZE,100,2025-12-20T16:42:10,active
9bb0373f-7a75-4011-901b-563da6acd6f6,3dc87d1c-7942-471e-b947-26b7ec78cedb,TIER-BRONZE,100,2025-06-09T16:42:10,active
5c4aa568-b50c-46cf-9c66-4948f5d6e5f7,148d63de-77f4-461d-b3ca-5369e9a98e7b,TIER-BRONZE,100,2026-06-07T16:42:10,active
8d57d7ec-6674-4f13-a0b4-12d4a51da95a,f35eb7b6-1b25-433b-90b5-29212b72f6e2,TIER-BRONZE,89,2026-04-07T16:42:10,active
11920e9b-e22a-4683-afde-f740e9d4de5e,8252af4b-fdbe-4139-b9a2-de4ceb670886,TIER-BRONZE,100,2026-04-26T16:42:10,active
d7f6fb32-3800-4af9-bd72-da4b49455773,153f6ea8-c8e7-4bfb-8273-72ac137733ea,TIER-BRONZE,100,2025-12-25T16:42:10,active
f8a9e13a-47df-4492-b66e-3bdead34c284,4b761c33-8a8a-4dbe-a0d0-fa3261b391ee,TIER-BRONZE,112,2024-09-11T16:42:10,active
460e063d-f025-4660-a931-57edfe73045d,0a34659d-f0b2-4bdb-bf92-759aea838e90,TIER-BRONZE,130,2026-01-18T16:42:10,active
1bcd1455-0a0b-4536-84f5-7984325a8baa,5948da4d-8a3d-4122-9885-6f62f017c7b2,TIER-BRONZE,100,2025-11-04T16:42:10,active
0cdbbb49-8533-45b5-ab59-40f257c2268c,8f4f1f50-62c9-4870-bf5b-bdcd357f8ad7,TIER-BRONZE,100,2025-08-23T16:42:10,active
37f26265-b11f-4f49-bd45-bdbba653dabc,8699b9d8-d299-411d-82bc-9ee94abdf576,TIER-BRONZE,100,2024-11-18T16:42:10,active
2c6f6426-5c31-495f-bbca-b324d669fa85,3785fc7c-35aa-4e40-b620-f54b10e8a832,TIER-BRONZE,118,2024-09-02T16:42:10,active
14a4215e-9761-4eff-8113-1850372e0889,78e4ffca-cfe4-42f3-9ef0-98ca1bb8cfa0,TIER-BRONZE,100,2025-06-04T16:42:10,suspended
7eb8d88a-dd57-4cab-9b8e-66dde675479a,b4eb2e6a-e0ab-46b4-8a7a-cb2e92d8e009,TIER-BRONZE,100,2025-12-13T16:42:10,active
63d9e45d-a21b-4c0b-86f8-138de702e216,7902cccb-bb75-45ac-92b3-688e65d231bb,TIER-BRONZE,100,2025-10-12T16:42:10,active
bcfa3451-71d6-4035-8bbe-c02583a7b618,6a7675ef-2c9d-4e2d-80c0-b5f38fffb6ea,TIER-BRONZE,21,2025-10-31T16:42:10,active
eba66bce-26d2-4a49-b140-e5f9c6bd341b,35bb651c-499f-433f-b5af-b793b285e727,TIER-BRONZE,100,2026-05-03T16:42:10,active
1cea9a31-0944-4c72-be7f-6bf2d42c2b0e,fc41d86f-78f3-476a-882c-3eafc02d61f2,TIER-BRONZE,100,2025-11-11T16:42:10,active
41e72975-7e05-44ab-9e14-effbed2f6e30,26b9f21d-cabb-40f3-b28e-71549d01a6e1,TIER-BRONZE,111,2025-11-07T16:42:10,active
b39af986-03a0-41fd-aa1d-862b11c7d2d0,1b221ed8-52ce-4d81-a181-c5317da12a7c,TIER-BRONZE,100,2025-02-05T16:42:10,active
a88fbe44-82bb-471d-b3db-4015ec95a97c,1a1fa253-a2de-457a-9397-7c6c80d5d589,TIER-BRONZE,100,2025-10-01T16:42:10,active
26b2e6b9-17e8-474c-9f82-bede46caec32,7e52ce3f-191d-4d27-a0a8-76706fd6173c,TIER-BRONZE,100,2025-06-02T16:42:10,active
984ab311-d6bf-4eae-aa54-5c9e5ba92229,3cc240f8-bb78-4677-a387-18bb7667c3ea,TIER-BRONZE,100,2025-01-21T16:42:10,active
8854a3e4-5ea1-4cb0-99ed-d7a7c5997df2,fa5ae382-e7ab-4d94-bdfc-7d689bc335ab,TIER-BRONZE,100,2025-08-04T16:42:10,active
4dbbd934-84ff-4f13-af3b-76c7fcf2be68,5261268c-aa94-438a-921a-05efc0d414ac,TIER-BRONZE,100,2026-04-08T16:42:10,active
fc2a8721-8d0d-47cc-b09b-0488fde0ca59,212484cd-56e9-4934-ab9b-69d43228ee16,TIER-BRONZE,2,2025-10-29T16:42:10,active
577d318a-a1d1-4c07-82cd-15929e8b2ca2,8e119f8a-036b-4da9-bbae-98ab4fb61e2f,TIER-BRONZE,100,2025-12-25T16:42:10,active
3368e002-6d8d-4aa0-90b6-701751d6c41a,e0df02ff-f788-4191-9881-df0d6c775206,TIER-BRONZE,158,2026-05-21T16:42:10,active
de763560-2697-4b7e-8d55-66728369035b,2444fa55-4e76-4e0e-8880-6ccb037e3479,TIER-BRONZE,100,2025-10-15T16:42:10,active
eb9afc75-3acf-47a0-a730-27170f679097,55ae024c-4a5e-49d8-be84-2f493dc83880,TIER-BRONZE,100,2024-08-29T16:42:10,active
