id,payment_attempt_id,authorized_at,amount_cents,status
82c67b44-3cc5-4221-9896-cb57e66ae0b7,89b22514-c94d-4d5f-9b7a-75ac0e839446,2026-05-12T06:28:48,500,approved
7f112b35-58e8-43a7-9645-bbec7b2b89a5,942a70cc-08d7-4a84-b517-4f6e902e7e7d,2026-03-09T00:51:04,5100,approved
a7553f4f-f928-4d08-a544-512755f3137d,500d3d31-f76b-416d-8c8b-b7a713e23356,2026-03-03T23:12:41,600,approved
12002731-7df2-4084-b5aa-dc11e70c4a6d,3b03cf3c-ba00-4c24-8f3b-8b3025199bdc,2026-03-18T15:05:11,4000,approved
032b7f62-4f34-4654-8aff-5ff007d556b6,61da9590-c7ee-4594-baac-71918b8040e8,2026-07-21T19:14:01,2900,approved
107213ef-1434-4ee2-8b4e-ad547410201a,193572d8-eb82-4ae3-b9bd-bb03da107cba,2026-06-16T15:28:57,2600,approved
1a273e53-9704-45be-bfc6-79762e25326d,389eb6c9-0196-4301-add1-c96051837bb7,2026-04-09T22:42:12,2700,approved
3d0a7e16-771f-4ab6-a9fb-2a7a27c2c585,8790bf1d-af5f-4c1a-99d5-c4257edd84a7,2026-06-07T16:32:56,600,approved
f9d87ebc-e81e-4880-a5ae-34f95a7540df,e4199c21-ef16-4245-a1a5-77c669569d3c,2026-06-08T09:23:52,4200,approved
facd1c3f-b873-417a-bd8d-236ee9172c9f,47b5b87b-903a-4b34-9334-2aa3f1237d36,2026-06-14T08:02:15,2400,approved
1be140e6-f2ef-4ffb-b0ef-72b4f7b36848,53d620dc-70ae-4485-9edf-24824fddadab,2026-08-07T21:52:46,4700,approved
f2613951-676e-4213-9db5-1a3eea70125c,273e3a00-bd84-4eb4-aba5-f4f29dc1df05,2026-07-25T14:29:13,2000,approved
883c52e8-9bcd-4fbf-ada4-ebc55895bf8f,1242c741-47db-4088-a5c4-99f312d29d18,2026-03-26T05:12:58,2000,approved
81f9ca0b-e781-4e73-b39e-ab64ceaf9912,6a3fe01b-119b-48e5-8e4c-41f565a02a4d,2026-05-27T22:18:37,2000,approved
5190cca5-0779-49bf-ad4c-e4cfee0069a6,e0b8c87a-2d0a-4559-b254-046df05d8358,2026-03-28T19:46:04,3800,approved
37b1464c-d122-48d1-a6de-0aba56430fdf,304c8e2c-d7b7-4c72-90b3-b01f3f7df59b,2026-07-23T11:27:23,3000,approved
8203a048-e130-4262-8598-ffdacb25a16c,d488fd48-f6af-4258-a42a-e4bbf948244f,2026-03-01T19:56:17,1100,approved
93b6348d-6d5e-44b6-b7a3-a5fdb3a554d2,12c97fb4-3727-4251-9e39-90fe762f9bbd,2026-07-17T12:01:32,0,approved
8893a80e-d1d6-452d-a70f-4ff4aed3abcc,429a982a-15b1-4368-99f9-1125f6bc626f,2026-04-02T11:35:44,2800,approved
a0dd7ebe-113a-40d9-9035-ae18d9c42c38,b3e70cae-8293-463c-ac31-09c3905601ae,2026-07-02T00:49:23,2600,approved
82b779ce-c417-468b-a719-12447337f8fa,14616ad8-c208-41c1-8494-4c6ad5dad824,2026-07-09T23:01:35,600,approved
b842088a-e919-474d-853f-a8063b7ea0c3,3b02b41f-66b8-4154-8604-a55a43f26d19,2026-07-30T12:49:51,4200,approved
a918a699-ada6-4313-9d08-cf7051b5ef46,c2a18eda-9ff9-4228-a1c2-4b5e87e4a643,2026-02-25T07:07:39,1200,approved
7c24390e-8eb2-4cf5-9e79-14f97c25400e,9e8e7164-5472-4396-a1fe-180029113c7a,2026-04-15T10:34:35,1100,approved
bc312734-8d4b-448e-82a3-967c5d2361c0,15847813-d99c-49c6-b4c6-19cec097ef73,2026-03-04T08:11:11,700,approved
78fb32bd-e3e9-4aa3-9a92-a2f32181da66,eeb74983-4e2e-4dcb-8ddb-492eebd294b3,2026-07-10T02:55:01,1200,approved
5a71c422-3a0e-4fef-be05-b37198fa3857,82a755aa-f6a4-4324-84d4-2c0f4c2194a0,2026-05-21T12:04:30,5400,approved
64274db2-fff8-42cf-9d07-18a219a51517,d579c61c-37b6-4174-ae64-c2e1416e2833,2026-02-27T10:33:47,3300,approved
754d8e59-5006-4bfa-b9bf-89d657e75f74,8b38da8e-9b0d-496c-b696-4f491bd6e068,2026-06-04T07:10:57,1700,approved
7e8b46bb-db04-4c15-8c2e-1fe57a4cab29,10d6b29a-f28e-497f-8f45-39beac67e576,2026-06-09T13:33:57,2400,approved
8537db61-687a-4536-a10f-fa89a12e818d,5d9c22e6-ef85-4bf7-b3a9-7e1b3719604f,2026-07-09T09:23:55,4000,approved
10d39948-e7a4-46c5-bf21-e6be888ffa4d,e127f4d9-ebff-4e3a-952c-85b148f9e041,2026-07-02T16:40:03,4000,approved
aca7ed6b-56e3-474b-9ae6-ff8821640e6b,325295e7-2a94-42e1-8169-31a3d9a426f2,2026-02-20T21:58:51,1200,approved
e27c1ec8-11ee-4e1b-9f57-05be4d4988b9,8f9d6dc2-2c87-42ff-a438-633a36dc8a45,2026-03-03T07:14:38,2400,approved
1b6e7795-4fc8-4254-b53f-9e06b3cef7f8,c3f21ec3-a4ba-40bd-9138-2b57154a96a8,2026-04-19T22:19:32,400,approved
876ba94c-ae9f-49b9-877a-7e97b2410645,c8f9d466-752d-4e4e-9a74-d8d259c81cc0,2026-05-10T13:29:58,4000,approved
33948937-4534-4ffc-a2c3-e830a97dfa7f,b3679ff0-8992-4058-b624-795222c7e1d8,2026-05-18T06:09:26,1400,approved
0dc11ddb-3b89-4480-940a-d0d3054d61e8,553268ba-aeef-4705-9436-51f12c28a9b4,2026-05-25T19:38:12,4200,approved
7797c475-684e-482e-90c2-132929674b8f,acec6702-4197-4a35-9514-0ff21732ce59,2026-04-08T11:09:24,8800,approved
5058d253-4755-4269-93ed-c3ece0ce9dfb,c8e6c719-5791-4ba8-b742-9c961c501498,2026-04-07T01:51:38,3600,approved
f0246404-af51-4e1b-a9a0-ef325f5ba045,4149735e-71c5-427d-910a-a24c791f31af,2026-06-01T18:30:15,1100,approved
301f3ed4-ac18-4918-9fdb-ffc148cd94e9,15afc36d-295e-4c65-a604-fe0cf6358949,2026-08-09T01:15:05,2200,approved
1f0c27f9-21c3-43d6-a06a-863accd31da7,18790079-fbc7-4e58-970e-7af0f103b54b,2026-05-17T11:57:32,1900,approved
382120c0-50e5-4520-9fad-e16974180607,b350e09c-75f4-41e8-9301-43138ed9ca31,2026-08-06T11:22:52,2300,approved
b6975be9-0419-4a1e-8340-1f29e19e16e0,cd32dc46-1935-4050-b8ba-f130f0913487,2026-04-29T08:14:31,4500,approved
c02bf826-48d3-4bb7-970c-18b6598cdcc0,e8bc00ff-f05d-4f97-b54d-a0b324a03197,2026-06-19T04:21:24,2200,approved
fd26c06a-e300-48b5-bf4d-e62adcbfcc09,de34934e-c207-41e5-aec0-508999711855,2026-02-22T11:25:52,2800,approved
6752d6f6-6740-4061-adcc-c8bed9f0fc03,3c408126-8949-4064-aeac-d8eb8858763d,2026-07-14T04:29:03,1200,approved
7057d1ee-8e78-4b87-ae3e-595add0b4800,ef10edbb-f6be-4fd2-a0f1-6b412c7eceab,2026-06-01T01:05:25,1400,approved
673962d8-85f4-4bcd-b7a5-66b88f2b51a5,d1b4f37c-4ed8-42c4-97e0-57edfe63a00c,2026-03-03T01:29:21,1300,approved
9811bc4b-8c0b-45b0-bac4-48b3b473d36f,631071cc-4a8e-49ea-9be0-78bbfb935298,2026-05-15T06:49:08,5400,approved
5af82db9-6904-4cdc-a879-e2a2a28042cd,4ccb6106-1df5-4231-8878-7e9167ddd763,2026-02-22T12:36:49,1200,approved
a1a59df9-eb21-4d3d-84ab-9e9ce9fb734e,71e77b99-9614-49f0-a361-4a068588ddff,2026-07-12T23:53:01,1400,approved
ae8dc154-786e-441b-9807-c71dfa817f61,134d15d0-eb40-419c-bc1b-825663fd1ac9,2026-06-27T07:10:53,0,approved
acaa25ad-74f4-405c-ada3-e5bd10317f56,c1dfeb77-2ff8-42b7-96b2-9886d0e69c77,2026-03-11T12:20:52,5600,approved
6aebb168-0a57-4ac0-93b6-2e1669efe578,16c611dd-4d90-4c73-beb6-3707aa77f767,2026-05-18T00:18:00,2800,approved
c02fc4a8-0a69-4499-a51d-08d8a6cc2174,d6debc2c-79a9-45df-bda3-36cb508a9bf3,2026-05-11T13:17:15,2800,approved
9a119495-8d7a-490c-8574-0b346b1273f5,cbc6661a-b3dd-46a4-9d43-5dd0643bb6eb,2026-03-16T21:46:25,700,approved
157e177b-f70b-43a5-aa66-87e951f845e4,238979be-285d-47fb-8de8-463bb4c08ae3,2026-08-03T07:49:08,0,approved
68c24373-7b8d-47bd-a03a-63028cedba6d,f4ac1c38-aaa6-4a29-af97-0cc6a9a05595,2026-05-22T22:28:11,400,approved
481ea220-a432-4e07-b6ed-b4ef7d8af7b9,9ecc7c69-2b6d-4967-8139-da3cf72a3840,2026-02-25T23:47:34,4500,approved
864a22d2-e07f-4647-b262-a0dc849957c4,cf889d89-1eb3-4aea-98be-809e8c7b2db9,2026-05-13T22:32:47,2800,approved
57f74899-f39b-4553-bae8-2599ddec3037,fb51e9d3-cbca-4c85-8dd1-07a43e21ffea,2026-04-22T22:26:05,2800,approved
3ce62704-913d-4f4f-887e-04e1ca36a9ff,08b0352c-b24e-4853-8d4a-0e15d916c85f,2026-03-13T09:19:56,1100,approved
a9909780-26f5-400b-9cf9-49b9c46db477,9d83da82-c491-4cd5-a198-bda4e891385b,2026-05-14T15:41:38,600,approved
01082b98-a12d-49b4-aeb7-a4a4daadc888,7d74185e-d3a0-4ce3-9dd4-012e2ce03b24,2026-08-11T00:45:21,1800,approved
a667280b-e194-4a69-b8d8-cf39f1aa99f8,c05032ea-c94c-4765-b85b-ee84972876a9,2026-04-24T04:15:09,4000,approved
e9706b1e-d9ce-4dc6-94f9-259064bc17bb,74cc831a-6c07-4849-9996-1c711c5a06d0,2026-03-07T02:51:36,1500,approved
bf88ac56-f24b-46f4-82c6-a416da765c2c,0e252b2e-cee3-49ab-8131-4fd977f06f91,2026-03-11T21:28:31,2400,approved
cad6d93d-0d17-4d4d-8974-262d900b8e1e,fe387044-a735-41d3-9e90-a87242901460,2026-03-08T16:25:44,600,approved
4abc87f5-c379-43c8-8a08-239f2f19bee8,da2d08b9-7d9a-4016-ace7-759d019bd466,2026-03-31T01:32:07,0,approved
3d743d60-e475-4ec5-af1a-4c7224c00555,98cfad16-f736-4905-b8e4-6561a5a8f5bb,2026-08-08T21:35:22,3600,approved
00723968-56ea-4f0d-a25f-bf04c7ceaf39,692ce0c7-e217-4760-a303-ecebb07fefae,2026-04-01T11:31:10,1200,approved
a793428e-c79b-478a-a155-c944bbc24321,29aa7039-056a-4357-ba8c-93b46008e856,2026-08-14T23:53:56,2100,approved
f86ae794-e007-4729-966b-15368be931d2,f1199e1d-6369-48de-bde4-d779a8c77ce7,2026-07-19T20:11:05,6300,approved
73de1691-93da-48a4-9d5b-821c1184d42a,dcf82d43-dc9d-4d9a-9551-a815fbf9c595,2026-07-11T15:49:41,4000,approved
bb1d78c8-4aa2-4467-9277-9624b99cad39,8d9b06d0-925e-434e-8c37-011a49f380d7,2026-08-08T16:37:15,400,approved
461ac73d-5d72-4d20-91dd-81dff2f7d8bf,be43cdea-72a6-465f-a960-686de79e0e69,2026-06-20T12:41:11,3400,approved
b49257bb-6119-4bc2-9865-c10d8a0aec01,01536971-6520-40a6-9d28-84e359d63639,2026-07-31T19:35:13,4300,approved
c85faca5-3035-4c0c-a9b9-ba835894de76,8bc5d7c0-4371-4905-af07-482cad74730b,2026-07-14T11:38:51,1900,approved
b24da699-6ce2-4f50-8e82-be2b4157380a,e8216796-6840-4aee-88d3-883e368ee6fa,2026-03-29T06:35:22,4600,approved
054afae2-8beb-4b1d-b8b5-5e41ff18c331,e1c897a0-a661-47d1-a627-64fb32089fc2,2026-07-29T19:59:11,5000,approved
6a231439-b248-4e44-aaca-0cc59c7a3b88,c771b892-a6a8-4394-b765-1be86ad7316c,2026-04-07T04:17:15,5100,approved
8520b931-014c-4c2c-b78c-be70d59e3c5d,60f01ce1-c6aa-4f82-b786-7d7e76e76d1d,2026-08-06T21:44:03,2900,approved
13604f51-93ad-48f4-8348-101d9ac48b89,a12afd11-22a4-4118-bfa3-620b55900721,2026-03-18T09:05:14,6100,approved
811822fa-3ca0-40a0-9d3a-11d92dfce412,6e3df64b-c2f3-4767-9558-8a8913b406f1,2026-07-05T08:35:26,4800,approved
bce1bce7-0eb2-46a6-97fc-b3f479159924,69e056af-2c14-422e-b3f4-5fa150dd1c23,2026-05-12T22:48:14,600,approved
4aac36b1-582c-46d4-b9a5-fe9388b62f7e,a145b885-3be1-4962-ab88-343756911dc3,2026-06-08T04:45:46,500,approved
74794cd6-c542-4b66-91dc-602398c197c6,4d8f188a-bb8a-4819-b7d2-ed344e0c7d58,2026-05-06T00:41:23,3500,approved
c8463479-eb33-4939-8178-84a0070e8ed2,9ad07c6c-9872-4bdd-86e8-9dbf5740f0a3,2026-08-04T08:05:19,2400,approved
d68c35f8-7f43-4ca0-b974-308a960336b2,4a7d28bd-3719-4a94-9bf7-2e9d9e36b8cc,2026-05-13T12:44:12,2800,approved
e91c0f83-3b21-4ff4-a519-bd4b41eab7ea,81e81ac6-dafd-4549-80e7-3ca4b7f16ef5,2026-04-29T01:05:53,5000,approved
50784916-36cd-434d-bed1-98b7dd16212b,ae1f2ebe-45d6-4ab6-831e-8e00431a7253,2026-07-06T23:02:46,2200,approved
89d21e5c-92a5-446d-8f1f-ec67356c444f,67259c56-fa7d-4d00-9846-9232116a9558,2026-03-09T13:49:13,3900,approved
0c94e278-e136-492f-9f5d-24c290089d61,da9ecd59-e508-4b45-8a70-28d0c08358fc,2026-03-05T10:19:12,600,approved
8a2906df-444b-46af-8081-b414014a2ddd,b6e96762-8d0e-4d7e-9376-0a3ccb8c1d60,2026-03-02T23:54:22,2900,approved
44c7e53a-cfe4-4502-8ea0-239aa480be9e,7d66f000-7654-47c9-9d59-de9a324484f4,2026-07-10T13:07:18,2600,approved
e93b217d-6be9-4e14-b032-5bbd723eab86,a21e57ee-dbcc-4a59-990d-6f19605ecdaa,2026-07-02T10:07:29,3600,approved
0ba1cfcf-ed9b-43aa-a6eb-9d4b1ee228d2,0797d021-5b9e-42ce-97bc-1120010cbb40,2026-04-11T11:52:15,1900,approved
8f2b8196-e902-4788-a08d-c5b6673b8a01,c518d56f-3b1a-4ee6-a688-44d4b27b4187,2026-07-10T10:42:52,2200,approved
f5c49897-1f71-4393-a537-7d1ef3cc0f3d,53708c9b-abf1-487a-bd6f-5a5618ef0507,2026-02-26T22:24:47,3700,approved
a3612dfe-360d-4aeb-9e15-353f497a5e1f,02cc658e-10a1-499f-b477-002a3acf846e,2026-07-29T05:05:38,3500,approved
f1c8db13-cf74-46cf-9ce1-c75f9665e350,cb23f61e-6759-48b7-a687-7be3bca0264a,2026-07-06T06:29:19,6800,approved
0116f08e-161a-4865-aa8f-3843c8522e0c,34f6bc7f-e08a-453b-9a3f-6fd0553cea32,2026-07-05T05:04:26,3600,approved
59d85f87-164d-43fc-8d97-b3e56fbcce21,90c4d64e-08b3-4780-b944-f02e9c1934ff,2026-05-28T00:48:41,600,approved
3632615c-50e6-451a-a5e0-8778c0632c13,cb69c9ac-d1a8-478e-a370-2d0c78658efb,2026-02-22T00:27:49,1400,approved
71a20d91-026f-4ea0-84df-25df8828f210,445b156b-8ac0-41ec-82b9-f6ca04f57b46,2026-03-10T16:24:36,2800,approved
94a5515d-9872-4557-b9a3-f27a6a07225c,f83660ea-30d1-493f-af50-d232cf42bc08,2026-02-17T00:27:24,7200,approved
d6041887-82ed-4bc1-bec4-c49830c90673,53b32fb0-dc4b-45b4-8497-f9bb5b431869,2026-03-21T13:33:06,6200,approved
a01733bf-1217-4fa0-be87-277a39173940,18b92b06-9f2a-4b4e-852a-2538af89f210,2026-04-08T16:34:28,2800,approved
759349c0-76f4-4b13-b20a-d9c9c377a996,68804976-13f4-4444-97ed-b44b044cdd92,2026-02-25T18:06:52,4200,approved
d0c788b5-ad0c-4ff9-934f-587feb577582,4d71ca65-a3c8-4f3b-a4c7-d2e2830ac256,2026-03-16T05:20:48,3200,approved
71b1fbc8-a089-4bba-9587-6136592f209e,5bae19fd-f8d0-4c2f-a8c3-4a329ab52b19,2026-04-07T05:33:54,600,approved
e327004f-b8d9-444f-bfae-6e4a03f0129d,1859034d-9854-4663-a2d2-c5f6b7fd8592,2026-04-06T06:24:01,1900,approved
8cc59d4c-95c6-41fa-afcb-cea79a0cf284,17b051c0-5606-47d5-bc02-c88a4501928f,2026-02-19T14:30:34,1800,approved
929c61a6-9e86-4746-9a4d-8d826f08f0f2,a5d61a1c-d54a-45b6-a3ad-273603dcb8af,2026-04-13T21:21:28,1800,approved
df7e5bfa-b9ab-4e00-91b8-fc0a347230df,f1e6179f-e55f-4032-8973-6c007f5cb4f2,2026-05-13T22:52:35,2500,approved
5286b2ca-ac55-4a6e-aa7b-47db935f8e30,b4da73cd-9fe1-4a26-92b4-809774f12525,2026-06-18T18:20:44,500,approved
df15814f-8061-43af-a0c5-8edcb81bb373,2b0c872e-a4d5-4c37-955d-f684405253b0,2026-03-04T21:29:52,1100,approved
0e97daed-4b32-4769-9fb3-9da10e73bbf6,6ca7be46-d2f4-4a0f-aa13-aed0e73552bb,2026-05-27T08:59:44,3300,approved
1f5e0460-9043-4e77-87a0-7cd3ac028772,beba97ab-141b-485b-9580-59b486b1b1d9,2026-06-29T17:37:29,0,approved
c51854a4-e328-4485-ae38-08da725ca75c,7bdff891-a18e-41db-8bf8-7b5aa9b41df4,2026-07-13T05:17:02,600,approved
f6af8b01-2efa-43fe-bb44-8da702855456,d3cd385b-94fe-4f71-b4da-8bba28c636ea,2026-04-08T23:13:00,4400,approved
673aece0-5f46-4ae9-a3c6-8d584da7aefc,db3403fe-57f7-4e18-8ff2-6d9aa31cd10d,2026-03-06T10:17:27,6300,approved
5b8eb2f2-2a2d-4f48-b125-dcaa41150ea0,ee3b3e30-032f-469f-a672-d6c97157883f,2026-06-19T13:17:21,600,approved
4bdd539d-b36b-49e9-9e81-eeab959ba469,ea928b97-862a-4ab9-b6ce-41aed74c943c,2026-03-08T01:24:07,400,approved
103daec6-10bb-4c87-9183-0b0a8014fbf7,0b9bd1a8-713b-4063-b474-fe5c494b5efb,2026-06-14T12:25:38,5100,approved
784e14cf-8bc5-4098-bc5c-b7d50ea79c23,64aa5aa4-53dc-4fc1-b0f1-be5784ec56b2,2026-04-01T19:23:16,3600,approved
cd8e3e67-f9f5-4dd9-8e56-8ffa2c409816,87acb1d1-b2e5-41f2-973f-80d74d5a8f56,2026-07-22T16:46:50,1200,approved
a19830bd-a648-47a0-9d6f-1defe2b1b567,0f7b3f30-5052-4f4d-a38f-95321cf86f77,2026-04-12T02:13:52,4400,approved
605b31da-c653-4d6e-b51d-4364e25108f9,ca46a18d-dbdf-4f2d-bcd8-1e8d3dd2dd9a,2026-04-19T12:39:28,3200,approved
9e25c5ee-3bab-4cce-aa1e-a381ad436cb1,583d5965-6546-42e1-931b-5fb0e12046ae,2026-06-07T06:53:12,1800,approved
bf04f8be-ef2e-4d2d-bae3-cc6c5c709441,d61fcf2d-b7cb-4ab6-b854-9a6f554ee599,2026-03-15T01:26:25,2600,approved
b7dc0eba-2bf8-43c0-a018-19949229c315,21981a1b-bbcb-4ee4-b877-f0d871b673e9,2026-05-08T04:12:07,4800,approved
e24f5c8f-3c8b-4b59-af73-32eeedd5f68d,e2e29d67-5050-4ca2-8057-c848ffcce011,2026-05-15T19:07:26,2500,approved
9b392d7b-20a3-4ed1-ad26-69c990140ef3,2d5468e6-5201-4937-8d1d-830b9f5eeecb,2026-06-17T17:50:30,1200,approved
28869225-2f04-481d-9ad0-08d1c9c25f9a,e601a043-d9cb-43ff-a53b-94b71eeb4719,2026-05-08T02:48:04,1100,approved
37f8d952-2058-4645-8d09-a5cd59e3b702,43d8138e-cee3-49de-a194-7716da641d59,2026-06-03T04:21:15,4200,approved
fc03bbe4-bad2-479e-9fde-ec3949bc3e9f,c1f14600-0fb7-42ac-89b9-6c0298eb4fc9,2026-06-02T06:01:52,6200,approved
faa8b3b5-a899-4d36-90f1-acc317c0e07f,c24f9908-cf26-4dcc-8493-e2c5a6b5365d,2026-05-04T15:30:09,4800,approved
1f649739-b150-4591-8086-f35422d70f51,b6b38f68-7c1d-46f4-80ce-2c127d9cbadd,2026-08-06T21:51:25,1100,approved
8638ecf0-e88f-4c28-9574-fc0451ca9f56,0044f7d8-bde6-44ae-87a9-ec44139119f5,2026-06-01T23:14:20,700,approved
2eac43b6-a4e0-4b80-8a18-2f619f2cdb94,cb9a4e99-cc92-4c7a-a2a9-7a71346edd62,2026-06-20T11:23:00,1100,approved
612db836-457a-4517-a40c-c6759c18c1a4,6f00912e-b3b1-4b43-92e0-ad17535f5bbb,2026-05-16T03:31:07,1100,approved
d2c75f34-199c-4a46-b17c-fdb7daae00fe,eddd2743-6cd9-49f9-bb7b-311d56703cef,2026-08-11T04:34:37,3000,approved
2c53d3a0-ba39-4008-ba72-dccb8a7fe25f,d4516efb-f4d1-4cd2-8f77-2aa7c63c5a1e,2026-08-13T07:02:32,1600,approved
46afde4f-5653-40a1-8214-8159dec05483,fc8834ff-d06f-4cdc-baac-dd1ec2d2ca72,2026-02-20T05:51:43,5100,approved
2c7e8f4a-95fa-4bd8-9825-337fcceb9634,cfe15b68-cbff-454e-8aba-a2686610d4ca,2026-06-23T22:50:29,1400,approved
23786a45-3a4f-4175-b426-065d69799001,1cf11ec6-1a77-4fda-8831-3da37124cc59,2026-02-26T01:53:20,3600,approved
eed79607-f6ea-483a-b909-f9dac52b671c,35694539-a0ca-4450-a240-b4ecabf47ee0,2026-06-03T00:38:28,700,approved
cbb7b015-1047-4fca-955c-34a339afd103,3e92b428-e1f9-446c-9000-81f7879fbdbf,2026-07-03T08:45:16,2100,approved
8eb832be-6957-4901-a7db-1af88373d12e,fee24e36-56b3-4dcb-b2eb-8c05f2b85c38,2026-08-09T00:44:52,2500,approved
a4c8baef-5f1a-4416-8eea-628af87ba49b,d139a87d-d759-407d-8cee-7d8a77cf46f5,2026-04-11T08:43:53,3000,approved
07fd9d48-82fc-44f3-837d-c8c6cc6254d1,66ee145b-cf60-4d3a-b6ca-dfb6a1ed2621,2026-05-27T13:52:19,2600,approved
51c807fa-b61a-4e48-9deb-6372a0f3ba80,9e9acd35-72c9-4311-8504-485894bd128e,2026-03-13T07:28:34,6200,approved
77294cef-77b3-4009-825d-bdc72aa332f2,5175e305-2538-4b24-a72a-ec6a96e76570,2026-03-09T00:17:08,0,approved
b5d7cef5-3a2c-4fd7-8de8-67984f1eaebd,d339d33e-2e04-44e4-b43a-521c2cf3e41b,2026-02-17T16:34:38,1600,approved
6b1333e9-10ce-41dd-b6a7-09c724ba4e81,9ab138a9-e37a-4124-9938-b79d05033dbc,2026-07-06T22:17:51,2200,approved
80790014-770c-4825-b7b6-89aa09cb2ce2,21bdc911-09ef-4fb7-a533-5c9f4a6d53ea,2026-06-28T03:30:28,4600,approved
2eb995e3-b0ce-49bc-8f6a-b90850a9682d,b6415d1d-8a8f-4d7c-939e-5eb1b8e37414,2026-06-07T09:49:16,4400,approved
cd6fd056-dceb-49af-b91b-5a1c1761a341,3a32088f-80a7-4864-9eb5-a2a11cee5ec5,2026-04-12T16:09:55,1900,approved
9d288311-57cd-4065-a5f2-a30319f31142,207fc8bf-7a83-4193-a7db-ad0c2499d869,2026-07-14T15:04:37,2300,approved
d10be25f-d518-4db0-85b3-13502315e759,95ab05a5-b1c2-4f08-aed5-8c1ac379a23c,2026-04-16T17:53:35,5000,approved
6e4187b9-763f-41c0-ae4e-0c488caa6de0,43bbb735-6507-455b-9db9-e12f956e7043,2026-04-04T10:18:57,1200,approved
6c65dac0-8d35-4741-a5d4-a4dd88d09d6c,1a0351bb-4777-41b0-a87d-a7c550c8dfe1,2026-07-04T19:00:39,1100,approved
43ae57c3-e581-40be-aca3-f8be0e66c73c,5eb66c90-cee9-4bf7-bb98-135789125222,2026-05-29T16:30:05,2300,approved
cf771d1f-c102-4b6b-ad96-380ac30c77b8,a83701e8-78f1-4163-9517-d707fd18ca88,2026-04-29T18:11:25,5100,approved
e52aff78-eba5-4727-bf16-e0ef5fdc8324,d60db231-8781-4738-a9a8-c98e8c052493,2026-03-16T05:23:25,3400,approved
74f5936b-fd2c-4b20-bfcc-096a473232e4,84a3f6bc-08dc-4e7f-aa2e-16ac207e3321,2026-05-09T23:07:04,3900,approved
74d4a4a5-7b6c-48f6-8274-377fbf693ad7,cee5d0f9-6cee-41e8-8610-0c0e0dd76e8e,2026-03-23T20:10:15,4700,approved
c8acf362-eccc-4c3d-8d7b-6b3f732f5880,363c1f14-920e-49bf-8462-7e19467fd91f,2026-03-20T07:19:29,3500,approved
aa31defb-7cc2-40e0-88e9-6616be8e99fd,26bf48f3-0e07-44b3-9bea-01236de4038e,2026-04-06T07:04:30,1800,approved
05c864cd-183c-4256-8e79-b55d135ff3ce,32ee4c5c-fc48-4f0f-90ee-6e9b7cb6d98f,2026-02-25T16:35:53,1800,approved
bc02292a-7619-4487-9345-7e41fec387f6,044f4f2b-1b49-422b-9502-4c89eccc817a,2026-07-17T04:12:41,3500,approved
ca5c3bdd-2566-4658-b59b-f8a9332d6fe4,d9db50ab-dcc8-4270-a49c-50461f511e05,2026-04-05T00:45:36,3600,approved
db5c98e5-8d55-4a29-b8df-1668f04e05ce,356df914-ef58-446d-9b73-b5c88e1ef395,2026-05-23T23:09:39,3300,approved
943212a5-7225-4fd7-a2c0-0f2aeca79337,93ef093c-406e-48ad-8965-b79964545e54,2026-04-05T17:05:26,3200,approved
7b15e3a0-02f4-44ee-ac48-81db7251347a,983257bc-4cd1-4e22-87e5-c7d07f665100,2026-03-13T00:15:49,1200,approved
3e6cedc1-a6c9-41db-a87a-1b85c7329241,1019242f-3787-4704-b147-c5506b2b609d,2026-03-13T20:16:26,400,approved
0498a1f8-896a-422b-985f-f41827c364ca,633c091c-75e4-4ece-be51-e590c38322aa,2026-06-05T19:29:02,2400,approved
a901771f-6bf2-4302-a5de-acfecab829d4,b5264999-12b4-44e9-8a53-bd0e276c3d85,2026-03-28T12:28:02,4600,approved
a23f375e-a27e-4c7c-81b3-753ce71e53bc,e5ba2481-1444-48e1-a478-35b6f0f67f64,2026-04-07T16:18:46,0,approved
95a0b0ed-2865-46c8-8da0-ba94fdf71979,9e4c681f-6bfe-465a-bc7b-13464fe38889,2026-03-02T22:53:49,6700,approved
8e8b8a8c-fb5b-4766-a4f6-eb1c80f37793,ac508300-6ef9-425e-b46c-bc6f5e930dda,2026-02-26T01:05:18,3900,approved
80be8b68-0105-45e7-88d8-f2914f85f444,04580bba-c037-4c57-9efd-f2f82ab17c1d,2026-03-19T21:10:27,1200,approved
ad215214-bd2b-45b7-b7fa-c11c9d9d8632,d934b915-c228-42dd-a616-10673fa78802,2026-03-11T12:11:31,4000,approved
6f5c6ea6-21ce-4f6f-9b2d-84db7575aeb5,2f09ad41-ffda-4baf-baa5-e5a42dccc4ac,2026-06-30T12:28:09,3800,approved
72d3b0d2-1d1b-4118-8212-3f1c0942b93e,60f6b8ad-7e02-4d6e-89b6-e0e2cc971755,2026-05-22T04:04:25,7000,approved
abdd4a84-98bc-4033-95c1-3cb4a0704b86,cda0dc60-c0f7-4603-baa0-57521ed7a1fa,2026-05-10T11:15:58,1200,approved
48242d70-a820-416a-be83-2ce2b7458e39,0d18045c-4006-448c-9e13-cefa06c8bae4,2026-06-21T18:39:22,2200,approved
542bd058-195d-4acb-8eaf-10579f7bcabe,ca666f26-5a0d-48e2-8d8e-64fe778e1829,2026-07-14T14:12:12,2900,approved
28f3a5e2-39c7-4013-9f5b-8b09d2dffc81,f1d659a5-9ef3-4823-b164-2b213c00c1a8,2026-07-19T04:01:55,3500,approved
608ce13d-b2fc-45c1-ba26-6fc681b4d024,9eefef6f-2794-48b2-90e4-6c1081c01c87,2026-04-05T05:41:33,1400,approved
592e1bd5-7b5f-47e7-b516-26898ac70639,a2783704-8af1-48c2-b791-0d2fe8803c55,2026-07-19T14:23:05,1700,approved
26581347-5dcc-4323-bdee-7fa5abf56c34,8f71b1fe-0025-42e3-9c03-6751b62f89c6,2026-05-12T01:59:59,1200,approved
3f561521-1ed8-4de1-be18-b78c7affd07a,0ffecee0-4a61-476b-a092-34837ec03328,2026-03-22T05:48:22,2900,approved
a9d5c9a1-d822-4a5a-9ad4-bf2509061a1b,0bb37974-5524-4751-94be-7a2d1c6d80bc,2026-07-13T00:41:28,2400,approved
7fe7d61a-7c2f-4fe3-bb19-acbe61979d65,1bd417e8-e38c-48a8-8161-5b220abc355f,2026-07-05T07:21:55,1600,approved
2e316a6f-786e-4e04-9258-2b99c8ee34ce,30334567-5579-4232-bde8-df6776f01cf7,2026-03-23T13:45:16,0,approved
46b2f799-12b9-4bcb-9c93-e8633292eecf,104cc32f-5144-4e02-a800-cc72c08c78f0,2026-02-18T07:09:57,5700,approved
3ae781ec-dfb5-4b4b-b16d-f2b6bf6009a1,17a88941-8bae-465a-99e1-96b7566edd98,2026-06-12T20:12:24,1400,approved
8f369ea3-c0fb-471a-9e8f-d74d9c2e5e10,9d0f6e63-591d-4a30-a9c6-a2a0205ad3b5,2026-04-26T09:44:01,600,approved
57f05fbf-5cdd-48b7-ba23-eac2b209110c,3a02f24a-a44b-4fef-b226-226537c12b8d,2026-03-27T21:35:55,6400,approved
bf43371b-8282-44a6-a633-20789a7b0887,b6a72340-b33a-4184-b95c-d679431a9e0f,2026-03-16T02:55:37,1100,approved
fd5e661d-0473-47f6-86f6-9cce5ebba365,ca3ecde6-e13d-422e-9c14-a76754c2fe26,2026-04-22T02:09:19,6500,approved
96724d0d-eb38-42de-8ff9-143e97abb626,bd28af8d-9c43-453d-a9ac-f7914373ac63,2026-07-27T22:57:42,4100,approved
bc069e4d-7860-44af-a706-463a1f20b4cc,78a4a232-354b-4cfd-9612-6769e5b93e4c,2026-03-14T14:07:36,1200,approved
43299ae9-41c9-455a-b7d4-ebd00b1819de,0a073487-d2f3-46e7-9f8a-39682cd87bd6,2026-03-13T09:06:53,5700,approved
a5ba9bc0-bfd2-4274-8c8f-eca84d828d7e,f8219b2c-8367-47dc-a91d-0333d615c799,2026-03-25T15:47:16,1100,approved
2b2df650-66b6-4b5f-8b54-20d75be9e7ae,066bb486-d1d1-4feb-a8bc-3592a43b7788,2026-03-30T09:05:06,1700,approved
da42bb79-32f7-4d76-aa2e-3df1e9aa9da3,669886dc-365a-419a-803f-1230129f5c5f,2026-06-11T03:28:31,2900,approved
df8f6699-4fcb-44fd-a396-6c71a2cddb47,47f5920c-4265-44d2-8fee-017ebe1570d0,2026-02-20T20:01:10,5900,approved
77353493-328d-4d49-a9bd-53a807ca6403,2a955852-03da-4774-b944-81e661bb9f57,2026-02-25T15:06:53,6600,approved
77663bd1-34c5-4ec4-abf4-f54c0adeb8b7,e37ffafd-3ce2-4eb1-bc9b-78e825fb8879,2026-04-04T21:22:44,2600,approved
8be45113-01b9-43c5-9466-bbf414bf37e6,875b0184-579a-4c28-af35-2b457866b5bb,2026-04-05T07:57:01,3400,approved
0adc36fa-e5cb-48cf-8858-30e088acafa8,08984ae7-485e-48b8-b757-122b3b206895,2026-08-14T05:07:18,3200,approved
6930ac4d-86a5-4c23-81e1-35b720517a71,3054c5af-3ede-46d9-a772-e24352041225,2026-05-12T11:41:27,1200,approved
3cbf91af-ba47-494b-bc1f-ceae297ee163,bbab0f27-958a-47b5-8b8f-d3e15a6706d8,2026-07-10T05:13:50,1000,approved
6814d882-f1c1-4daa-86da-8ba9182c9dc4,d5078caf-96e1-4917-bd75-c1b87c0730c6,2026-04-02T03:58:59,2400,approved
cad8a57f-d08d-4928-b72c-3a52f73fa049,c16b2e81-fb0c-435b-830e-ecfaf60ef661,2026-08-01T14:02:15,4000,approved
b64fbc64-226a-49de-af06-ebf6449cdb70,f9cffb60-4fa5-4d8e-8b0e-ccc38b22991f,2026-03-09T07:36:06,700,approved
64127856-f096-4f76-a21f-7ca4bd693fa9,12bfa51f-6dba-407b-957d-6dd48436f109,2026-02-28T21:59:29,0,approved
36d8ea61-0ffc-4f9f-a14f-e03d47bed2ef,b711e1e4-3167-4f11-ac37-25fe86359b01,2026-04-27T03:22:31,6200,approved
de2e9418-47f9-40e3-8b68-65da1b7b3797,0295d931-aef6-4d5e-9eca-e0f6764a101d,2026-05-08T16:26:01,3000,approved
f67fd614-28b8-4a79-a9a4-a96e3a8063e7,c41fe9da-9b5d-4779-af49-113fddf3cada,2026-04-30T09:22:54,3800,approved
c3b7fad6-ccb2-4748-8f81-8c6986febb2e,f9bc34f8-c3d5-468c-ad72-99de2e913b6c,2026-04-01T15:45:52,3500,approved
262f3064-8b3d-4922-8dd1-4a461365db1d,390869ce-e2b5-4e0d-a7bd-bd0d5845c702,2026-08-09T09:59:19,1100,approved
bdf90e6e-28de-45d0-bec2-3066fba57bfb,c20666bc-c7e2-4340-a061-fbfdc180af5f,2026-06-20T14:34:33,3800,approved
314f29c6-527d-4fbb-b6f0-b24858a977a8,7f16f8af-437f-4b3f-be6a-d569de25d0d5,2026-07-19T15:26:37,2800,approved
3e6b6e80-849b-4234-a01f-161a79756539,0fd3394a-1900-42ef-9e8a-01efc4617f03,2026-02-21T23:16:30,2900,approved
540aedb3-55a3-4ad9-ae6a-3d897cc36026,430a6402-c18e-4607-b809-0fcefc6c980c,2026-07-18T10:29:19,5100,approved
9ffa1001-0a58-4a20-9267-244823c80b28,a7e173d9-bbd1-49b0-8715-5ff9cf10f15a,2026-08-16T10:32:21,4600,approved
9bae5e73-6ea7-4733-8dd8-2a948c71ba4c,9ef37ca4-5f27-4aff-b231-1537cfff8cb3,2026-05-28T07:34:06,1700,approved
47af262b-06a9-4ee1-b31b-f40369bc657c,5fc3c89e-f767-4abd-b595-0a9c3cd50704,2026-04-22T06:50:34,3400,approved
7dc9e970-1b44-4152-85df-eba6f407416d,509ce8e1-3702-49a4-87f4-2cdaa5f1c556,2026-06-12T16:34:18,1300,approved
c76ba563-687b-4fae-8a22-ee684067e0dc,ddec1423-ff34-4604-a3e5-f26482897e7d,2026-07-15T21:33:54,1100,approved
4f2ec00e-df8c-4be2-84bb-af472ef9c456,5fdda7e9-99de-4929-9641-a398d068ca1f,2026-05-24T12:40:33,900,approved
6d020418-f649-4cc3-b75f-a187025be8b3,8205353e-4b54-4401-a105-858d62f72c43,2026-05-04T07:08:45,400,approved
df50e810-b5e9-457a-8b19-af48fac744dd,3377d560-25b9-49e9-b02a-25af01598ef0,2026-07-01T00:31:09,1800,approved
feab5aba-5887-49ee-86bc-537f2c0b8c5f,976bf5fe-c49b-4dc3-b922-233135a8e906,2026-05-31T15:26:52,2400,approved
f74f0acf-b14b-456b-9082-e436f877e7ec,dadb05c0-bfa1-46e3-aafc-3e1ced095522,2026-04-16T19:03:46,0,approved
cb0eabeb-a05f-4f76-9c72-59d512158733,52ef2ae2-d386-4343-833d-73dda78e5313,2026-04-12T09:55:50,500,approved
8b159872-ab6b-4dd0-941a-2b8ed7ae33c6,45c1aa98-4a37-4f7f-bad4-8737a23b7ac6,2026-07-14T23:27:54,2200,approved
3f8eaad5-89d7-4f1c-b63c-563b07ca2966,3ba22da9-fe61-43a8-97b2-82005d9ef515,2026-04-02T20:09:33,1800,approved
1a38dae0-f8fd-4539-b28a-c84a1858a61a,34f58223-f39d-411c-8f39-3fe30f39ea02,2026-04-08T02:57:45,4100,approved
75822ddd-a49b-4aa0-9f53-3e0f8e315434,65205e9e-daa9-4df4-b992-f878e0bb65f2,2026-02-21T04:12:10,5500,approved
d6a197e3-10ab-4dd1-8a9c-1b9464a83c16,890dabe3-71eb-46b3-a833-c2e2562abee4,2026-07-12T01:42:29,3400,approved
66405a5a-04b8-49bc-9529-be8f6a0c70db,00c0cd33-7eeb-4e75-b7a7-979045bd86dc,2026-06-15T17:11:52,1200,approved
55547601-4464-4961-bb0e-efd7f68f358e,2801ecc5-deb1-433d-bbc8-f62797664140,2026-07-15T13:12:28,4000,approved
276b50d0-7987-4dc7-951d-94377dfa90c1,6031e89c-4487-45b4-8c09-fbe544abcde5,2026-04-02T20:53:52,9700,approved
4df2ee39-1807-4502-abd6-4f1c7c5afdd0,1bd4a82c-b264-4131-a660-84977464b4d1,2026-05-11T13:09:11,0,approved
4b70dbeb-529c-42e7-a9c2-393e80f463ab,7bb08778-1050-4f59-9f8e-84b68b83d760,2026-03-28T19:12:54,1500,approved
6b7fdeab-2906-4253-a925-3ee4b63385c3,b7728a06-3f05-4631-9c81-c09ad1de3783,2026-06-29T11:15:08,3000,approved
02944625-9f7d-4e70-9dc6-be5bcde6f320,fe96a040-eb8a-4f1e-8955-6ffec05ef454,2026-03-24T20:39:57,3300,approved
be6c46c0-db41-4f7f-bec3-e9cc7b7272ed,c31130eb-994e-47bc-876e-c986b3ef742d,2026-04-29T11:43:44,1900,approved
a2d61213-0a28-4610-ada1-7ef7ddd55fe3,08b9137e-81a0-410c-8073-701c97d5d12c,2026-08-08T22:08:32,1700,approved
faa10178-6b7d-4705-bc82-b79acf2c0102,caabc120-4553-4cea-bf67-6cff3754dd9d,2026-06-13T11:47:14,600,approved
a016c72b-f80e-41ea-aad0-bfbce67491b8,73b3f3fb-cf72-4994-8ad6-40ab8c1bfadd,2026-08-01T09:29:57,0,approved
1eed93f2-a522-4034-aa3e-cfa3545142df,df4db2a5-4c97-42ba-bfd1-62c4e0c4e742,2026-07-07T21:45:26,0,approved
44e30ed0-3494-40d5-be5c-753fbf98be44,c808f748-d665-4f0a-ac3d-6e4ba526ca25,2026-07-16T20:56:21,3900,approved
09e706ae-03cc-491b-bb4e-185a63e50713,42de227b-d3c3-416b-9a1d-9245b5a8d4a4,2026-06-10T00:14:31,600,approved
c542ed39-8ccd-4184-bd96-f2186fc577cd,f13c1057-fb66-4c8b-b5ae-a224236f31e2,2026-03-19T23:49:31,2900,approved
05dfd0bb-57e2-46ac-8d5f-b1f944ac1fe2,bd73a576-c7cc-4b9f-b56d-a0ada324c2ba,2026-03-31T19:22:45,3600,approved
8df21ea8-db23-4b25-8b9f-3fd4ed4443df,566ab000-7ecc-460f-85a7-cca86fc03a40,2026-07-25T04:04:13,3400,approved
a9a95ccd-bedc-450f-8beb-652f0dbe0959,3d861207-271c-4b7c-9784-0794a5dea26b,2026-03-14T12:36:11,1400,approved
09b7ae82-a3f9-4a9a-9717-655193feee2f,cfe68795-bfca-4ca7-a2cf-e9dc453129c7,2026-03-21T12:02:56,2400,approved
29e252cd-01b1-4884-865b-8301fd74fcc3,9bf52392-5f3a-44fb-bffd-72d3f2aabdcf,2026-04-21T07:17:56,600,approved
11527c2c-ef0b-498c-b7a5-f7b61e3872ce,2fdede92-7bee-4295-a316-dc6470b04409,2026-05-05T20:14:08,2800,approved
90a6fd53-9d14-4512-a52b-aa29debe16af,63e1c7fb-71ca-4d39-94ad-9bf8faa33af5,2026-02-19T19:20:07,3700,approved
cb3e8b43-24ce-4bb4-b1ad-cc9018fb5ab6,2e7fdda3-da44-4552-a2e1-84d6631a9994,2026-04-20T12:59:29,0,approved
8134a0d6-7105-4b5f-b74a-1ffa382cbd0e,45c2c64d-7726-422e-9483-8fee966fd9ce,2026-08-02T07:06:15,600,approved
ea6941d1-7c8b-4fe8-a0ea-d5f11366ab14,c8597079-27c2-4dfb-be86-92a9c6e9f5bd,2026-08-09T06:13:37,6100,approved
4c3edc1f-7134-47a4-9a22-128dcfc25e3e,a9b55d32-cd51-4ede-9435-8c335abe2a66,2026-03-28T00:23:34,1700,approved
fe7ac5e5-ccca-4ab8-899c-7948b8ef94e0,5aca4a8b-1df1-48a8-9d97-14890a250fd8,2026-06-18T09:49:49,0,approved
1c3b0e79-ce0c-4f00-a093-fac97551b6d3,29d7ed29-e302-4f41-aa02-748c3de5b80e,2026-06-26T13:03:23,2900,approved
dd29bb5f-7590-4d62-8fbb-7358e8b3d8f8,5f6ecbe1-f510-43f5-9267-5e73343db64e,2026-05-23T16:03:40,5700,approved
5250cf8f-a8c9-4a03-b4f2-745c7f677ff4,4b63f323-b673-4ebf-a187-22f2b57f6dd7,2026-07-15T06:34:19,4300,approved
cc949593-a0c3-4deb-853d-47c365652625,0f3fb125-a7df-4f18-a39e-75beac6351e7,2026-06-04T11:33:40,1700,approved
7032d732-a736-4655-b3e3-4402ce3ba230,e8aec2b0-244e-47e0-85b0-d1935332a0e0,2026-03-19T15:50:14,1200,approved
022fef80-85ee-4017-be12-be0e40b730b2,4f573cd5-0055-4937-b01a-16d3d24b7f95,2026-04-13T20:22:39,600,approved
77ae31d9-6a18-4ec5-aab0-1f26dcf4eeef,eadc8a26-a8ce-4952-992a-eafe2e86e122,2026-02-24T22:43:02,1700,approved
e387bc57-a032-48f7-9c69-3aa5775b13a5,1b656098-f65a-4c68-a736-877bc88d5011,2026-08-12T23:46:34,2100,approved
a2f6e2be-51c8-4c6a-9bca-5a9b17dc32b3,e03ec139-d909-42ff-8733-ba52359ebe6b,2026-05-31T23:36:37,1200,approved
bb3d94e6-eba2-4e2a-b6e9-708e14b8fa38,17f9c697-4287-4116-8c35-fd8863a7eb14,2026-03-02T17:38:10,1000,approved
99699aaf-c5c2-49e1-a909-439cdb85415c,3b315055-cef5-4aeb-8332-f3fdc10f25f6,2026-07-07T21:22:34,3600,approved
97bb8a28-5a26-468b-a371-619614d08a97,2d44114a-774a-4f12-adc0-73bf88e3b873,2026-06-22T08:39:12,1800,approved
5789fb5d-a11b-4d1d-82ef-f3778f9c731e,78e5b210-8e60-4771-b7c3-f15f4b35edd9,2026-05-17T04:13:39,2600,approved
081f9004-01b4-489d-a6c0-1da6681f43dd,f6dba8e5-4460-4a42-9b6c-e444d2bff304,2026-04-24T14:49:07,1900,approved
fe0f76d3-2f97-42fe-a88c-e92355e53dc7,4e2667c9-664c-4311-b1fd-88224684f700,2026-06-17T15:07:25,4100,approved
ab40078b-12e4-48fd-8643-2cf7d9851a2d,5a6b90c5-1054-4f36-b2e6-1be21a83b053,2026-05-22T02:13:35,6200,approved
bbdeab69-c086-44c4-a5f1-8ae10195be97,25b7a018-dc5d-443c-9ac6-3bfc74f94ac2,2026-03-31T13:05:54,1500,approved
b396b294-9d5d-4285-86ad-86f992bbf8a2,b3aabbeb-9918-4a42-bbfb-18b87a584167,2026-03-22T23:27:11,1200,approved
f8101ce5-5b57-4133-ab02-546e2c5331ad,b8fc7ff1-afde-4879-a59b-4a1d26c010e1,2026-03-28T00:34:30,2400,approved
710210b7-485e-4e85-b033-89c69786a65a,25cfe859-370b-4a57-a12a-51f0378ff589,2026-02-19T15:35:50,600,approved
275b31f4-3ad8-41ad-a554-48c49a665c6d,0caff9da-6498-4f59-a65f-90392178a266,2026-07-31T21:24:01,4500,approved
39444b51-97c3-453e-91bb-3f96dd0b5dec,1cd2eca7-93b1-438c-8974-9222545e22e2,2026-06-15T22:39:51,2300,approved
8f4de602-ef01-4623-a42b-4a1ef283d949,d83a85d0-d83d-4189-a207-eccb4e4b61d8,2026-08-10T22:05:29,600,approved
c93a6df1-537e-400c-bb6c-d018e9f2f300,7d15d870-4780-4343-9ddd-2f03c8b0a6a2,2026-06-22T13:46:38,600,approved
142ec62e-fb1a-43d9-8042-ce7c7e8b7f9c,9c325341-2814-4400-ac95-d36e47bd8d73,2026-02-24T00:36:53,0,approved
23a0bddb-195f-4e69-a45b-efdd1ab63016,b3a524ca-cca6-49cf-8cbb-b5fa0d491d26,2026-05-26T23:06:26,1100,approved
afa32adf-2960-4afe-9e5f-0c61df0919b2,078b5a8c-1ca1-4ba2-8c5c-600961937817,2026-03-26T10:24:22,600,approved
1494b963-4548-47a0-bcd4-b3ff8e6538b5,9776a768-bfaa-46b2-af3c-afb855f7a39f,2026-04-28T09:55:23,1200,approved
075bb398-f7c9-4d25-8ed2-48d5d5b8c268,f80be61f-3aad-4eba-ab17-f728ff68ee57,2026-08-01T21:49:02,3200,approved
50aa893c-b774-4ed7-a955-a1bc126e65d2,9999a9dc-a8f0-43e6-98d0-9d34ea011502,2026-06-11T08:29:42,1200,approved
215e5d2f-20dc-48a2-a9c3-4042037bd932,9bf73f69-a533-4ffa-8074-26db81176fc0,2026-05-01T07:37:33,2800,approved
3030c6b8-5495-4a5a-aa85-58302d2e7ef8,d445f322-c3c1-4ee9-a8f3-41f07971f4d8,2026-02-25T18:13:28,2100,approved
f3c106a4-96d9-4937-be16-00bd66bef692,8388d06e-3da5-433f-80eb-149846bec6e9,2026-07-28T02:06:11,2700,approved
b9fae8e1-d3c8-405a-bd6e-00e07a9b7f71,e5afe5bf-7d32-4222-8ff2-66ea695b557a,2026-03-23T03:39:07,3400,approved
c840eff3-d98e-48a9-817c-e6b534280b5c,ab934463-209a-424e-8d92-54fe862f4670,2026-08-02T08:10:37,1200,approved
71963935-acf9-4d36-b8ec-220c65e07d16,b1183dd7-6104-435f-8c55-200b4435af46,2026-08-15T07:20:33,3900,approved
3fefde24-bd94-45ad-b7c3-1f1013580c0b,6a66dcb0-810a-4012-b5f6-6c446dfbb3b2,2026-04-21T21:01:18,4800,approved
0235a617-ccce-4fa8-850f-3165f29b78ae,3820d3a5-e62e-40fc-acad-ab1c45b04ff7,2026-05-13T10:58:18,1100,approved
03933e2a-0a82-41e2-afe4-2d75a318e146,93f1c642-6e31-416f-92d7-42cd48e582ba,2026-02-25T11:39:07,1200,approved
43a43bf6-0e54-4e68-beba-9dcf96308623,b61e336f-514d-4c45-9ef8-52bcfe8e1454,2026-07-15T11:43:01,5800,approved
74ffc0a1-5a2c-473b-92b0-1c6d132fb53e,e7e31471-6684-45ab-93d7-6dee93de2259,2026-07-18T12:13:38,800,approved
390701b6-e30c-4e4b-bf62-bc066fc4be90,2b6dddf3-2280-423c-a032-4ec144f370fe,2026-04-17T11:04:30,2400,approved
c0edea91-5c9b-4e80-91fc-e8d9e9054202,adff989b-a470-4381-a167-9854de193f6b,2026-04-23T09:25:05,4100,approved
59734b15-344e-4cc5-96e5-b61d0ba7130b,a21000e3-af75-4414-8bd4-4334583c6b28,2026-05-09T20:34:31,2400,approved
c427edce-9795-4ebe-94c0-adb9d88c6880,e47e45f0-60be-40c0-b4c1-25faa972d3fe,2026-04-05T18:18:14,700,approved
4b0073c5-23d9-4dbf-8402-4e45374e7ed0,4dee9901-a55e-426b-bee3-ca46b0f63e72,2026-05-20T16:38:18,800,approved
4f50838c-4544-403c-ba77-7502e2cb6c06,b72e0e5a-e6eb-4793-b82b-869b6df55383,2026-03-15T20:27:29,2100,approved
6b5f2c97-f6aa-4c58-8321-fd33e076c629,333d4b88-7cfe-4df8-9f03-a2f113d47370,2026-06-11T20:30:01,7500,approved
557dc3a9-fba3-49ef-a0eb-d692268e8e78,9a89056f-2e51-45dc-a145-331a864aaebd,2026-06-06T09:09:28,600,approved
14030569-cd28-4cf1-ba03-b1de73351833,7389e595-a4b7-4501-8d8f-34a2df522346,2026-04-07T12:45:39,400,approved
2c603f21-e5a3-40ca-b5af-c776ce8055c2,488a5278-89c6-47b6-bfbc-687f4c4554ca,2026-04-01T20:00:54,2400,approved
676d1226-6562-4779-878b-93bebf81fec4,1b77740c-d0f5-4f10-b700-0dcd96b83825,2026-05-08T21:01:57,2500,approved
a2cc1d23-acd5-4cbd-bab5-7ed98fd27c3a,a8c7d974-3143-4f71-bb81-ae95b9f7da9f,2026-06-01T18:50:10,2600,approved
5a442f37-f44b-4708-aeeb-72f96e1c5f64,0619ab66-5636-462d-8813-9238e7957e2e,2026-07-22T08:55:06,600,approved
b2b923ea-8fb6-4c2c-b5d1-df77eb353149,d78d3b6b-0ab9-4803-9f47-707bf696a6ab,2026-05-01T11:21:41,2500,approved
15543400-de10-4fba-863f-594d9e84df63,fe4208d7-8464-4198-ac92-19cafbfd17cc,2026-05-30T16:58:22,2600,approved
85988123-fa8d-4c33-b5d7-7f69a0396e54,22e7123f-dfdc-429e-bb06-7dc318822d47,2026-07-05T18:36:10,4600,approved
8a0f7357-a129-4bc8-88e3-84e8ead8e0fa,b55da592-97a3-4250-acc3-6b268b4131b3,2026-02-22T08:51:49,3300,approved
3eeb8aee-5c35-4df5-a507-5760ef7130fe,953ba24b-951c-469f-9fea-8cc16242e1c8,2026-05-20T10:50:31,1800,approved
a6328a33-5a10-45a7-afdc-e24eaa5d7a7b,a992fae2-3886-49ef-a42f-66764b583b80,2026-07-12T15:56:34,2300,approved
ffc37e4b-751e-49c3-8da8-5b30a0a34e4a,800f176e-03ae-438b-8deb-0901895f670b,2026-08-02T19:38:30,600,approved
27cbabf6-f670-438c-a381-e6f4fcdbcae2,0fd0c31a-b3e9-42b7-9a81-d5e8da5405b3,2026-03-15T18:58:10,4200,approved
6431bf9a-ceac-48ba-82ae-453f6d34e72e,95681aa9-26b9-4349-a58e-f543e18288a1,2026-08-12T17:38:57,4100,approved
2df84550-6c7f-4610-91ac-da1cee46c2bf,30f93bbc-5fff-4e2f-ba8e-241820e7dc59,2026-04-09T16:14:56,2900,approved
1b190706-a92d-4869-9e10-47f5e07d158c,da553344-ed0e-46d8-95ab-098cb4f18517,2026-05-26T06:51:30,1500,approved
829982cc-ef78-4b1d-bebb-b7343ff7d931,3590f05f-89ad-4f52-bdfc-cc1c41a96c25,2026-06-20T03:26:26,600,approved
ddd2bd4a-82ef-4103-b203-219448bde464,9ba659ae-9056-43f7-8ec0-34a4fd5305c5,2026-02-22T16:07:05,1100,approved
0cc91aa5-f164-4592-a5e3-fc1ce1dc435f,56b6fe49-20c9-4774-a220-cff698185284,2026-05-17T21:17:52,2800,approved
fd261d1b-b905-4982-a420-2cc98d206262,f3bfb4c4-d913-4563-ba5b-fa41faa9a9cc,2026-03-09T23:10:44,600,approved
db97ac4c-9ca5-4360-b632-8aa5c584c0b6,15490bc5-544d-46ab-95f6-79e5b560df03,2026-03-01T11:49:03,4500,approved
5442c42a-1089-48b8-bff7-689821da6164,5cb22b7b-c91c-4c84-8231-6506a5ceb7c7,2026-07-08T19:19:14,1100,approved
59f0966a-01b8-42c0-80fb-6aa89508288b,1a11acb0-2410-4108-888e-4c6f23f17dba,2026-04-24T00:11:41,1800,approved
3e5ba511-a197-4113-a93b-8bb81cb866ad,03930de6-60d4-4d9d-858c-144e7a2c665a,2026-02-20T07:42:52,3300,approved
7a56b96a-1890-47d3-867e-d3d9fd327e57,c81ce71e-8d4f-4595-8dbd-5877301043f1,2026-04-20T11:01:30,1100,approved
ee59999e-31ad-4aaa-acb0-ea2b50775d33,c3884fd7-1632-494a-9b31-a9dff50076db,2026-03-06T14:36:57,2400,approved
8065374a-6b2a-416c-9d9b-36d140122274,55636557-bc7b-4b53-9bf5-e0874c2d8ba6,2026-08-08T14:07:23,1800,approved
db078968-eda0-48ab-9be4-c7d7ef588e95,69012939-d17e-4abf-83e9-32e2724feb7e,2026-07-17T21:57:13,2200,approved
8e4ab18c-d963-467a-9c62-5d67922b9933,2b95df4e-bb8f-431c-af57-ffab562399cd,2026-07-11T23:02:46,1200,approved
c87713c2-24a5-4b6e-abda-5977770fe9ca,684a3810-f378-4fb6-940a-0a0ef4301bb8,2026-06-27T20:48:24,6500,approved
a9a0ece9-c5bf-4f35-b058-417d081643f5,6c48346d-9121-4959-af20-484b47554c02,2026-07-12T12:55:22,2200,approved
b59bc8bf-8900-4569-82f0-092c776f6054,e7dea460-033e-4a8c-8c16-dfc33aafc855,2026-05-16T01:28:48,5100,approved
f1cb366a-fe86-4f5e-b90f-aa129f43a040,f78ffbf6-933c-4ca7-b68c-25d65a4c7e6d,2026-05-17T22:02:20,3100,approved
6cfa9d65-395c-4c6d-a842-3ae59fc3db20,720352fd-4593-45c5-ac22-d825f14f3726,2026-04-26T10:45:44,500,approved
ff85db24-4c93-4017-b200-6dd4907d88d7,367a9f35-0759-469f-b345-a8bcfc4f126e,2026-08-15T22:08:51,1400,approved
6cf7fa94-e4f6-431b-a219-631f8ce7e11c,2616776f-0a83-48ed-a730-ae43dc827f45,2026-05-10T03:03:14,1500,approved
5354379a-4bd1-4949-9b57-7adf517a696e,44a3ece3-8775-4c6d-8b75-b8dcb6e6d118,2026-05-02T03:17:56,2700,approved
426016ec-2974-4542-8e79-a14c7209e53a,876dff79-cba2-4a4b-b95a-8621d7369929,2026-04-03T03:20:38,4100,approved
49f3b909-d8e4-4d56-a8a7-6a1a695edda3,8829800a-7338-4c9b-b8ba-715b8485e86d,2026-08-14T18:16:29,2800,approved
9d9397ef-f2b9-49a8-86b1-9cb9f7c498b5,2e635411-8611-496a-a19a-5149d4c38de8,2026-05-08T19:52:47,4600,approved
80ece13b-965e-47d4-9bed-e4c17eb06b3e,76f4386f-34bc-415f-95e9-f93caf49b9b3,2026-08-07T07:33:28,2300,approved
cac608ae-a1a3-42b4-9c24-9ee696981f66,7bbbeb20-ea44-40d8-8f27-5adf6a894ea9,2026-05-28T03:19:37,3400,approved
b054587b-2151-4cbf-9566-452ecd485c1f,e6f2c557-9a75-4e34-b7a1-d51dfb34c27a,2026-07-23T11:40:32,1200,approved
28a2de01-9786-4d21-a87e-f1b07d08d37b,71407f88-3cf5-4061-9603-6abca50be9ed,2026-04-01T04:52:22,2200,approved
6c530b40-1764-4cef-b486-55b2047f86e3,fec2644b-cecd-424a-aecb-44e9bb2f9d0a,2026-07-02T14:31:10,4800,approved
dc3e420f-c0dc-40fe-855e-bb46be5b2332,61d96df7-b4a9-4f67-9573-4679cad2651a,2026-07-08T23:56:19,1100,approved
0da8a5bd-1847-49de-8a86-17a7e2de7a3d,ce7f0ee0-6296-4170-8a92-1c9406776794,2026-04-07T19:06:03,7800,approved
b5f25b80-f606-4c8d-9e3a-fd8aa60ee89e,3e7e4e50-564f-407e-9911-a6ee6183245c,2026-04-01T19:09:03,1500,approved
30b670a8-f8a7-4e23-81c5-96b7bb4eba32,e18f9867-7a01-4a92-b40f-3355c62faefd,2026-04-06T09:33:21,1800,approved
5b694fa6-0365-4e1e-8585-2900f70c15c7,f1d54f88-e28b-4cf9-b2be-d7dc1675597b,2026-05-30T10:47:25,2600,approved
f17698f5-a091-414a-88d5-b5dcd3a5e16b,28f5079f-e08c-4479-b8e3-4cccc44ddc23,2026-04-14T20:17:42,1100,approved
626bbe6a-cf9d-4ef7-a6c6-764ebda5ca76,90745810-0f1f-434e-8c85-3c480951ba86,2026-06-20T15:53:40,700,approved
7913193b-21bc-4a11-9040-9b6349b085e3,bc9622ee-a25a-45f8-bbda-d93618e4afcd,2026-02-18T23:18:12,5100,approved
81c539c9-113e-4505-b8d0-775b1f61d2c1,e7083bad-ec39-4425-b88f-b05c07127b27,2026-08-04T04:55:38,1800,approved
ae0aa0a5-2968-40c5-ae62-f8dac30f09a9,7d237a3d-30b4-4c59-8430-a33f5ee2d692,2026-04-13T21:15:59,3400,approved
f59f4235-e067-41da-ba00-c4cf5507b9e7,4ea56d47-1081-4412-a12f-f19e5f6668f2,2026-05-25T08:25:10,2600,approved
a2beb99a-2d1b-4518-a51b-01375ebec6d2,5b0df093-fc1f-40e1-b13c-d753b0cee163,2026-08-01T11:07:57,4500,approved
4a2d1557-2dd6-498a-87ee-5ea7c54747d9,db035664-0e61-49a6-88cd-260fa223e2c9,2026-03-14T11:07:31,3500,approved
e1d6219a-e882-475d-a81b-7b22a4e0eb4b,d0154fb4-aa5c-44a0-8993-b66ad955aa2c,2026-05-11T04:16:44,3900,approved
f80ba777-7e11-4981-8202-d62bd7713612,1de130a8-c7c7-424a-a149-1f7d77e54800,2026-07-25T11:09:40,1800,approved
aceea9d6-b519-4c18-ae5f-8e2a7ef8b302,7dcaba5f-b2ca-4c69-a552-b1cec0ec461a,2026-04-27T21:42:30,4500,approved
ae7b5281-1cb7-4b28-b063-681cdcc0e669,5045aafb-f029-4eb5-a19c-28b3b02d1c70,2026-04-15T21:47:36,3400,approved
dc5d12ca-dea9-44cf-bc5a-6f17330eed1f,6ee966fb-0b09-4df5-876a-e21f6463253f,2026-02-20T03:52:28,3600,approved
2a7e7ea1-be64-4169-a5d8-7439cf6a433e,e6534a39-0cb7-4769-ade5-eac6d555edd3,2026-06-26T03:26:41,4200,approved
351147fe-4126-4aa5-b5aa-d2eae1817270,c8b5c2cc-d742-4484-a153-1d374f55fcb5,2026-05-06T00:21:50,4100,approved
49e9f61f-f11d-4e70-9c80-38de00d1448e,d28ea1ba-ad5d-442d-8126-eba44e8f1a3e,2026-05-20T18:32:34,2400,approved
d72c5143-d78c-4441-b091-15c90e777a3d,2b3e77f7-dfae-40af-abf9-3aca3c7b54b8,2026-04-16T19:22:58,3800,approved
1ae2533e-d9cd-4294-95d4-44f557bacf90,46a08f24-b080-42b3-862c-ac2d2049898f,2026-07-20T19:34:44,3600,approved
daccca55-a3e4-4b24-80bd-da18a796d9c9,99f8ff02-cc8c-4243-bff5-a75717c23dfb,2026-05-12T20:14:46,6200,approved
135d413d-54d3-42a5-8658-82270017f35c,15be719c-45b4-44a7-9b01-1826a7e0f575,2026-06-25T04:02:10,1200,approved
952e40ba-2421-46dd-b7b5-408e395604e7,9632905a-3d80-45b8-a599-2c82237794f6,2026-07-01T22:50:14,1700,approved
2443fb68-1765-43a0-9f93-29f1d75b9984,8a5da560-1ff5-4569-b40c-2ff71180e279,2026-07-17T12:04:13,1400,approved
5b2cf798-63a7-46ad-a08b-96421915b744,17d61a49-b85b-4872-81a2-3e0d92e4e6ed,2026-06-17T14:51:39,400,approved
2a6d1669-a42e-44d5-9010-38a2a8dda2c2,cec4b9ec-b1ec-4711-b70d-20ed382b9699,2026-06-06T14:06:02,1900,approved
10deefa0-132b-450b-aaa0-dedc3085b358,564a8102-c227-475d-8d03-29bd8e92d4d2,2026-06-21T16:12:47,1800,approved
03c9bae9-b44c-4970-896f-13da120b6d62,e8b4e1ad-4a21-4c1b-a245-a541a1d46b8c,2026-04-13T05:58:34,4500,approved
0f2a2185-cf96-490f-b7b5-9fe3e912c937,42a53c36-b9f8-48d9-9369-758be1c016b9,2026-06-05T17:39:37,1400,approved
51e8966b-5ec4-4fe2-bb5e-acd049053900,2413e6f0-e9c9-449b-865b-a23abb7b567e,2026-06-19T21:43:04,2300,approved
a97ab69c-71a1-4264-86ea-9505fd87b597,74b4a40f-2985-464b-afb7-813d3e3b3171,2026-07-02T04:55:54,1800,approved
7f09a6d2-07e8-4ffb-be52-a4ae3ddf5d73,948fc440-6656-4283-9b49-052989a89aef,2026-03-20T12:03:02,2600,approved
cc2a1cf9-f3e0-408d-868e-daad6ec9861d,8724cdf2-4fa4-4f6e-8b6c-e52a2a8abd45,2026-04-28T19:18:09,5300,approved
34e26c25-dc20-4e9f-84dd-809e35abc8c3,b09d327c-2494-4d8e-98ae-e6428495cd40,2026-06-29T20:04:08,2800,approved
b021d83e-ef15-4da7-ab77-b57a10c09310,b120eb58-7271-46bf-a565-d037f99890d1,2026-06-14T07:08:03,2100,approved
b2332ea4-b4b8-4e50-9ee2-80aa37b0f3b9,7aec3ad6-6b33-42b5-8456-d64d11b4beb2,2026-05-15T18:30:45,4100,approved
3daf7cc8-da6b-478e-808a-7a0d603e86a2,f02efdf2-aa89-4a2b-96ea-9f9190a75165,2026-07-07T22:48:17,1600,approved
9125ab04-c59f-4dae-8686-64b100595b34,06dd010b-a822-401e-8292-028e6bf1132b,2026-05-11T17:11:34,1400,approved
a011f35c-d7c5-4bc7-8f12-97eb97617ae3,38485bfc-a9df-458f-b932-ede8808e251b,2026-04-13T01:28:59,3600,approved
bc1d9a02-304a-40fd-ab1c-3b8057f77e30,510518bf-d3dd-4e38-822e-4dfe26b7f2a1,2026-06-19T14:49:23,1800,approved
3e190b95-6a7a-4cfe-9074-36d638878800,9e1ee12c-18c2-46ab-acfb-56cccb53737f,2026-03-18T13:42:44,2900,approved
a4aff14c-eea9-4478-91b9-6d906b5baa76,fbc229f3-2538-475a-9676-137251e0e2c3,2026-03-03T03:04:00,1200,approved
940a4615-ca45-48ae-bbfb-197a2e6ebc34,4040323f-8942-42bd-b69e-006f107a3c38,2026-08-03T23:55:32,5400,approved
d68a4a0f-cff4-464c-a39b-150733581955,de4caa8d-bccf-4899-b818-e9d9dcb1d4ba,2026-06-11T07:30:57,0,approved
bfe7811c-acf1-4a09-b10e-6e6e24d8471a,f5efb945-b9c0-491c-aeb9-08eb244aff94,2026-06-30T21:12:42,2200,approved
