id,promotion_id,code,max_redemptions,max_redemptions_per_customer,is_active
25966ac5-98fc-4276-bf85-e09e2f8fa5ee,6ac9924e-9e9e-47b4-8cfd-9ad143fbed7c,WELCOME10,500,1,True
70a6ac2d-9ea8-4e54-939a-444eaa654118,7b9ef875-5700-4388-a933-51e09d417eed,SUMMER20,500,1,False
ff456e25-a04f-43fb-a0bd-fc53a6c2cfb5,fa3e9328-5c80-4797-9916-40e8a70a1150,FREESHIPWEEKEND,,1,True
b1353219-4035-4036-8aee-04399b11d95d,d8a8fddd-4173-4d3e-bd19-3115bc95b8db,FLAT5OFF,1000,1,False
e849bc8a-44b2-4025-8e1d-f24c5b0dc87e,812cd9e6-f14c-4663-88c6-f4f71599f3a1,BOGOJAFFLE,,1,False
1331bd62-d97a-4bc9-aa1e-af8dbb452596,812cd9e6-f14c-4663-88c6-f4f71599f3a1,BOGOJAFFLE-8,500,1,False
62678e28-c512-4b9f-acdc-1c438b3ec592,97230f0d-f1e5-405e-afde-e4642983b78f,LOYALTYTHANKS,500,1,False
806595a0-9cf1-401f-b08d-213a7a1f75fd,9ebe6d38-d2f4-439c-beb2-d12c5102d081,BLACKFRIDAY,1000,1,False
ee4bd962-c59c-4f0b-820c-5518214ef3f9,2a14e3dc-933a-443c-a44e-ae75006676c5,NEWYEAR15,,1,False
