id,checkout_id,payment_method_id,attempted_at,status,amount_cents,decline_reason
89b22514-c94d-4d5f-9b7a-75ac0e839446,c2d9ed19-a5ec-4df6-9fce-7fa8090f0697,6e32ef2d-3307-4b12-b41c-abd2e7dc76ab,2026-05-12T06:28:40,captured,500,
942a70cc-08d7-4a84-b517-4f6e902e7e7d,3c11c131-881f-4e3c-bed6-5737f9643212,376ccae3-17ca-4a44-81ff-aa5e75d68dc0,2026-03-09T00:50:40,captured,5100,
500d3d31-f76b-416d-8c8b-b7a713e23356,4b859b06-ce1f-4e34-adb5-23f9f84cd4e4,,2026-03-03T23:12:15,captured,600,
3b03cf3c-ba00-4c24-8f3b-8b3025199bdc,bbc91b60-90c7-4f3e-a804-32ca876bd9ad,,2026-03-18T15:04:48,captured,4000,
61da9590-c7ee-4594-baac-71918b8040e8,16c125ab-cb8b-49ce-b0a4-3114588df68c,d4909f29-dd02-4ffc-9d02-a1fba386edd0,2026-07-21T19:13:55,captured,2900,
193572d8-eb82-4ae3-b9bd-bb03da107cba,304ef86c-a9e1-43a5-91f7-f3032bd2ca1f,,2026-06-16T15:28:35,captured,2600,
389eb6c9-0196-4301-add1-c96051837bb7,ea3d6a42-ee9e-4cea-970d-117e38786463,,2026-04-09T22:41:43,captured,2700,
8790bf1d-af5f-4c1a-99d5-c4257edd84a7,a6ccaa4f-ccfe-4b24-b073-a3d59a755b1d,dd87ca98-230f-407f-942b-3da7b72df58f,2026-06-07T16:32:52,captured,600,
e4199c21-ef16-4245-a1a5-77c669569d3c,a7eb73fd-e44e-4cf0-b320-985f6da24df8,a76f8fbb-d784-4d25-a7ca-11b95f26641d,2026-06-08T09:23:45,captured,4200,
47b5b87b-903a-4b34-9334-2aa3f1237d36,c46f2285-789e-4d4d-9611-7c23fa0a604c,91aab7ea-a1c2-4aaa-925d-2b2fe3d70cef,2026-06-14T08:01:53,captured,2400,
53d620dc-70ae-4485-9edf-24824fddadab,d2a9859e-eed1-41f8-902b-b5ed6b6d8147,38765934-b84c-41af-86dc-1528aca81dfb,2026-08-07T21:52:38,captured,4700,
273e3a00-bd84-4eb4-aba5-f4f29dc1df05,9ffc3e91-0b72-4e0a-a484-7a0f8b63ee0e,9142e2af-6844-42ac-9926-602d6e13bf45,2026-07-25T14:29:06,captured,2000,
1242c741-47db-4088-a5c4-99f312d29d18,0e5df425-c648-43a8-abde-b7df521ed814,3d5c97d1-16ed-4e55-a6a2-8a88cf3e1e89,2026-03-26T05:12:50,captured,2000,
6a3fe01b-119b-48e5-8e4c-41f565a02a4d,e757fc80-0354-4bd7-a6bb-9f7a66cdfca0,2c24b93e-3761-4851-b1fa-6b0843306b3d,2026-05-27T22:18:12,captured,2000,
e0b8c87a-2d0a-4559-b254-046df05d8358,c7a110d0-d260-4eed-a156-2e4c4e90e9bb,,2026-03-28T19:45:42,captured,3800,
304c8e2c-d7b7-4c72-90b3-b01f3f7df59b,8f8d7c25-f4eb-42f0-9012-61460c190e2d,,2026-07-23T11:27:19,captured,3000,
d488fd48-f6af-4258-a42a-e4bbf948244f,c9c307e7-73df-46a4-85fc-2fd5b2483a37,4e3c7a8e-973f-45bd-becb-549e047389fe,2026-03-01T19:56:08,captured,1100,
12c97fb4-3727-4251-9e39-90fe762f9bbd,ebb99bf1-db4b-4777-801f-038e0437da59,,2026-07-17T12:01:05,captured,0,
429a982a-15b1-4368-99f9-1125f6bc626f,b8138734-be83-48ce-884f-a6f37b7e598c,2bd0400b-fcd5-4d51-acd9-bca845478ec3,2026-04-02T11:35:15,captured,2800,
b3e70cae-8293-463c-ac31-09c3905601ae,69d47978-74a6-409f-8507-3c829dc5c98a,0bfadb88-8715-488a-8837-b50170cf3ce1,2026-07-02T00:49:11,captured,2600,
14616ad8-c208-41c1-8494-4c6ad5dad824,97fa50be-01b2-4a4f-9c47-0eeb3e21cd18,4060d906-d6fe-4d8f-8806-8505c6726247,2026-07-09T23:01:30,captured,600,
3b02b41f-66b8-4154-8604-a55a43f26d19,78cb0787-1720-471e-a05a-32c04f70132a,,2026-07-30T12:49:47,captured,4200,
c2a18eda-9ff9-4228-a1c2-4b5e87e4a643,71ac8b68-d6ef-432c-ba8e-cfdc4ebb38b6,8ea6fa95-0698-41ac-a248-c119d7beb202,2026-02-25T07:07:10,captured,1200,
9e8e7164-5472-4396-a1fe-180029113c7a,b4ef3add-ced2-4795-9146-aef39ad48a81,,2026-04-15T10:34:08,captured,1100,
15847813-d99c-49c6-b4c6-19cec097ef73,9f30001e-546c-4445-b1fd-6c8718388ef0,b64770ae-bda2-404c-a5e8-1ae6c982629e,2026-03-04T08:10:56,captured,700,
eeb74983-4e2e-4dcb-8ddb-492eebd294b3,475a8ad6-d8aa-4a17-8047-dfbdb3a25822,6b6c26c9-cdfb-4c4d-ac16-521f6d39e603,2026-07-10T02:54:37,captured,1200,
82a755aa-f6a4-4324-84d4-2c0f4c2194a0,ac032b7a-4f23-450e-a4d1-f030ac384f68,8aab89b0-290c-438f-8106-2e783bd00d50,2026-05-21T12:04:00,captured,5400,
d579c61c-37b6-4174-ae64-c2e1416e2833,d464285a-9f24-4852-b084-eef52e281cc2,,2026-02-27T10:33:25,captured,3300,
8b38da8e-9b0d-496c-b696-4f491bd6e068,c57a63d8-6a8a-4d78-82e3-eb7e426c34b8,301be7a1-6caa-4e81-a1c6-7380f7255707,2026-06-04T07:10:55,captured,1700,
10d6b29a-f28e-497f-8f45-39beac67e576,ff975f45-0642-4955-b4e3-591efb9ec864,,2026-06-09T13:33:47,captured,2400,
5d9c22e6-ef85-4bf7-b3a9-7e1b3719604f,5b6dcc44-3266-4809-9242-b528f04cd566,c4b0ff0e-125a-4587-96b5-057a8526c6d2,2026-07-09T09:23:29,captured,4000,
e127f4d9-ebff-4e3a-952c-85b148f9e041,c69dbb95-6574-4632-91a9-87ebcdca6894,,2026-07-02T16:39:42,captured,4000,
325295e7-2a94-42e1-8169-31a3d9a426f2,abb786fa-90b0-4ac2-8ccc-29f2b67381ef,62ed7f34-3e10-40ce-ad9a-212e449ffbc7,2026-02-20T21:58:37,captured,1200,
8f9d6dc2-2c87-42ff-a438-633a36dc8a45,f41c0386-5952-43b8-ad5c-3a317d992a0b,,2026-03-03T07:14:25,captured,2400,
c3f21ec3-a4ba-40bd-9138-2b57154a96a8,63b34c6c-5627-45ca-9755-20ec5b186896,21881b84-4053-4cb4-95a3-3179a987c092,2026-04-19T22:19:20,captured,400,
c8f9d466-752d-4e4e-9a74-d8d259c81cc0,ec8caff4-aa6c-4804-b81a-de9ca4ec5b80,,2026-05-10T13:29:42,captured,4000,
b3679ff0-8992-4058-b624-795222c7e1d8,58da401e-9e8c-42c3-b22c-5e4e80d05671,c5317eba-8fc3-4b3f-9e6c-1c4b4d3e3711,2026-05-18T06:08:58,captured,1400,
553268ba-aeef-4705-9436-51f12c28a9b4,03267644-c31b-4e7b-b6bb-000350caec96,,2026-05-25T19:38:08,captured,4200,
acec6702-4197-4a35-9514-0ff21732ce59,e48f9f64-adb3-4286-9ade-f4dd8f2abd7c,,2026-04-08T11:09:14,captured,8800,
c8e6c719-5791-4ba8-b742-9c961c501498,0f61e28e-7a75-4a43-9adb-42c84c77d741,,2026-04-07T01:51:10,captured,3600,
4149735e-71c5-427d-910a-a24c791f31af,c4bf1fca-d874-4ab0-ab5e-9c6e819f7d25,e940c204-64e6-4146-b1dd-cdbe0fd83f60,2026-06-01T18:29:55,captured,1100,
15afc36d-295e-4c65-a604-fe0cf6358949,9fcc9915-a7ff-44c1-8d0f-59f1a67ca6cb,,2026-08-09T01:14:58,captured,2200,
18790079-fbc7-4e58-970e-7af0f103b54b,22f3f369-c0e7-4646-91a7-f308c385d8a7,,2026-05-17T11:57:19,captured,1900,
b350e09c-75f4-41e8-9301-43138ed9ca31,07a77e4d-c633-4662-8ec9-5ca617650869,400eb25c-b676-4d15-a478-56c82ed6ff48,2026-08-06T11:22:22,captured,2300,
cd32dc46-1935-4050-b8ba-f130f0913487,80c232ae-96d2-4f09-93ee-582eba557cc9,aada2148-73b1-4c0c-83f4-2b6f907ece76,2026-04-29T08:14:18,captured,4500,
e8bc00ff-f05d-4f97-b54d-a0b324a03197,f6b601ad-1a76-4066-aab2-5d90f10347b3,4d54bf90-794c-4858-8c8c-c289a69a63e5,2026-06-19T04:20:58,captured,2200,
de34934e-c207-41e5-aec0-508999711855,9d7dea03-72cf-4913-a3ef-6579fe6d7253,7aba7275-780f-44c6-aff2-7a26f051b897,2026-02-22T11:25:42,captured,2800,
3c408126-8949-4064-aeac-d8eb8858763d,00f771f2-d1c2-46bf-90f9-4f7c1bcf2090,2cb498c2-8b8f-4889-ae17-584362783b2b,2026-07-14T04:29:00,captured,1200,
ef10edbb-f6be-4fd2-a0f1-6b412c7eceab,169e6146-8054-4a64-a17d-b4c46081d30a,3da85124-ce71-4602-8043-38630704e266,2026-06-01T01:05:19,captured,1400,
d1b4f37c-4ed8-42c4-97e0-57edfe63a00c,93f44239-0645-40ee-a85f-c626346cf3dd,,2026-03-03T01:29:05,captured,1300,
631071cc-4a8e-49ea-9be0-78bbfb935298,80658fd7-2c3d-4f43-b96a-adadf0fee152,bd3cfb2e-79c1-4cb7-9e2b-5e40e3411b53,2026-05-15T06:49:00,captured,5400,
4ccb6106-1df5-4231-8878-7e9167ddd763,8ca92c1c-838f-4163-8436-e1706d5d9e49,efaa6418-54ba-48d8-9f45-a6683738e463,2026-02-22T12:36:30,captured,1200,
71e77b99-9614-49f0-a361-4a068588ddff,c2bb61fc-dbbe-41b9-9ed5-0964d211fda8,d85af891-f04e-4dc0-820e-67569d7cc51e,2026-07-12T23:52:39,captured,1400,
134d15d0-eb40-419c-bc1b-825663fd1ac9,5ced0d38-c0a3-4e10-995a-ae91c02d809b,192c6d7e-5a54-45fa-a4ae-73514ee1e11d,2026-06-27T07:10:23,captured,0,
c1dfeb77-2ff8-42b7-96b2-9886d0e69c77,0858ca5c-3561-4293-b365-8eb1aaaefd46,,2026-03-11T12:20:27,captured,5600,
16c611dd-4d90-4c73-beb6-3707aa77f767,d0d9c309-c68c-4433-8b5e-b571b1f70ad3,7139a7f2-3087-4749-bdbe-cba17281d3fb,2026-05-18T00:17:59,captured,2800,
d6debc2c-79a9-45df-bda3-36cb508a9bf3,c4e03e5e-a541-49b2-9909-4c279c76c16f,,2026-05-11T13:17:14,captured,2800,
cbc6661a-b3dd-46a4-9d43-5dd0643bb6eb,eb933685-b3ec-4129-a0a0-d1de0e39ccda,c5317eba-8fc3-4b3f-9e6c-1c4b4d3e3711,2026-03-16T21:46:04,captured,700,
238979be-285d-47fb-8de8-463bb4c08ae3,beffe539-6497-4fd5-b1be-e9aa178b26b0,aa6d5edf-a8b8-45aa-93bb-3dda6a46d01a,2026-08-03T07:49:06,captured,0,
f4ac1c38-aaa6-4a29-af97-0cc6a9a05595,29a6dfe8-7391-48a2-9074-9bbadba1c225,bd3cfb2e-79c1-4cb7-9e2b-5e40e3411b53,2026-05-22T22:28:04,captured,400,
9ecc7c69-2b6d-4967-8139-da3cf72a3840,79a74e0b-856b-48bc-9c50-17c460cb9650,d1765801-18f5-4e3f-b137-59a8649ebed3,2026-02-25T23:47:26,captured,4500,
cf889d89-1eb3-4aea-98be-809e8c7b2db9,5c135492-9767-445e-93c9-4310edc46ee8,,2026-05-13T22:32:23,captured,2800,
fb51e9d3-cbca-4c85-8dd1-07a43e21ffea,598cf036-8365-42cf-b742-93f4ae0bb8cb,,2026-04-22T22:25:38,captured,2800,
08b0352c-b24e-4853-8d4a-0e15d916c85f,2b2b234c-91d7-41a7-b6f7-9d27f8021705,,2026-03-13T09:19:30,captured,1100,
9d83da82-c491-4cd5-a198-bda4e891385b,fa1a10e8-e7bc-4e4e-9d4f-2c35fecfad9a,fe3b127b-ac72-43a3-adfa-88542a068b74,2026-05-14T15:41:31,captured,600,
7d74185e-d3a0-4ce3-9dd4-012e2ce03b24,e1523113-2408-47fe-b8f4-cb38467b02ed,8fa721f8-5ce5-42f2-8bc7-ad0b4ee4a329,2026-08-11T00:45:03,captured,1800,
c05032ea-c94c-4765-b85b-ee84972876a9,c559b52d-8fb4-4591-92b7-59fe381e6e50,,2026-04-24T04:15:06,captured,4000,
74cc831a-6c07-4849-9996-1c711c5a06d0,0e48c2cb-a7ca-46c9-9a57-4534ed34838b,765c9473-e182-4ba6-86fb-35712a167ded,2026-03-07T02:51:15,captured,1500,
0e252b2e-cee3-49ab-8131-4fd977f06f91,9e18ab06-684d-496c-822b-548d809605d1,a1b22722-33bf-4930-8d10-ba58d9c32336,2026-03-11T21:28:06,captured,2400,
fe387044-a735-41d3-9e90-a87242901460,d5b53df9-8837-4f8c-b691-5730e6319d0e,cf581a93-6a90-472b-b5ca-fa99a7f09663,2026-03-08T16:25:37,captured,600,
da2d08b9-7d9a-4016-ace7-759d019bd466,e84ba598-8893-4391-9f6c-555e982cbe7f,,2026-03-31T01:31:39,captured,0,
98cfad16-f736-4905-b8e4-6561a5a8f5bb,8dfe4a7e-d409-4ebf-aa5d-14ef8ec9e8da,43187d32-d259-41a9-91a4-2ded28441aa4,2026-08-08T21:34:54,captured,3600,
692ce0c7-e217-4760-a303-ecebb07fefae,4cdcbcc1-ac4d-4f3f-a5a9-e3e1b8f2684d,6c3fbce1-af8e-4662-9cc6-2c1f1c967fc8,2026-04-01T11:30:59,captured,1200,
29aa7039-056a-4357-ba8c-93b46008e856,511a6b5c-078d-4cc4-b9fc-e6387e9244f1,,2026-08-14T23:53:55,captured,2100,
f1199e1d-6369-48de-bde4-d779a8c77ce7,62826370-cb52-4cba-8b6c-983485390e88,7ebd7917-840e-44bc-b7f6-56e21150628d,2026-07-19T20:11:00,captured,6300,
dcf82d43-dc9d-4d9a-9551-a815fbf9c595,77fbefc4-134f-47ef-b6b7-6ea73afa5d54,8ea7424d-a5a8-4503-9220-3f9292079695,2026-07-11T15:49:19,captured,4000,
8d9b06d0-925e-434e-8c37-011a49f380d7,4c27d0c1-e69d-472d-a15a-5ff3fb484f39,,2026-08-08T16:36:59,captured,400,
be43cdea-72a6-465f-a960-686de79e0e69,10d63f74-6f8c-46f4-b448-4ae868a0a596,f37a5ad9-58d7-43a6-be8e-138936055098,2026-06-20T12:40:52,captured,3400,
01536971-6520-40a6-9d28-84e359d63639,42ce4004-3ea6-4875-8bbe-36d3d69249c1,,2026-07-31T19:34:59,captured,4300,
8bc5d7c0-4371-4905-af07-482cad74730b,2beb3529-3cd5-4526-aeb1-3a7b49f82e39,4b8df9c7-ed4a-4caf-bba3-06661cfea140,2026-07-14T11:38:34,captured,1900,
e8216796-6840-4aee-88d3-883e368ee6fa,1f615482-9d72-4ed7-814b-e0ee2f5b0f45,,2026-03-29T06:34:55,captured,4600,
e1c897a0-a661-47d1-a627-64fb32089fc2,3a6286c7-62e1-431d-b2ac-abfb67cf0b59,5dc5db10-0a43-4637-8f27-d41bf4a4fc67,2026-07-29T19:58:49,captured,5000,
c771b892-a6a8-4394-b765-1be86ad7316c,8b94c4b7-6cca-4321-bf97-d1b058dabcc4,6a73ca43-65aa-4664-832e-437f8b3224f2,2026-04-07T04:17:04,captured,5100,
60f01ce1-c6aa-4f82-b786-7d7e76e76d1d,a9c0dbe6-195e-4b5c-b353-d2f8cea32154,ae046eb8-813b-49b4-bd67-6a82112fcafd,2026-08-06T21:43:48,captured,2900,
a12afd11-22a4-4118-bfa3-620b55900721,a41b4c9d-928d-4c1c-93cb-8adad95988b4,,2026-03-18T09:04:52,captured,6100,
6e3df64b-c2f3-4767-9558-8a8913b406f1,7a3eb917-d344-44e0-9da4-995e90d0b878,51775fd1-ebe3-47e4-945c-eb1edf3ca8d5,2026-07-05T08:35:16,captured,4800,
69e056af-2c14-422e-b3f4-5fa150dd1c23,cc38dea8-23b9-4159-ba36-b05297fdbcf5,9ff3d60f-62da-44c3-aa8f-b2557053d17c,2026-05-12T22:48:11,captured,600,
a145b885-3be1-4962-ab88-343756911dc3,8e81e7a3-caf4-4738-923b-526e2d4ccbcf,,2026-06-08T04:45:35,captured,500,
4d8f188a-bb8a-4819-b7d2-ed344e0c7d58,f299adf0-9635-4ad7-8abd-2c20642e4045,e163b384-9b83-4305-9755-9ee6912eafda,2026-05-06T00:40:54,captured,3500,
9ad07c6c-9872-4bdd-86e8-9dbf5740f0a3,8f5e6f2f-15f5-4766-be37-a390c1a0a6ed,6b59325f-5b33-498e-8c6d-9f1c98a8f371,2026-08-04T08:05:16,captured,2400,
4a7d28bd-3719-4a94-9bf7-2e9d9e36b8cc,623f0fc2-f1a3-43d3-9530-ad11900e78c5,21e12756-77a1-454e-ae96-b75b1a8c05cc,2026-05-13T12:44:04,captured,2800,
81e81ac6-dafd-4549-80e7-3ca4b7f16ef5,c2c09c99-6c65-4ed7-98de-5eb6b7b0c629,,2026-04-29T01:05:32,captured,5000,
ae1f2ebe-45d6-4ab6-831e-8e00431a7253,067a719d-ddaa-4e45-b535-1f6606abb521,de3c2c9b-065d-485c-b0bb-4ac123580fa0,2026-07-06T23:02:21,captured,2200,
67259c56-fa7d-4d00-9846-9232116a9558,f1b01b3f-35ee-4cb3-b16c-e1ac2270e4e9,,2026-03-09T13:48:49,captured,3900,
da9ecd59-e508-4b45-8a70-28d0c08358fc,e34200cb-464e-4a30-8075-e2705b919f52,2b01b13c-2bf0-4a3e-af40-56472ce55d2d,2026-03-05T10:19:09,captured,600,
b6e96762-8d0e-4d7e-9376-0a3ccb8c1d60,7d2f7fc8-28a5-423d-aa04-1feabd721464,7996b1e6-cd4d-4a4a-a850-af62f4579b96,2026-03-02T23:54:01,captured,2900,
7d66f000-7654-47c9-9d59-de9a324484f4,14b9de07-e85d-41a8-af17-7bc91649dea2,,2026-07-10T13:06:57,captured,2600,
a21e57ee-dbcc-4a59-990d-6f19605ecdaa,75928a6c-c3d1-4a85-937c-11c489c9c921,41fb1847-fd46-4352-9857-8bd7e585c12e,2026-07-02T10:07:19,captured,3600,
0797d021-5b9e-42ce-97bc-1120010cbb40,096aa2ec-2fd3-4ab0-af1c-01e1ce0125e7,221a6d24-9a6e-4a6f-82ce-2dacb9c6b7f3,2026-04-11T11:52:08,captured,1900,
c518d56f-3b1a-4ee6-a688-44d4b27b4187,0fd1c945-1394-4215-ab20-cd620f757202,,2026-07-10T10:42:28,captured,2200,
53708c9b-abf1-487a-bd6f-5a5618ef0507,7dcf8c42-26cf-4088-bc85-377dcaf22f13,,2026-02-26T22:24:22,captured,3700,
02cc658e-10a1-499f-b477-002a3acf846e,6e8a55d7-3cd0-4a85-9534-790f889f76ea,,2026-07-29T05:05:19,captured,3500,
cb23f61e-6759-48b7-a687-7be3bca0264a,92fe3f3d-f0b0-4cd1-88e9-611b8a70ff70,,2026-07-06T06:29:02,captured,6800,
34f6bc7f-e08a-453b-9a3f-6fd0553cea32,46dc5764-fd47-41ba-ba12-0591fec95da9,e8a3e19f-5a0e-4405-9abe-3dae3748b4e4,2026-07-05T05:04:21,captured,3600,
90c4d64e-08b3-4780-b944-f02e9c1934ff,669e5c74-1577-48da-9815-bdb6cf822b26,,2026-05-28T00:48:20,captured,600,
cb69c9ac-d1a8-478e-a370-2d0c78658efb,ce852f53-dee0-4a82-baec-e5532d3f91d4,da8fcf67-de93-4e9a-a703-6a904db160ec,2026-02-22T00:27:38,captured,1400,
445b156b-8ac0-41ec-82b9-f6ca04f57b46,719a9d92-ed1f-4578-a7c1-a57c7863f908,,2026-03-10T16:24:26,captured,2800,
f83660ea-30d1-493f-af50-d232cf42bc08,e47524a1-2f79-48f1-8777-3de2d88f921c,19a09d71-51e1-41ea-97ea-b4c114d29a9b,2026-02-17T00:27:10,captured,7200,
53b32fb0-dc4b-45b4-8497-f9bb5b431869,7460f697-1dd6-41d4-8be7-8c13157090ce,4e986c1f-db58-4261-9377-4e0d292b7fc3,2026-03-21T13:32:49,captured,6200,
18b92b06-9f2a-4b4e-852a-2538af89f210,2e01b80f-3f11-4c87-b897-fda00e7f02fd,,2026-04-08T16:34:00,captured,2800,
68804976-13f4-4444-97ed-b44b044cdd92,7bda6d1a-f057-4258-bba6-cb8c70dc2c39,,2026-02-25T18:06:30,captured,4200,
4d71ca65-a3c8-4f3b-a4c7-d2e2830ac256,cf972f4c-b0bc-4f7b-a618-abfaa1f576be,,2026-03-16T05:20:40,captured,3200,
5bae19fd-f8d0-4c2f-a8c3-4a329ab52b19,a93c2669-9c6a-44d9-85ba-3f669fc56a86,b1e095e2-5c10-41d3-b767-d6c005485f82,2026-04-07T05:33:40,captured,600,
1859034d-9854-4663-a2d2-c5f6b7fd8592,cd022971-7184-4c49-9a53-894e99ab8243,,2026-04-06T06:23:31,captured,1900,
17b051c0-5606-47d5-bc02-c88a4501928f,a8f24487-213f-45a8-8bc5-0b6921ee33a2,9b33b9bc-8527-4ec9-a6b9-ec9074d4c8da,2026-02-19T14:30:33,captured,1800,
a5d61a1c-d54a-45b6-a3ad-273603dcb8af,6982453b-eea2-4503-93bd-52cffb9c734c,d647921c-e6af-42b5-9159-184b57ff8186,2026-04-13T21:21:14,captured,1800,
f1e6179f-e55f-4032-8973-6c007f5cb4f2,38a82fb9-3c8c-4ff4-9e0b-274eeb1f530f,,2026-05-13T22:52:21,captured,2500,
b4da73cd-9fe1-4a26-92b4-809774f12525,6d469572-4a94-4377-b1d5-c69c82f89cca,,2026-06-18T18:20:31,captured,500,
2b0c872e-a4d5-4c37-955d-f684405253b0,a0c930d4-2cda-483a-b0ea-c0e2fe6c52e5,61d31226-ac80-48f0-ad65-b4c74b2a98f2,2026-03-04T21:29:30,captured,1100,
6ca7be46-d2f4-4a0f-aa13-aed0e73552bb,12d98fd6-40b2-4719-a477-3f1474a7638d,,2026-05-27T08:59:40,captured,3300,
beba97ab-141b-485b-9580-59b486b1b1d9,67cc2884-c2dc-443c-9d6b-0ee016ace43a,,2026-06-29T17:37:24,captured,0,
7bdff891-a18e-41db-8bf8-7b5aa9b41df4,1cf47add-67e3-404b-b25a-33ceeceaec8b,ec4962dc-1739-4bfc-93dd-4111572022c3,2026-07-13T05:16:44,captured,600,
d3cd385b-94fe-4f71-b4da-8bba28c636ea,9f479218-b1e8-4555-8ea9-15e5625e85dd,72ae768b-6b8e-455a-a09f-d8361d2efb00,2026-04-08T23:12:31,captured,4400,
db3403fe-57f7-4e18-8ff2-6d9aa31cd10d,63597562-ff17-4061-b4e4-c98e09674dc9,a8c53af1-56c6-4cb1-927d-e53c60234935,2026-03-06T10:17:15,captured,6300,
ee3b3e30-032f-469f-a672-d6c97157883f,4c6f812a-9e6c-4051-bb58-de0c8d48b36d,2364a71a-911b-408e-818e-c50e2a41f94d,2026-06-19T13:17:03,captured,600,
ea928b97-862a-4ab9-b6ce-41aed74c943c,38c4b00a-d279-4183-88e0-55f70899a71b,403f8cfe-a2f3-4c13-a0e7-8d48bf7d95d8,2026-03-08T01:23:52,captured,400,
0b9bd1a8-713b-4063-b474-fe5c494b5efb,903bc6ab-9847-4caa-8e97-90d0976eecc2,19a09d71-51e1-41ea-97ea-b4c114d29a9b,2026-06-14T12:25:16,captured,5100,
64aa5aa4-53dc-4fc1-b0f1-be5784ec56b2,e0369ad1-b4de-42e6-a92c-0fa687b07974,,2026-04-01T19:23:15,captured,3600,
87acb1d1-b2e5-41f2-973f-80d74d5a8f56,5050c77f-07c4-401d-bbb5-92b89d5ceb34,e4895dc1-3eb8-4af9-9f3b-5a49c40298a5,2026-07-22T16:46:22,captured,1200,
0f7b3f30-5052-4f4d-a38f-95321cf86f77,31d0db05-c20f-411b-b7a8-4e9d2d61f930,c820b593-1772-491c-ba49-dadafcecdc0b,2026-04-12T02:13:42,captured,4400,
ca46a18d-dbdf-4f2d-bcd8-1e8d3dd2dd9a,8cd00b1e-a4bc-4d3f-beea-787da58dbb88,6c9e7840-b7d3-4664-bb7b-7af82940bcfb,2026-04-19T12:39:00,captured,3200,
583d5965-6546-42e1-931b-5fb0e12046ae,e5316120-a579-43be-b2d1-a1d90cfa6d06,48b6dae4-cea4-4bf1-9ff2-8a8d5dca7f57,2026-06-07T06:52:58,captured,1800,
d61fcf2d-b7cb-4ab6-b854-9a6f554ee599,187bb5eb-e113-4884-b755-9c434ffce8ab,7fdd7d1b-58ff-4c20-83bf-f61a01163a88,2026-03-15T01:26:05,captured,2600,
21981a1b-bbcb-4ee4-b877-f0d871b673e9,8d41557f-4454-449a-886b-2f0ec1be9680,6cfd0f1e-df23-4923-b2b5-e21892f5c478,2026-05-08T04:12:04,captured,4800,
e2e29d67-5050-4ca2-8057-c848ffcce011,02ceb63e-d2a0-4eaa-94e5-475afd20aa29,fe3b127b-ac72-43a3-adfa-88542a068b74,2026-05-15T19:07:14,captured,2500,
2d5468e6-5201-4937-8d1d-830b9f5eeecb,62afe121-b024-4dd9-b17f-3820a3632e31,,2026-06-17T17:50:28,captured,1200,
e601a043-d9cb-43ff-a53b-94b71eeb4719,1d8384a7-24f6-44e8-ae01-2f1560de8918,,2026-05-08T02:47:58,captured,1100,
43d8138e-cee3-49de-a194-7716da641d59,048d6f6d-ff89-4dde-b6c3-b8c4ceef3b87,9c36fa22-187e-40fa-ad95-b051d01e4cea,2026-06-03T04:20:47,captured,4200,
c1f14600-0fb7-42ac-89b9-6c0298eb4fc9,c144a978-aee9-4c13-8d33-1461582cf573,,2026-06-02T06:01:27,captured,6200,
c24f9908-cf26-4dcc-8493-e2c5a6b5365d,f19fe4f5-af76-4118-90cb-6b1dc963d231,21e12756-77a1-454e-ae96-b75b1a8c05cc,2026-05-04T15:30:08,captured,4800,
b6b38f68-7c1d-46f4-80ce-2c127d9cbadd,51e4de45-ba6f-46b3-9ee8-8e3d4c56a478,3ebe17b0-35db-40b5-af77-da568944f75a,2026-08-06T21:51:08,captured,1100,
0044f7d8-bde6-44ae-87a9-ec44139119f5,24c8bebb-d0e7-4c13-97c7-b22b3b06779c,,2026-06-01T23:13:50,captured,700,
cb9a4e99-cc92-4c7a-a2a9-7a71346edd62,d8f40a8c-b041-40b7-83b8-8c5982a6261c,c01ae16f-7a91-428f-bcba-75e41ccaf998,2026-06-20T11:22:57,captured,1100,
6f00912e-b3b1-4b43-92e0-ad17535f5bbb,cda4c6a8-9fef-44b4-b6c4-f3fb8dcec15d,ec4962dc-1739-4bfc-93dd-4111572022c3,2026-05-16T03:31:04,captured,1100,
eddd2743-6cd9-49f9-bb7b-311d56703cef,9915c523-e847-4642-99ae-8d21d912b4c9,9dec63d0-7170-4fc6-a61e-7ff03ae38e99,2026-08-11T04:34:25,captured,3000,
d4516efb-f4d1-4cd2-8f77-2aa7c63c5a1e,7ec0a894-3a66-400f-8054-79ece312d520,,2026-08-13T07:02:03,captured,1600,
fc8834ff-d06f-4cdc-baac-dd1ec2d2ca72,12fc46bd-0e34-471b-a11f-e0ecadf71fd5,7725fc9b-fa62-4194-84aa-5111393dada4,2026-02-20T05:51:23,captured,5100,
cfe15b68-cbff-454e-8aba-a2686610d4ca,db93585d-bb3f-437c-a74c-7b275b4bdf58,0f311da3-0d09-4cf4-bb72-f058fe05e5c8,2026-06-23T22:50:24,captured,1400,
1cf11ec6-1a77-4fda-8831-3da37124cc59,bd2fbf5e-fe19-4b24-aa11-bfb3db4c4841,47e8d97f-1161-4423-9f99-86310ec60b38,2026-02-26T01:52:53,captured,3600,
35694539-a0ca-4450-a240-b4ecabf47ee0,b68a9b74-c293-40be-9fa0-f97f4b2e4075,727a455b-89bd-42d3-807e-c60d93781a25,2026-06-03T00:38:26,captured,700,
3e92b428-e1f9-446c-9000-81f7879fbdbf,5d2f0819-690a-440a-a17a-b362dfba8b5c,57fcf854-68d6-499b-ae06-6e682c0d8328,2026-07-03T08:45:13,captured,2100,
fee24e36-56b3-4dcb-b2eb-8c05f2b85c38,f3dd4e24-d3b2-48b9-ace9-cfdcd0379884,fb634a7e-da8b-4551-aa5b-d9c30414bbdd,2026-08-09T00:44:33,captured,2500,
d139a87d-d759-407d-8cee-7d8a77cf46f5,76032c4d-5b0c-418e-b23f-a5f3553e7c60,,2026-04-11T08:43:26,captured,3000,
66ee145b-cf60-4d3a-b6ca-dfb6a1ed2621,1c30efa3-8720-49da-955b-6622c37438fa,,2026-05-27T13:51:55,captured,2600,
9e9acd35-72c9-4311-8504-485894bd128e,8a2b45fd-c09e-4e6f-a89d-f80284072c4e,,2026-03-13T07:28:13,captured,6200,
5175e305-2538-4b24-a72a-ec6a96e76570,643cdcac-c4c3-46d3-904c-4a44aa24481b,51ff84e9-ef76-487f-a785-8a253667e933,2026-03-09T00:17:05,captured,0,
d339d33e-2e04-44e4-b43a-521c2cf3e41b,af26272d-d7e7-4b14-bb0a-3e86dc6fc2fd,f9f3e252-8009-49db-9daf-f9c6fed6c4de,2026-02-17T16:34:13,captured,1600,
9ab138a9-e37a-4124-9938-b79d05033dbc,f9c5c835-4a98-47c0-8bb5-719f77436bc9,9c36fa22-187e-40fa-ad95-b051d01e4cea,2026-07-06T22:17:46,captured,2200,
21bdc911-09ef-4fb7-a533-5c9f4a6d53ea,8da6809e-f357-44e9-99f8-570dc6dfdfbb,90fb779e-f874-4fbd-8845-04c4d101a1f7,2026-06-28T03:30:09,captured,4600,
b6415d1d-8a8f-4d7c-939e-5eb1b8e37414,2fd3d01f-825a-4129-87b6-b1f916ed7176,e76d456c-7dde-4cd9-9cef-82d5b9d8fb70,2026-06-07T09:49:11,captured,4400,
3a32088f-80a7-4864-9eb5-a2a11cee5ec5,0070167a-89d9-4c8a-bd82-56468671d135,,2026-04-12T16:09:53,captured,1900,
207fc8bf-7a83-4193-a7db-ad0c2499d869,90fe9d55-3a62-4e3c-b9e5-fa7c6ca62305,48b6dae4-cea4-4bf1-9ff2-8a8d5dca7f57,2026-07-14T15:04:36,captured,2300,
95ab05a5-b1c2-4f08-aed5-8c1ac379a23c,c239366f-2f12-47c8-be98-83258ae7555e,9b29f231-1fc9-451e-b7c4-f9cfc1be2a85,2026-04-16T17:53:20,captured,5000,
43bbb735-6507-455b-9db9-e12f956e7043,ee223367-93d9-4246-a839-b90a11cb955c,3825fe94-1588-4b94-b8ca-430b38ab7f4a,2026-04-04T10:18:43,captured,1200,
1a0351bb-4777-41b0-a87d-a7c550c8dfe1,f6a23028-16bd-4ae3-99f2-e35d8e087f4d,,2026-07-04T19:00:17,captured,1100,
5eb66c90-cee9-4bf7-bb98-135789125222,7adc6c35-419e-4962-a6bd-0d25bf258982,,2026-05-29T16:29:38,captured,2300,
a83701e8-78f1-4163-9517-d707fd18ca88,a4424dea-5fee-465b-93a4-9cb2817e1f5d,e7deedd7-6958-480b-a409-2ac0e317ec07,2026-04-29T18:11:09,captured,5100,
d60db231-8781-4738-a9a8-c98e8c052493,2519bf98-cd79-4cc1-9606-506d46045c2b,,2026-03-16T05:23:23,captured,3400,
84a3f6bc-08dc-4e7f-aa2e-16ac207e3321,f17b832d-fa05-45bc-b7f8-f6c76beccefb,cd9749b9-28a0-431a-b756-f1e4570dbbac,2026-05-09T23:06:40,captured,3900,
cee5d0f9-6cee-41e8-8610-0c0e0dd76e8e,a541ad93-67d5-42c4-b806-3bb109d27d48,2e3acdd9-f9bf-4ba7-b8ae-46a10f45142e,2026-03-23T20:10:11,captured,4700,
363c1f14-920e-49bf-8462-7e19467fd91f,22be12aa-e6df-4f51-9735-031470529c61,a3a3f1fc-ee83-45f8-bf1d-ebf4d7007a5f,2026-03-20T07:19:03,captured,3500,
26bf48f3-0e07-44b3-9bea-01236de4038e,0c1858c3-5ceb-4f6d-b981-311741ca9ed5,40861725-bc97-4262-8fe2-e4c57a246484,2026-04-06T07:04:05,captured,1800,
32ee4c5c-fc48-4f0f-90ee-6e9b7cb6d98f,85c47c55-a7c6-4127-a4d4-0c48ed0d3e82,fa171907-494d-4ac6-8186-9b933d2d90b9,2026-02-25T16:35:32,captured,1800,
044f4f2b-1b49-422b-9502-4c89eccc817a,a341a4c6-0cb2-4028-8856-2fed657ee2b8,8c94e1b5-d648-4e85-bfb1-7c61b85a10ca,2026-07-17T04:12:33,captured,3500,
d9db50ab-dcc8-4270-a49c-50461f511e05,d7cbbe47-abda-4e75-a787-fe7447802686,,2026-04-05T00:45:31,captured,3600,
356df914-ef58-446d-9b73-b5c88e1ef395,d45d0d92-d717-4d9e-80af-5abc582cae97,5ed9941a-e74d-4254-a8fe-dd7c42509aa1,2026-05-23T23:09:33,captured,3300,
93ef093c-406e-48ad-8965-b79964545e54,2219ff42-6b9f-4957-90b4-d639dbe004ff,8a16834c-6e13-4fc9-b851-c208bef18920,2026-04-05T17:05:17,captured,3200,
983257bc-4cd1-4e22-87e5-c7d07f665100,635ae531-4762-4d80-b75b-a0b46dbd73be,,2026-03-13T00:15:36,captured,1200,
1019242f-3787-4704-b147-c5506b2b609d,2bca818c-1b5d-423b-b541-1edb064d3b61,,2026-03-13T20:16:01,captured,400,
633c091c-75e4-4ece-be51-e590c38322aa,ffc97ac4-d47e-4f77-9eaa-6f62703a5197,,2026-06-05T19:28:33,captured,2400,
b5264999-12b4-44e9-8a53-bd0e276c3d85,fa444501-947c-4cb3-9c6f-30f7ce997515,9ad29b24-9819-4159-80a5-22e0674d39b7,2026-03-28T12:27:54,captured,4600,
e5ba2481-1444-48e1-a478-35b6f0f67f64,511fe5f1-0cf5-4526-b667-7688e165292e,ec4962dc-1739-4bfc-93dd-4111572022c3,2026-04-07T16:18:35,captured,0,
9e4c681f-6bfe-465a-bc7b-13464fe38889,8c68ff6e-275f-4db0-9b1b-efdd0b19f6d5,e0924500-70dc-46e6-a78c-d9c7ae5c11e1,2026-03-02T22:53:32,captured,6700,
ac508300-6ef9-425e-b46c-bc6f5e930dda,3b58b6bc-f994-4dce-ba3d-1a02cc6019ef,,2026-02-26T01:04:59,captured,3900,
04580bba-c037-4c57-9efd-f2f82ab17c1d,f29b41d5-6f17-4304-b0a4-bad544f2a771,c544d179-ac1e-48c5-aa43-bd3b9cc15f8b,2026-03-19T21:10:05,captured,1200,
d934b915-c228-42dd-a616-10673fa78802,7f4520ac-c074-471c-86e0-de2db9dbecd4,b33ee44e-d2e6-4191-8f12-4d7f4cf73752,2026-03-11T12:11:05,captured,4000,
2f09ad41-ffda-4baf-baa5-e5a42dccc4ac,0c5b4cc9-002e-4f0b-832e-e211529a0273,,2026-06-30T12:27:59,captured,3800,
60f6b8ad-7e02-4d6e-89b6-e0e2cc971755,d4e5516c-0273-4725-bb0a-91947112e12b,149eab71-384d-4298-8539-06ad01eaed6a,2026-05-22T04:04:10,captured,7000,
cda0dc60-c0f7-4603-baa0-57521ed7a1fa,1253f337-ebe1-462d-9a36-078b33db07d5,,2026-05-10T11:15:49,captured,1200,
0d18045c-4006-448c-9e13-cefa06c8bae4,ab4b757e-e7a2-4bf4-87f9-784e7872a8e3,,2026-06-21T18:38:56,captured,2200,
ca666f26-5a0d-48e2-8d8e-64fe778e1829,b5a27489-6cf6-4a30-b671-e0aab725c04e,423bce20-573a-42cc-86f2-296be2719b4f,2026-07-14T14:12:04,captured,2900,
f1d659a5-9ef3-4823-b164-2b213c00c1a8,3998f953-04fb-4866-bdeb-a44f7c293e06,fc7e4790-7690-40a6-9a6e-e5d92bfe65b1,2026-07-19T04:01:26,captured,3500,
9eefef6f-2794-48b2-90e4-6c1081c01c87,ce99ecb8-a883-4816-9a66-435aa072f2f8,763c666d-f145-4de7-94f1-63a3e3c30658,2026-04-05T05:41:32,captured,1400,
a2783704-8af1-48c2-b791-0d2fe8803c55,d6c130b7-b6a9-457a-b6e3-5ab0c165d0a9,b34bcfb7-d5d8-4fd3-bb69-2cffdcd5fb97,2026-07-19T14:23:01,captured,1700,
8f71b1fe-0025-42e3-9c03-6751b62f89c6,afda4288-304d-4828-acdb-80d4f560bb27,febccef6-d234-47d6-9a74-321aade1807b,2026-05-12T01:59:54,captured,1200,
0ffecee0-4a61-476b-a092-34837ec03328,7602e90c-6ebe-4c70-81e6-6290637dd557,,2026-03-22T05:47:59,captured,2900,
0bb37974-5524-4751-94be-7a2d1c6d80bc,e4678531-6bba-4b08-97cc-ed88add10492,b8023b69-49d2-4be1-9286-4d19b5ee0286,2026-07-13T00:41:22,captured,2400,
1bd417e8-e38c-48a8-8161-5b220abc355f,59a509e1-46c4-41a9-aed8-47e5bf14ae89,,2026-07-05T07:21:44,captured,1600,
30334567-5579-4232-bde8-df6776f01cf7,2c0a1e64-f743-44fd-96f8-1f6cdd160d2c,59fc5c4a-59c2-47e4-a5d4-f1d734993317,2026-03-23T13:45:04,captured,0,
104cc32f-5144-4e02-a800-cc72c08c78f0,606fbedf-f840-4729-a0fa-afa9c4707986,24d8fd71-8a44-4451-8224-93afe1488346,2026-02-18T07:09:44,captured,5700,
17a88941-8bae-465a-99e1-96b7566edd98,dcff6de2-05fa-4bc4-afd2-a3e47bc96aaa,11aeddf3-444d-4040-abc2-16eaa36fd45e,2026-06-12T20:12:02,captured,1400,
9d0f6e63-591d-4a30-a9c6-a2a0205ad3b5,638232fb-36cf-4fab-bf38-fd4ecdd0f183,cadc9a22-99be-43b4-8542-f55fd8fe44ed,2026-04-26T09:43:54,captured,600,
3a02f24a-a44b-4fef-b226-226537c12b8d,57d75ad9-ee23-4847-9aaa-4e6fa3850623,,2026-03-27T21:35:35,captured,6400,
b6a72340-b33a-4184-b95c-d679431a9e0f,e347ec1d-7f68-4a9e-91fa-25704568b78b,0249e827-f39c-4f3e-8835-285adabe92e5,2026-03-16T02:55:09,captured,1100,
ca3ecde6-e13d-422e-9c14-a76754c2fe26,51c8e52d-a43d-449d-b927-deef8853935d,e286c491-cf28-4627-8185-d3aa2a274cdb,2026-04-22T02:08:54,captured,6500,
bd28af8d-9c43-453d-a9ac-f7914373ac63,2b36f8e1-6afa-4adf-9e1b-2ad6d66a9552,7f677cb3-6334-43ee-997a-a06b08ccbf67,2026-07-27T22:57:25,captured,4100,
78a4a232-354b-4cfd-9612-6769e5b93e4c,322150bc-1b4b-46a4-9bd0-707c1a3e256b,,2026-03-14T14:07:27,captured,1200,
0a073487-d2f3-46e7-9f8a-39682cd87bd6,eb1ddce5-5bb5-41cb-a429-96d3460e45fc,,2026-03-13T09:06:34,captured,5700,
f8219b2c-8367-47dc-a91d-0333d615c799,8d7381af-4947-4e3e-8ac6-43c868390c46,f3bff204-61e2-4250-951f-7c75e4490dc5,2026-03-25T15:47:15,captured,1100,
066bb486-d1d1-4feb-a8bc-3592a43b7788,207fb05f-11d9-4ed8-b9b5-01c1acda8a5a,,2026-03-30T09:05:00,captured,1700,
669886dc-365a-419a-803f-1230129f5c5f,29cc28f9-d1b3-4987-a42f-5caa478745c6,,2026-06-11T03:28:08,captured,2900,
47f5920c-4265-44d2-8fee-017ebe1570d0,5da6d562-c745-4e75-aeb1-328f97c95271,,2026-02-20T20:01:01,captured,5900,
2a955852-03da-4774-b944-81e661bb9f57,51c3b093-c793-4fe6-9856-95ea3050953a,,2026-02-25T15:06:43,captured,6600,
e37ffafd-3ce2-4eb1-bc9b-78e825fb8879,0b9dfc8d-dca5-4503-abb7-3721dae9e2b9,cd93b405-a30f-4fca-aeeb-83be6072e040,2026-04-04T21:22:18,captured,2600,
875b0184-579a-4c28-af35-2b457866b5bb,61b9bb20-e3d1-4ffc-91b8-752c1132bca5,0a8fb50d-a9a7-4fa7-9c9f-b3e1e6f624d4,2026-04-05T07:56:51,captured,3400,
08984ae7-485e-48b8-b757-122b3b206895,67771298-9c43-4f27-9eb7-0821c4e6319a,,2026-08-14T05:06:58,captured,3200,
3054c5af-3ede-46d9-a772-e24352041225,a4885651-89d0-4fce-be41-914c6a984a0c,,2026-05-12T11:41:12,captured,1200,
bbab0f27-958a-47b5-8b8f-d3e15a6706d8,3dc449cf-3450-4c68-a886-9c21a41831fc,a89b5ef0-fb38-4e8e-aae6-a82005e2b815,2026-07-10T05:13:22,captured,1000,
d5078caf-96e1-4917-bd75-c1b87c0730c6,563eda74-21cb-4c18-8540-3bad33c13a8e,b32a266f-55af-41af-93da-5dedbf753e3e,2026-04-02T03:58:29,captured,2400,
c16b2e81-fb0c-435b-830e-ecfaf60ef661,754de991-f08e-4c2e-ab8c-b4799701e228,,2026-08-01T14:01:57,captured,4000,
f9cffb60-4fa5-4d8e-8b0e-ccc38b22991f,11234e0b-1283-4d0a-8a19-f13b8802b460,,2026-03-09T07:36:02,captured,700,
12bfa51f-6dba-407b-957d-6dd48436f109,5451ff82-4190-4e0d-9f9a-37fd1a487e8c,666404b0-cfad-4bc9-beb5-fa5fccdb9ade,2026-02-28T21:59:16,captured,0,
b711e1e4-3167-4f11-ac37-25fe86359b01,d5a6b890-1834-4f4d-9784-bcc216d04978,16af2a10-655c-4050-87c1-a900045b30d6,2026-04-27T03:22:19,captured,6200,
0295d931-aef6-4d5e-9eca-e0f6764a101d,08aaa4b1-8ef4-4e8d-8f08-b9128dd269b3,8a2efb35-1c86-4817-a1dc-50109b9ec6be,2026-05-08T16:25:45,captured,3000,
c41fe9da-9b5d-4779-af49-113fddf3cada,bd5a8e5b-a701-485f-87e7-01f9ed4f669e,,2026-04-30T09:22:38,captured,3800,
f9bc34f8-c3d5-468c-ad72-99de2e913b6c,43b564c5-1735-4e4c-bb18-b5a4834f99cf,c9d827e8-1f66-4b4a-a8aa-359ae1888fae,2026-04-01T15:45:50,captured,3500,
390869ce-e2b5-4e0d-a7bd-bd0d5845c702,942e4be1-17fd-46fa-b554-f38ea4447adb,,2026-08-09T09:58:49,captured,1100,
c20666bc-c7e2-4340-a061-fbfdc180af5f,d6f568e5-f94b-42e6-a94f-4b550be76db6,,2026-06-20T14:34:30,captured,3800,
7f16f8af-437f-4b3f-be6a-d569de25d0d5,33839eaa-89ff-43fb-85cf-a3a7d48c8bc6,01f2cdb5-106a-46ea-851e-088918e0d4bc,2026-07-19T15:26:21,captured,2800,
0fd3394a-1900-42ef-9e8a-01efc4617f03,853bb768-d554-4db5-9893-b3e0464541f2,,2026-02-21T23:16:06,captured,2900,
430a6402-c18e-4607-b809-0fcefc6c980c,0486bd6e-0223-45e8-8b72-dcda0c462c2b,,2026-07-18T10:28:59,captured,5100,
a7e173d9-bbd1-49b0-8715-5ff9cf10f15a,4d974546-91ca-4526-8c18-2245159ce8b4,52798a77-2b50-4c3b-afc6-3ea45aeb25f5,2026-08-16T10:32:03,captured,4600,
9ef37ca4-5f27-4aff-b231-1537cfff8cb3,671967f1-6539-45ae-9c14-f8dd3707ba05,4abb87c1-c3f2-4df6-a428-50e35087923f,2026-05-28T07:33:56,captured,1700,
5fc3c89e-f767-4abd-b595-0a9c3cd50704,6470f4cb-1b03-4dd9-ad46-a3716c20fd8c,,2026-04-22T06:50:19,captured,3400,
509ce8e1-3702-49a4-87f4-2cdaa5f1c556,debf14ea-c1aa-44d4-89c2-c24fb8204bed,fe8ee3eb-8bc2-4c06-b392-031fe3bbae1d,2026-06-12T16:33:56,captured,1300,
ddec1423-ff34-4604-a3e5-f26482897e7d,11e12029-3d01-4244-89a5-186d87cee1ad,,2026-07-15T21:33:37,captured,1100,
5fdda7e9-99de-4929-9641-a398d068ca1f,ad2c587b-93fb-4f47-9e15-9847bcc633e3,,2026-05-24T12:40:16,captured,900,
8205353e-4b54-4401-a105-858d62f72c43,7d46132f-2b05-47f1-912d-959aba4685ca,,2026-05-04T07:08:41,captured,400,
3377d560-25b9-49e9-b02a-25af01598ef0,4da79b72-5228-4e3e-843b-68d1c4a4784b,508a111a-5dff-4d1f-9a47-58031471ff51,2026-07-01T00:30:39,captured,1800,
976bf5fe-c49b-4dc3-b922-233135a8e906,e469fc98-1f1f-42f4-a0c4-c6c74318f4f3,dd87ca98-230f-407f-942b-3da7b72df58f,2026-05-31T15:26:40,captured,2400,
dadb05c0-bfa1-46e3-aafc-3e1ced095522,833c46e7-3507-44b2-b7c3-8c66404632ed,4fffa9d8-800f-4abc-acfe-d92c3ff7ee8e,2026-04-16T19:03:23,captured,0,
52ef2ae2-d386-4343-833d-73dda78e5313,42920e51-240c-4a8e-8dba-6c38f8d22aee,c85332c1-edb5-4243-aca7-cff651f8edc8,2026-04-12T09:55:40,captured,500,
45c1aa98-4a37-4f7f-bad4-8737a23b7ac6,c511644e-a03f-48d1-beae-4ca909fee59e,,2026-07-14T23:27:40,captured,2200,
3ba22da9-fe61-43a8-97b2-82005d9ef515,d21e4e06-d005-4429-a747-f68748bb0200,4e45f500-a320-4d9d-95c7-9243b6d00ea6,2026-04-02T20:09:08,captured,1800,
34f58223-f39d-411c-8f39-3fe30f39ea02,07da5825-95f9-4e45-b944-9c25c53c5583,7b6bce86-6a2e-45d3-a300-0a281dac4057,2026-04-08T02:57:43,captured,4100,
65205e9e-daa9-4df4-b992-f878e0bb65f2,5562c740-99d4-4163-a994-440f5789fd24,,2026-02-21T04:11:46,captured,5500,
890dabe3-71eb-46b3-a833-c2e2562abee4,18860ecf-735e-4fda-a6b3-9edb255f2946,ffa34035-26d7-41e9-987d-d6f740214b03,2026-07-12T01:42:14,captured,3400,
00c0cd33-7eeb-4e75-b7a7-979045bd86dc,a0a9aca5-a2b2-4314-b074-3d4ab437d3f9,6afbb289-a91d-44ea-9262-2d9e970b4424,2026-06-15T17:11:31,captured,1200,
2801ecc5-deb1-433d-bbc8-f62797664140,aa80f285-11da-470d-ad1f-d4e452c2150d,808a81b4-9aee-43ac-ab86-906e27350248,2026-07-15T13:12:20,captured,4000,
6031e89c-4487-45b4-8c09-fbe544abcde5,97a749d2-7850-441e-99be-05d74b5c6955,,2026-04-02T20:53:45,captured,9700,
1bd4a82c-b264-4131-a660-84977464b4d1,b3adb742-8313-4391-8d28-7fada940bd58,,2026-05-11T13:08:54,captured,0,
7bb08778-1050-4f59-9f8e-84b68b83d760,53e23de6-bb01-427e-b87e-44759e631c37,370ed49e-0db8-4136-98f9-07d237aace5b,2026-03-28T19:12:30,captured,1500,
b7728a06-3f05-4631-9c81-c09ad1de3783,e9ef0d52-776d-4f5f-b861-79146f7daece,,2026-06-29T11:14:48,captured,3000,
fe96a040-eb8a-4f1e-8955-6ffec05ef454,d1977379-6e50-4112-a480-85c9b06b55dc,e59c8131-faf7-411e-88cb-ce54dcfcb4d1,2026-03-24T20:39:49,captured,3300,
c31130eb-994e-47bc-876e-c986b3ef742d,174cce56-731a-4a45-9a09-ad8f00ff6689,,2026-04-29T11:43:27,captured,1900,
08b9137e-81a0-410c-8073-701c97d5d12c,c5145d70-a44c-42f6-8c57-84ff07b390a0,,2026-08-08T22:08:09,captured,1700,
caabc120-4553-4cea-bf67-6cff3754dd9d,6e5d0114-701d-4b00-b1e4-07d2b00826bf,5162582b-f856-4d6c-9068-135a9a682097,2026-06-13T11:46:54,captured,600,
73b3f3fb-cf72-4994-8ad6-40ab8c1bfadd,69eff574-2d75-407a-bb6e-264632566ede,,2026-08-01T09:29:53,captured,0,
df4db2a5-4c97-42ba-bfd1-62c4e0c4e742,4962d1f5-f553-4e20-998d-fe1be949ce9d,,2026-07-07T21:44:58,captured,0,
c808f748-d665-4f0a-ac3d-6e4ba526ca25,dd48ff52-5cb0-48b8-b7eb-771120e5c22e,,2026-07-16T20:56:15,captured,3900,
42de227b-d3c3-416b-9a1d-9245b5a8d4a4,758f51cb-b19f-4bc8-a599-e5902012b635,3958e11b-8405-416e-9a41-b4607cbf7458,2026-06-10T00:14:26,captured,600,
f13c1057-fb66-4c8b-b5ae-a224236f31e2,077dfc5e-0bb2-47c8-a515-68336ee54c26,aa46cc8f-2cf2-4fbb-b5d3-7d28c552313f,2026-03-19T23:49:24,captured,2900,
bd73a576-c7cc-4b9f-b56d-a0ada324c2ba,680120b7-8603-4f6b-a7de-384be760769e,4eedd8ea-a559-43f9-ace6-91d807dfb5c6,2026-03-31T19:22:37,captured,3600,
566ab000-7ecc-460f-85a7-cca86fc03a40,29f46b45-2b5b-4890-8ac9-0d9e242095a4,609b866f-5987-4a5f-822b-1142a9ea9f37,2026-07-25T04:03:55,captured,3400,
3d861207-271c-4b7c-9784-0794a5dea26b,0e1b7071-6f6c-44fb-8f7a-6e73da639393,eb609d17-9bb0-400c-bf57-5910b09efeb1,2026-03-14T12:36:06,captured,1400,
cfe68795-bfca-4ca7-a2cf-e9dc453129c7,5e9d244f-ae40-44b9-a66a-7ef654bf9196,a55e04af-e906-461e-9368-34f8fa60386b,2026-03-21T12:02:55,captured,2400,
9bf52392-5f3a-44fb-bffd-72d3f2aabdcf,87d2d805-ea81-4a0a-a8c3-d7901ee5743d,6855d3c2-7116-4d5c-8957-650b94108e88,2026-04-21T07:17:40,captured,600,
2fdede92-7bee-4295-a316-dc6470b04409,9204eef5-a92b-4c47-9d34-3cbbf1842398,6cfd0f1e-df23-4923-b2b5-e21892f5c478,2026-05-05T20:14:01,captured,2800,
63e1c7fb-71ca-4d39-94ad-9bf8faa33af5,1bce7dd2-ee69-4f9d-b2eb-38927ccff6a8,,2026-02-19T19:20:01,captured,3700,
2e7fdda3-da44-4552-a2e1-84d6631a9994,41cafba0-3d03-420e-9a03-2a44d51e0696,,2026-04-20T12:59:02,captured,0,
45c2c64d-7726-422e-9483-8fee966fd9ce,1d38cb36-4a5d-4019-8bd7-8af6fdf6ec58,af7975ce-a21f-4e42-9a61-d6cd3d181d27,2026-08-02T07:06:04,captured,600,
c8597079-27c2-4dfb-be86-92a9c6e9f5bd,b37b879c-b3b8-41b5-9f1b-13de6bcf1a82,f5331123-cc01-4f38-b7a4-797040f2a0e2,2026-08-09T06:13:16,captured,6100,
a9b55d32-cd51-4ede-9435-8c335abe2a66,627b38c7-aeed-49ac-b4c0-0c7def23ae62,,2026-03-28T00:23:20,captured,1700,
5aca4a8b-1df1-48a8-9d97-14890a250fd8,37c3abd1-ece4-457b-9ec6-11f270056a17,2bc91fed-7c36-4c0e-8a71-32bf1125e49e,2026-06-18T09:49:29,captured,0,
29d7ed29-e302-4f41-aa02-748c3de5b80e,96c00355-cf89-4b6b-b421-01326a6c3ae5,b8e24b58-c800-4330-9a32-d213304f4948,2026-06-26T13:03:01,captured,2900,
5f6ecbe1-f510-43f5-9267-5e73343db64e,cf995d47-0373-4c76-98ec-df2f62e7643c,027e3433-46b0-4324-9fc1-c32dfcc30a89,2026-05-23T16:03:34,captured,5700,
4b63f323-b673-4ebf-a187-22f2b57f6dd7,1f91b07b-e349-4e3a-aa24-c8e8b94970d6,92a59d80-e88e-496b-b549-f6844a97062d,2026-07-15T06:34:11,captured,4300,
0f3fb125-a7df-4f18-a39e-75beac6351e7,a8d70b24-db60-494c-b793-5fa4c1064acc,aaa48455-e35d-45d8-ad41-9a3a44e26486,2026-06-04T11:33:22,captured,1700,
e8aec2b0-244e-47e0-85b0-d1935332a0e0,9ac05cc6-169b-4b69-9f49-991a4773ca6f,,2026-03-19T15:50:13,captured,1200,
4f573cd5-0055-4937-b01a-16d3d24b7f95,50d1d686-2262-48cd-98f0-31f6430ffbc5,6e32ef2d-3307-4b12-b41c-abd2e7dc76ab,2026-04-13T20:22:10,captured,600,
eadc8a26-a8ce-4952-992a-eafe2e86e122,dba99e5b-db40-4d92-80c5-25c6a9782915,a1223cfc-8562-4f97-8556-77e88c2cc15f,2026-02-24T22:42:57,captured,1700,
1b656098-f65a-4c68-a736-877bc88d5011,6956e0f4-3bfb-4109-b121-3f362f5604dc,a68312ee-2150-48fb-8d99-b3676010fbb7,2026-08-12T23:46:20,captured,2100,
e03ec139-d909-42ff-8733-ba52359ebe6b,15804970-6eaa-4f79-aba0-c26028c78f11,,2026-05-31T23:36:26,captured,1200,
17f9c697-4287-4116-8c35-fd8863a7eb14,8fdf5696-a3f0-4ba6-a2a0-79ad511f9900,,2026-03-02T17:38:03,captured,1000,
3b315055-cef5-4aeb-8332-f3fdc10f25f6,94ace6a1-cbd2-4a5c-ab52-2e47e1e16efe,2cd4e429-9b22-40c2-bcb5-dbad71a34bc1,2026-07-07T21:22:10,captured,3600,
2d44114a-774a-4f12-adc0-73bf88e3b873,6cca5067-15de-48c2-ac97-6d9c62d2969f,d4909f29-dd02-4ffc-9d02-a1fba386edd0,2026-06-22T08:38:50,captured,1800,
78e5b210-8e60-4771-b7c3-f15f4b35edd9,136a7345-bbb6-49e1-8a87-b8778f2b493e,,2026-05-17T04:13:12,captured,2600,
f6dba8e5-4460-4a42-9b6c-e444d2bff304,b6a19b4c-534b-4704-b4f9-37e6ce42ac4c,ef35ed63-e056-4ca8-8a92-dbb9d2d16f8d,2026-04-24T14:48:44,captured,1900,
4e2667c9-664c-4311-b1fd-88224684f700,3e64a3ec-f911-4f6e-87b3-1239057d67ba,7725fc9b-fa62-4194-84aa-5111393dada4,2026-06-17T15:07:24,captured,4100,
5a6b90c5-1054-4f36-b2e6-1be21a83b053,27571885-ec10-4b63-9ef6-019a3b9a15d1,4a0fbf11-5d9b-454a-a31d-a419673b8ff5,2026-05-22T02:13:14,captured,6200,
25b7a018-dc5d-443c-9ac6-3bfc74f94ac2,7c989325-1b3d-45b5-9ad8-c1f1433447ed,,2026-03-31T13:05:45,captured,1500,
b3aabbeb-9918-4a42-bbfb-18b87a584167,3ec86309-feba-4e1b-ad1f-87725ece8a0d,2bc91fed-7c36-4c0e-8a71-32bf1125e49e,2026-03-22T23:27:04,captured,1200,
b8fc7ff1-afde-4879-a59b-4a1d26c010e1,cda0d31d-573b-43a2-8dc3-7a131dff2343,,2026-03-28T00:34:29,captured,2400,
25cfe859-370b-4a57-a12a-51f0378ff589,2fdede09-005e-4e94-9d24-743050673091,3109bae9-ff40-425d-aa3d-b72300ff9710,2026-02-19T15:35:42,captured,600,
0caff9da-6498-4f59-a65f-90392178a266,86037b75-b2c0-459e-abd0-be5726599bc2,,2026-07-31T21:23:39,captured,4500,
1cd2eca7-93b1-438c-8974-9222545e22e2,f108e134-604b-41d4-ab96-117dcb3ee07c,4a2d43fb-999f-442d-af0c-82da96542507,2026-06-15T22:39:39,captured,2300,
d83a85d0-d83d-4189-a207-eccb4e4b61d8,d47526e6-51ea-4339-9249-b66542faacc1,,2026-08-10T22:05:08,captured,600,
7d15d870-4780-4343-9ddd-2f03c8b0a6a2,4f08ac35-c0cc-48b2-a31b-47f1c721c957,,2026-06-22T13:46:37,captured,600,
9c325341-2814-4400-ac95-d36e47bd8d73,4da9abe0-8209-424c-b80b-7434d826f8d2,49a3f667-0f98-4a4b-9640-e398a62bae87,2026-02-24T00:36:27,captured,0,
b3a524ca-cca6-49cf-8cbb-b5fa0d491d26,6e1ad76b-7283-4c87-ac18-ed95d26eb3c9,a42a4a72-5cfc-4778-a3c2-da4dbed12022,2026-05-26T23:06:14,captured,1100,
078b5a8c-1ca1-4ba2-8c5c-600961937817,ae23f2a4-7d54-48f1-a950-1ae14e72a175,1530082a-57c7-4a2c-9783-e02dbaf2071a,2026-03-26T10:24:17,captured,600,
9776a768-bfaa-46b2-af3c-afb855f7a39f,e5d9543c-f8a8-41b2-899c-2956ae219563,115a5e72-4581-4b17-889d-0ec8e7e75382,2026-04-28T09:55:11,captured,1200,
f80be61f-3aad-4eba-ab17-f728ff68ee57,6098ea5f-46dc-4d20-9743-535f86eed2bf,3ae92bb0-0007-41d8-91ea-9c4e3be90d00,2026-08-01T21:48:55,captured,3200,
9999a9dc-a8f0-43e6-98d0-9d34ea011502,858d1698-fa52-4cdf-903d-2f156ced2832,f2115878-e476-4247-a156-52e3d9672588,2026-06-11T08:29:17,captured,1200,
9bf73f69-a533-4ffa-8074-26db81176fc0,5f264045-45c5-4532-aebb-1b6eb997500f,,2026-05-01T07:37:05,captured,2800,
d445f322-c3c1-4ee9-a8f3-41f07971f4d8,790edfbf-2ec5-4861-96be-07d8d5898aba,,2026-02-25T18:13:11,captured,2100,
8388d06e-3da5-433f-80eb-149846bec6e9,12b03779-5564-4672-bc05-ea16b3c139df,e5238cd2-e4a9-4954-a783-99ef2eecd414,2026-07-28T02:05:56,captured,2700,
e5afe5bf-7d32-4222-8ff2-66ea695b557a,055f2707-2727-4c7d-8d48-3951394a835d,cdc56a16-28e1-49df-aeba-bbfcb5928d42,2026-03-23T03:38:38,captured,3400,
ab934463-209a-424e-8d92-54fe862f4670,8c3e7afd-12b6-4427-afd1-80f301ce6362,,2026-08-02T08:10:12,captured,1200,
b1183dd7-6104-435f-8c55-200b4435af46,21fc58e9-9674-4c1b-bb56-a7ba435e3afe,7df7d9b4-9c55-4c5f-b059-5d5828fb9fa8,2026-08-15T07:20:12,captured,3900,
6a66dcb0-810a-4012-b5f6-6c446dfbb3b2,a42d0b85-b47c-497e-b5b5-e568f846f52e,,2026-04-21T21:01:05,captured,4800,
3820d3a5-e62e-40fc-acad-ab1c45b04ff7,e67a2e1b-e9dc-4621-8b15-fef5c065a5ef,40071e39-dc19-40ec-abed-64d556d7a8ea,2026-05-13T10:57:53,captured,1100,
93f1c642-6e31-416f-92d7-42cd48e582ba,423164cc-0632-4a11-8b24-3a5f1fdc04da,f95e80a6-fee1-42e4-92f3-e6ae1f0a8967,2026-02-25T11:38:56,captured,1200,
b61e336f-514d-4c45-9ef8-52bcfe8e1454,c879e41e-4fee-40fb-96dc-96ff51b49004,21484f3a-367c-408d-9921-6c47639eb397,2026-07-15T11:42:43,captured,5800,
e7e31471-6684-45ab-93d7-6dee93de2259,54b78d30-2800-4968-a560-ec8096401277,05ff03aa-2639-42d0-8b0f-bd6cc29abf34,2026-07-18T12:13:17,captured,800,
2b6dddf3-2280-423c-a032-4ec144f370fe,3a08a221-6907-4df7-8436-135d3351a025,,2026-04-17T11:04:12,captured,2400,
adff989b-a470-4381-a167-9854de193f6b,0e5a30d1-7310-4c9f-b738-9a1784d1c680,,2026-04-23T09:24:51,captured,4100,
a21000e3-af75-4414-8bd4-4334583c6b28,0cea8c17-4403-410e-a0e7-6fc61a0bfb05,,2026-05-09T20:34:26,captured,2400,
e47e45f0-60be-40c0-b4c1-25faa972d3fe,fe05dd37-55ed-4ad7-a396-2cea4d9e3d34,3958e11b-8405-416e-9a41-b4607cbf7458,2026-04-05T18:17:57,captured,700,
4dee9901-a55e-426b-bee3-ca46b0f63e72,f384b88d-3200-41ff-ab91-9ba1304d6c62,cd9749b9-28a0-431a-b756-f1e4570dbbac,2026-05-20T16:37:54,captured,800,
b72e0e5a-e6eb-4793-b82b-869b6df55383,7232559d-d246-4cd5-905a-1f310ae6754b,,2026-03-15T20:27:19,captured,2100,
333d4b88-7cfe-4df8-9f03-a2f113d47370,81f25385-cefb-4d60-aa59-8ce2837620ca,8b9af358-301e-41e8-90e1-eb96150c6ba4,2026-06-11T20:29:33,captured,7500,
9a89056f-2e51-45dc-a145-331a864aaebd,dea73aef-b915-4ef4-b6bd-f3f862016447,43187d32-d259-41a9-91a4-2ded28441aa4,2026-06-06T09:09:21,captured,600,
7389e595-a4b7-4501-8d8f-34a2df522346,d0c969f0-efa9-482a-9c67-7c1999a051b1,cb7e8249-3288-4df7-be7f-14e4a56e0498,2026-04-07T12:45:18,captured,400,
488a5278-89c6-47b6-bfbc-687f4c4554ca,b9c567fe-1638-430d-b7b4-148421ba2da4,d5446a04-0e2b-4090-9d6e-1363300f261b,2026-04-01T20:00:49,captured,2400,
1b77740c-d0f5-4f10-b700-0dcd96b83825,94a148ff-b6cf-4d5b-a303-6def9eb56ebc,,2026-05-08T21:01:27,captured,2500,
a8c7d974-3143-4f71-bb81-ae95b9f7da9f,74c91638-bc8e-4bb8-a0df-74b8ec17ab3f,53f486ac-257c-44c0-a842-50e2e2c49320,2026-06-01T18:49:51,captured,2600,
0619ab66-5636-462d-8813-9238e7957e2e,bccf365f-8dc9-4581-bb27-52870a6d270c,,2026-07-22T08:55:00,captured,600,
d78d3b6b-0ab9-4803-9f47-707bf696a6ab,82770870-6e22-4c09-85a2-cef788ead908,,2026-05-01T11:21:22,captured,2500,
fe4208d7-8464-4198-ac92-19cafbfd17cc,14bc5ece-108a-4887-94f5-9d6c481d9c4a,,2026-05-30T16:58:18,captured,2600,
22e7123f-dfdc-429e-bb06-7dc318822d47,0a0ab9af-503b-4f47-a11f-8cc46f1839b4,0f0b6da2-4b89-485e-8ce9-874579ca1fa6,2026-07-05T18:35:50,captured,4600,
b55da592-97a3-4250-acc3-6b268b4131b3,b1675349-4004-4de4-8eb6-32f65635e6d2,017f66fd-d805-46a6-9763-0f669b6d050b,2026-02-22T08:51:22,captured,3300,
953ba24b-951c-469f-9fea-8cc16242e1c8,fc707f82-7fdd-4ca1-b6ec-8ae0a0454dc2,3e5508e2-ac5a-497f-bbc3-7e37aa033242,2026-05-20T10:50:19,captured,1800,
a992fae2-3886-49ef-a42f-66764b583b80,48203751-2399-4d8f-98ab-15982a636244,,2026-07-12T15:56:09,captured,2300,
800f176e-03ae-438b-8deb-0901895f670b,db684d16-e410-4625-9625-631d96c9c58d,31a016aa-0026-4109-8bc6-ef4f0f5b988a,2026-08-02T19:38:12,captured,600,
0fd0c31a-b3e9-42b7-9a81-d5e8da5405b3,be93624f-f891-425e-8013-fa0dbe8dace6,42f29e5c-1049-4c49-af43-85fc5963818b,2026-03-15T18:58:02,captured,4200,
95681aa9-26b9-4349-a58e-f543e18288a1,86e6e632-857a-4340-a61e-a6f0c6805d5d,74b4549e-f77b-4053-8470-ac33e7821bb7,2026-08-12T17:38:55,captured,4100,
30f93bbc-5fff-4e2f-ba8e-241820e7dc59,f381ff2c-89ca-4ded-b80d-e72d9065a9d7,,2026-04-09T16:14:49,captured,2900,
da553344-ed0e-46d8-95ab-098cb4f18517,f3335d03-e495-44c1-be1e-8cf82ab03b81,,2026-05-26T06:51:15,captured,1500,
3590f05f-89ad-4f52-bdfc-cc1c41a96c25,060aa6ff-3324-4f18-ba9c-380a4a23d5d0,7147a872-e123-40bf-a049-d02903b51725,2026-06-20T03:26:07,captured,600,
9ba659ae-9056-43f7-8ec0-34a4fd5305c5,d4f49cb8-135a-449b-9974-78ab8634b3d3,c306db89-dc6c-4059-b275-0de5f37b7edd,2026-02-22T16:06:38,captured,1100,
56b6fe49-20c9-4774-a220-cff698185284,775437b1-d549-41bd-bfa4-83e9a472d52d,2364a71a-911b-408e-818e-c50e2a41f94d,2026-05-17T21:17:24,captured,2800,
f3bfb4c4-d913-4563-ba5b-fa41faa9a9cc,45efd694-89c6-4b54-a116-4f30ce3419e6,,2026-03-09T23:10:36,captured,600,
15490bc5-544d-46ab-95f6-79e5b560df03,edcd9b38-b341-4138-93ec-826ed7d84bde,b32a266f-55af-41af-93da-5dedbf753e3e,2026-03-01T11:48:54,captured,4500,
5cb22b7b-c91c-4c84-8231-6506a5ceb7c7,85d295c5-6fef-4c94-b47f-43620a1022b1,c48f31a3-a856-41ab-9b56-9191760c35df,2026-07-08T19:19:13,captured,1100,
1a11acb0-2410-4108-888e-4c6f23f17dba,cb4755b2-19a3-43d4-a783-ff2104eeefb6,86f88720-a791-431c-a7bf-dbed52e38fbe,2026-04-24T00:11:37,captured,1800,
03930de6-60d4-4d9d-858c-144e7a2c665a,036dfe4f-93eb-4e6d-8f67-0cdfaf3a043f,e7deedd7-6958-480b-a409-2ac0e317ec07,2026-02-20T07:42:37,captured,3300,
c81ce71e-8d4f-4595-8dbd-5877301043f1,badc4c27-1c4f-4674-bdaa-b2bce42f32fd,ac8c2993-b04a-48e4-add4-a1769d7e1302,2026-04-20T11:01:19,captured,1100,
c3884fd7-1632-494a-9b31-a9dff50076db,d031d2c4-0188-4c5e-9aa3-78cfabbb5f2e,,2026-03-06T14:36:49,captured,2400,
55636557-bc7b-4b53-9bf5-e0874c2d8ba6,0f98207c-bbb5-4fe7-8808-a7d8dc66a583,827c0e9b-a4f3-4d53-9419-cc5460fe6e47,2026-08-08T14:06:55,captured,1800,
69012939-d17e-4abf-83e9-32e2724feb7e,9ad28bc4-c3f6-4063-9281-879d7062b21e,85877211-4964-45ee-ac5d-e7a41a0a0a5c,2026-07-17T21:57:08,captured,2200,
2b95df4e-bb8f-431c-af57-ffab562399cd,4f5c6dcf-bb41-4820-b798-260d3b39e94b,,2026-07-11T23:02:44,captured,1200,
684a3810-f378-4fb6-940a-0a0ef4301bb8,7e7440aa-96bf-40b2-9d88-db3febb80ce5,2a5efe62-d09d-44ad-b658-697e0901cdff,2026-06-27T20:48:03,captured,6500,
6c48346d-9121-4959-af20-484b47554c02,2979126e-fe61-487f-be0f-51d346cfc954,,2026-07-12T12:54:52,captured,2200,
e7dea460-033e-4a8c-8c16-dfc33aafc855,0126f30f-f68a-4dc6-8bed-56fdde5b943a,45908b84-62dd-4837-b5c3-00036d6d3bc4,2026-05-16T01:28:18,captured,5100,
f78ffbf6-933c-4ca7-b68c-25d65a4c7e6d,35998918-883e-43b5-9369-eb57c8f8b69a,,2026-05-17T22:01:56,captured,3100,
720352fd-4593-45c5-ac22-d825f14f3726,40cdf154-76d1-4b1a-bb4a-0d4c68bc1add,,2026-04-26T10:45:23,captured,500,
367a9f35-0759-469f-b345-a8bcfc4f126e,738d985e-83b1-4cf9-b010-bd263f9ed9c7,ec54714f-dfac-4901-85a1-bada9394a4e3,2026-08-15T22:08:24,captured,1400,
2616776f-0a83-48ed-a730-ae43dc827f45,e751ce34-1ff3-432d-b292-d0bfeaeff03b,48e7f64a-0dc4-4794-9936-a5b0720a339b,2026-05-10T03:02:48,captured,1500,
44a3ece3-8775-4c6d-8b75-b8dcb6e6d118,660206f7-b792-481a-859f-f56495ce17e5,,2026-05-02T03:17:31,captured,2700,
876dff79-cba2-4a4b-b95a-8621d7369929,74888b68-e776-4f00-8355-16bb5d30a964,,2026-04-03T03:20:10,captured,4100,
8829800a-7338-4c9b-b8ba-715b8485e86d,dd402de5-dd01-4c95-a9a6-ca4f65ece88b,a6de40b7-ad7d-445f-a208-4e146f2a8bbd,2026-08-14T18:16:20,captured,2800,
2e635411-8611-496a-a19a-5149d4c38de8,2d59f7b6-927c-4004-9de2-495badcfb082,,2026-05-08T19:52:40,captured,4600,
76f4386f-34bc-415f-95e9-f93caf49b9b3,14a6fa06-c781-4669-83c4-6991ed5d7c25,0965a7b8-8c8c-4d80-8f4e-029efda89b1d,2026-08-07T07:33:02,captured,2300,
7bbbeb20-ea44-40d8-8f27-5adf6a894ea9,bcf32f46-3b0c-471d-8a30-872f5e7725fd,9dec63d0-7170-4fc6-a61e-7ff03ae38e99,2026-05-28T03:19:21,captured,3400,
e6f2c557-9a75-4e34-b7a1-d51dfb34c27a,ea990970-6cbe-476b-9ce8-2f00874b9d6f,,2026-07-23T11:40:11,captured,1200,
71407f88-3cf5-4061-9603-6abca50be9ed,25e9158d-321b-4241-9197-7912db79750d,,2026-04-01T04:52:15,captured,2200,
fec2644b-cecd-424a-aecb-44e9bb2f9d0a,b21d4b15-6387-4fde-8237-3b3992fa2c59,44e86f78-c591-44a2-8785-8780be9e768e,2026-07-02T14:30:53,captured,4800,
61d96df7-b4a9-4f67-9573-4679cad2651a,b1cdb79b-fcbb-4471-921d-7dad2e3ff8e1,,2026-07-08T23:55:58,captured,1100,
ce7f0ee0-6296-4170-8a92-1c9406776794,81286eac-b6d2-4ce2-905a-1004b0e5c7a3,204068a3-f3c6-4fcf-9c48-c347e9608d8d,2026-04-07T19:05:58,captured,7800,
3e7e4e50-564f-407e-9911-a6ee6183245c,75b3fb9b-8729-4c1a-9370-124e83ba7570,,2026-04-01T19:08:49,captured,1500,
e18f9867-7a01-4a92-b40f-3355c62faefd,52000ed8-b0eb-4e2f-a09e-35ae002af898,c68f50c6-0ad0-42d8-acd7-1b0e89b7ac54,2026-04-06T09:32:53,captured,1800,
f1d54f88-e28b-4cf9-b2be-d7dc1675597b,df153bb2-fbba-48b4-81c2-4b6e071e9984,4e45f500-a320-4d9d-95c7-9243b6d00ea6,2026-05-30T10:47:08,captured,2600,
28f5079f-e08c-4479-b8e3-4cccc44ddc23,6c570515-45b5-4739-9652-58cb5edab474,88ca6cd0-37a4-4a7c-911e-da87af00545a,2026-04-14T20:17:15,captured,1100,
90745810-0f1f-434e-8c85-3c480951ba86,deb8d72c-f8e7-4882-9aae-bb819e981a7d,,2026-06-20T15:53:30,captured,700,
bc9622ee-a25a-45f8-bbda-d93618e4afcd,62b50ee7-3964-4752-8226-2d6511224c88,,2026-02-18T23:18:10,captured,5100,
e7083bad-ec39-4425-b88f-b05c07127b27,a92f350d-ba86-437c-8bdd-a0f12077daf1,71ad0ba4-7d49-4433-9650-992d03575c3c,2026-08-04T04:55:22,captured,1800,
7d237a3d-30b4-4c59-8430-a33f5ee2d692,26e29980-da29-4d5d-bf49-5f5ace4800ea,6cd9ec01-364c-476a-95d9-778f8b369286,2026-04-13T21:15:30,captured,3400,
4ea56d47-1081-4412-a12f-f19e5f6668f2,3796752e-8bdc-464c-ad1e-ede308d15bc2,ac94ca42-f04a-443e-9830-f9f9facd8779,2026-05-25T08:25:08,captured,2600,
5b0df093-fc1f-40e1-b13c-d753b0cee163,e93054a7-dbbd-49fc-8e6d-f950e78df4ca,ffa34035-26d7-41e9-987d-d6f740214b03,2026-08-01T11:07:39,captured,4500,
db035664-0e61-49a6-88cd-260fa223e2c9,26c340dd-c203-43b7-bcba-86578a418037,e29bb65e-bd39-46dd-a2b9-b603ae8fbbc9,2026-03-14T11:07:30,captured,3500,
d0154fb4-aa5c-44a0-8993-b66ad955aa2c,08a90f41-0175-4d79-855b-9ab1b0738847,,2026-05-11T04:16:29,captured,3900,
1de130a8-c7c7-424a-a149-1f7d77e54800,87db9d23-204e-4208-8965-5d6cf9508843,,2026-07-25T11:09:16,captured,1800,
7dcaba5f-b2ca-4c69-a552-b1cec0ec461a,7d059853-49cc-415e-8c19-42343f6a22b1,ba19a150-24ee-426a-95ae-90075de41b66,2026-04-27T21:42:12,captured,4500,
5045aafb-f029-4eb5-a19c-28b3b02d1c70,f1046886-db37-47d5-a018-e4d45566e9e9,a3eaa90d-e38a-4da4-87d4-51b1db09a2b0,2026-04-15T21:47:15,captured,3400,
6ee966fb-0b09-4df5-876a-e21f6463253f,25d36682-893a-40b4-b118-ea290d1142fa,ff12bd75-21b8-40ba-9fab-7e766ddf0fbd,2026-02-20T03:52:04,captured,3600,
e6534a39-0cb7-4769-ade5-eac6d555edd3,ff63eea6-af71-4cd8-a009-d6a6993800c1,,2026-06-26T03:26:35,captured,4200,
c8b5c2cc-d742-4484-a153-1d374f55fcb5,29ee6c57-4265-42bd-81a1-bf273cb8da2f,,2026-05-06T00:21:44,captured,4100,
d28ea1ba-ad5d-442d-8126-eba44e8f1a3e,b72cbcc0-c3b0-4d1e-825e-605e4a2e696e,b19d1c6e-c59a-4a85-a5d0-833a151f20c9,2026-05-20T18:32:22,captured,2400,
2b3e77f7-dfae-40af-abf9-3aca3c7b54b8,e5bb6096-71fa-4032-a95a-1457ed10bad5,8fd76cd6-f659-4816-a00d-6bd6e5d470b3,2026-04-16T19:22:57,captured,3800,
46a08f24-b080-42b3-862c-ac2d2049898f,14670361-a7b3-4c78-ad78-0a8331b7d72e,7fdd7d1b-58ff-4c20-83bf-f61a01163a88,2026-07-20T19:34:24,captured,3600,
99f8ff02-cc8c-4243-bff5-a75717c23dfb,5d770424-be34-47e1-8da6-0e0e70b5adf8,,2026-05-12T20:14:45,captured,6200,
15be719c-45b4-44a7-9b01-1826a7e0f575,a4efb3da-96d5-489f-903e-3317fa804897,0fe0d85b-3147-4f24-9481-f3b39d6e1fa0,2026-06-25T04:01:55,captured,1200,
9632905a-3d80-45b8-a599-2c82237794f6,da646324-162a-41f9-9341-a4726c310b45,,2026-07-01T22:49:44,captured,1700,
8a5da560-1ff5-4569-b40c-2ff71180e279,0b328781-f171-4bc0-81c1-7f80ac82282b,0ce5dc1e-fbb1-43ea-bb3d-1aced15b1a07,2026-07-17T12:03:45,captured,1400,
17d61a49-b85b-4872-81a2-3e0d92e4e6ed,cf65109b-54f6-45cc-bdc2-d0150f57d326,,2026-06-17T14:51:15,captured,400,
cec4b9ec-b1ec-4711-b70d-20ed382b9699,ae1531d4-c02e-4db7-a6ed-a0a151ad4818,0a4da64e-ad13-44ae-a621-90a8aa6a1418,2026-06-06T14:05:35,captured,1900,
564a8102-c227-475d-8d03-29bd8e92d4d2,71021a79-71f6-4e22-8e68-ee86b007e04f,cd69af1d-4a46-41a3-a4b9-c5c941190404,2026-06-21T16:12:22,captured,1800,
e8b4e1ad-4a21-4c1b-a245-a541a1d46b8c,38657a6a-e79e-48bf-ba8f-2a013e848a17,,2026-04-13T05:58:16,captured,4500,
42a53c36-b9f8-48d9-9369-758be1c016b9,e007877c-46ac-4105-b001-36d888cf7a3c,,2026-06-05T17:39:34,captured,1400,
2413e6f0-e9c9-449b-865b-a23abb7b567e,57949e49-19d6-4de6-a9fe-8a93c1c22b4d,,2026-06-19T21:42:37,captured,2300,
74b4a40f-2985-464b-afb7-813d3e3b3171,022b86f0-f76f-4681-b28d-becdfd46f084,58b2de10-dc09-412d-91ab-4773b1368bda,2026-07-02T04:55:52,captured,1800,
948fc440-6656-4283-9b49-052989a89aef,416a9ffb-85c5-408e-aba0-728c2bb20346,2364a71a-911b-408e-818e-c50e2a41f94d,2026-03-20T12:02:45,captured,2600,
8724cdf2-4fa4-4f6e-8b6c-e52a2a8abd45,d0af6f43-e827-4e8b-9f0c-da4c29a37d07,,2026-04-28T19:18:07,captured,5300,
b09d327c-2494-4d8e-98ae-e6428495cd40,af9e17ad-dff5-4b74-8410-28d5ec8221a0,be35774c-5318-4287-a267-7e3e5f0064a4,2026-06-29T20:03:57,captured,2800,
b120eb58-7271-46bf-a565-d037f99890d1,47d53111-4518-4524-8400-1e4c1dbdc6ad,83f24b45-8f73-41f4-b7c8-50c4434f475c,2026-06-14T07:07:39,captured,2100,
7aec3ad6-6b33-42b5-8456-d64d11b4beb2,c7021253-d34b-47df-b6cb-0af445f41381,,2026-05-15T18:30:20,captured,4100,
f02efdf2-aa89-4a2b-96ea-9f9190a75165,1b900645-d1eb-402a-9b4b-cf384c2d5150,,2026-07-07T22:48:01,captured,1600,
06dd010b-a822-401e-8292-028e6bf1132b,58048e1b-964a-4f80-a765-fb0420fbea38,3640147f-208f-415d-a448-07a7ccc95014,2026-05-11T17:11:32,captured,1400,
38485bfc-a9df-458f-b932-ede8808e251b,a18271ab-80cf-470c-bea9-5f4e51148ff9,7996b1e6-cd4d-4a4a-a850-af62f4579b96,2026-04-13T01:28:29,captured,3600,
510518bf-d3dd-4e38-822e-4dfe26b7f2a1,f45ef13f-3ea8-451d-86d8-95b59d7108de,7c1988dd-1e56-4900-9b28-775fc2ea2f55,2026-06-19T14:49:14,captured,1800,
9e1ee12c-18c2-46ab-acfb-56cccb53737f,5183c9e1-6766-4b74-ba79-04366757a1f1,6b6c26c9-cdfb-4c4d-ac16-521f6d39e603,2026-03-18T13:42:23,captured,2900,
fbc229f3-2538-475a-9676-137251e0e2c3,78480988-1dde-4010-aec2-78c5fc1d8166,,2026-03-03T03:03:39,captured,1200,
4040323f-8942-42bd-b69e-006f107a3c38,d18393e9-fe4a-4487-8c7a-d52deea7f528,a080f0f2-a248-439c-a61d-8b216dd351f2,2026-08-03T23:55:07,captured,5400,
de4caa8d-bccf-4899-b818-e9d9dcb1d4ba,671b6a01-0a22-4dda-b767-60b2cde9de39,302fd860-b402-438b-9832-61b5abb0ed63,2026-06-11T07:30:47,captured,0,
f5efb945-b9c0-491c-aeb9-08eb244aff94,1c8e3665-fd7e-4fd2-b12f-188720f2bdd8,c7369cdf-ee41-43bc-b2cf-8c0517033e20,2026-06-30T21:12:34,captured,2200,
d74beac1-9bc3-40b7-aa6f-60d0d8c03b38,dfa88644-5574-4a16-9cfc-40d0cea0d253,6df14bbc-1cab-4a83-add6-b84a4dbdfb26,2026-03-05T13:58:20,error,1800,fraud_flag
5e95e510-1294-4483-bd73-ccb7eba3e496,43f54645-8908-4bc9-8216-a2c92ffb0a22,aec8d508-5423-435d-a8cd-29206ee21d20,2026-06-18T00:51:46,declined,2700,fraud_flag
0a87be4f-9e02-4176-9ad6-00cf1dfddb21,e6aaf002-14e9-49de-96d3-e9046f7ab4d7,,2026-04-10T15:00:31,error,4600,fraud_flag
d9924352-3593-4914-affd-d38b104ce418,947288bf-49b2-42fd-b55a-6a2280619a7f,,2026-05-09T16:21:20,error,600,insufficient_funds
233c3a64-7635-47ff-b355-6682895ed64a,4ad267dc-94a0-4ce6-be89-9b5b37ebad16,,2026-07-15T19:02:50,declined,0,gateway_timeout
5e947f0f-3a16-4e74-aacf-f53be90a088a,93fc1424-6e1a-45cf-bccb-d0365d1676b3,,2026-03-29T17:08:28,declined,3700,insufficient_funds
5ac61804-8cf9-4a9a-9922-ae4fe2ddee44,dd04b6ee-6ef0-4970-9991-87351b7c94ca,,2026-05-23T08:26:15,error,700,gateway_timeout
17c98d7b-d337-435c-9bea-755333bbb279,116d2309-376d-493c-b181-f429e76dfa14,3721f7e6-c2a3-4008-b53b-c35f874d43cb,2026-04-30T22:18:12,declined,1100,insufficient_funds
b3138fd3-b503-46aa-aa57-e24f41d82369,3f360e04-7613-45d7-8f31-2d5d8725d02d,7139a7f2-3087-4749-bdbe-cba17281d3fb,2026-05-31T02:16:10,declined,400,card_declined
74709e38-c8c1-414a-946a-0d5a4aa8765c,a3bd770b-a390-4c2d-8758-38a16fcada63,,2026-04-21T15:37:44,error,2400,card_declined
bdacf666-4648-4565-b944-df0f21db1b70,9fffed70-000b-416f-a1e1-67f0e38f6cc5,,2026-04-07T02:26:39,declined,2200,fraud_flag
17fde584-bd1f-48ae-895f-6e950fa9c602,2a601dc3-ec5c-42fb-b3cb-437b5776c7e6,d1c42aa3-f495-4510-a9ed-0c6085a5a8f8,2026-04-06T06:08:13,error,900,gateway_timeout
6a549522-362e-4fc4-81a6-59529f9c93db,3beb3618-6287-4389-b3c4-48421db81352,97cf8e00-69f4-44be-a96b-ddd77e5d714d,2026-03-12T16:35:22,declined,3200,gateway_timeout
4598e76e-de44-4982-a77f-c2191605e472,cdffd740-8b61-4b5a-93b8-8f54aa41c2e7,4a0fbf11-5d9b-454a-a31d-a419673b8ff5,2026-03-29T11:44:07,error,1600,fraud_flag
e1070a43-5793-4efd-a93d-e3a8b50c5e3e,79c5a5e2-35d6-43db-bd4f-d7fb6bcb32e8,9848324b-3256-429a-968a-cf6b863d8238,2026-08-05T17:51:14,declined,1200,gateway_timeout
6cd6bb1a-54f3-4c45-b7a2-f125766f1587,d09c6511-ff0c-4fb4-9c32-d11d679d1be9,ab1df35c-c01c-450d-84d2-5d036f211a86,2026-03-14T06:25:15,declined,2200,gateway_timeout
008571ac-59b8-4470-91e0-f1c9f58f3081,02cd5d42-1f0a-4cfa-9ce6-a43e6dbadbf8,10ae27c6-5601-4493-a3c5-e9b8a524de44,2026-05-30T19:01:32,declined,1900,insufficient_funds
23189057-d763-46a9-8483-a6fbe36c02c2,d7ee0006-0d71-48b0-9340-0e3c0a77e5b2,,2026-04-01T17:05:29,error,3400,insufficient_funds
2c633035-f9f6-41fb-a9b5-b6d7a5f00271,1dc1b28c-a499-4ab4-84cf-c2f28173f8c1,37a2e4ab-937b-4ea4-a954-e4864a091628,2026-06-05T12:07:03,declined,0,fraud_flag
2acf7e60-26f7-4b4a-97f9-4586b9671d04,5edaff1f-70fe-4652-a22b-fc03292bd885,48d2fb06-7ef8-498a-a143-440b840d5d6f,2026-06-30T01:51:55,error,3000,fraud_flag
c800f08b-5e7c-42e9-82bb-0768a8140546,5287e08a-0488-4797-bd4c-e50eae10737e,330cf146-b7d6-4a24-b3b0-4f499a2684df,2026-03-22T17:55:02,declined,400,fraud_flag
78e0a48a-67f8-4d88-82ef-29b8600b63a6,172de6bb-6150-47cc-87bd-a1995de7b698,,2026-05-25T02:56:49,error,1800,gateway_timeout
7fc2ffae-8ac7-422e-a38d-3199c4e8bcd4,c51a201f-09e0-48ac-93e0-d1f7145f12df,,2026-03-02T20:39:29,declined,2800,insufficient_funds
c6191ad0-87dc-415c-b57d-cd165a208e01,ee979906-a6f7-48a7-b524-ca32084cce94,7701bd16-b299-43b4-9044-db8a2d511a25,2026-06-16T01:22:53,error,2300,gateway_timeout
fa92b6ac-2c61-4545-9a4c-230aa6434fb7,fcc0850c-2150-406a-b40e-f774313640ca,,2026-06-05T22:09:29,declined,0,card_declined
3ea24e0e-a985-4703-ba1e-11d8aa5d59d5,5967173e-23b2-4239-a1b4-cf09a990798a,7996b1e6-cd4d-4a4a-a850-af62f4579b96,2026-07-02T07:57:21,declined,1900,card_declined
309c7557-4fdb-437a-b901-6b55b4bcb625,96c23a2c-84b7-4458-afd8-547672268a7b,,2026-06-15T09:03:27,declined,1700,gateway_timeout
b2adb1b2-5b86-4f3e-8762-e5f0c3fea741,79b440a6-f65b-4cee-b158-d01384b9d87d,,2026-07-25T06:15:59,declined,3500,card_declined
f3f180ac-1188-4f16-98bf-fb14d3047b69,69d10d8b-f7dd-4b5a-824b-41adcf01c181,62c27072-a9c0-4b9e-9007-12f53d40a349,2026-06-02T01:22:18,error,3700,fraud_flag
31d30efd-cb47-42de-bcfd-373f749e3561,e67b6103-69f2-4916-9b5f-7a685ecfd11a,da0d9b25-a626-4030-be4d-96321126200a,2026-04-13T23:45:05,declined,1200,fraud_flag
31624445-8d93-4445-bcfb-cc44b6ed1633,dd28601c-560f-4cf3-9944-cd6fd5d87340,,2026-07-28T14:53:31,error,3900,card_declined
e28b6987-cb86-4be3-b985-eede09b20dad,2cb3bd5a-4ca5-4500-be00-27c5f0908e92,d5c1882e-5aac-422b-92b7-be16b73f3bc9,2026-02-25T12:02:49,declined,2900,fraud_flag
fcf4cf40-d7e7-4052-82ce-4bf395f2f6f2,d69dcb1a-bd69-4ea6-bfef-fea0443e1365,2b01b13c-2bf0-4a3e-af40-56472ce55d2d,2026-06-19T22:43:43,declined,2800,insufficient_funds
5673772e-b695-4562-bf72-0351bdd5b7fc,a8aa0713-ccd8-4ab2-aae7-c7ea76c05cb3,,2026-06-01T04:28:52,declined,1100,insufficient_funds
e0ce4508-7437-414f-b5a9-4ac0e1c5bca1,10c7e0b5-4c90-4554-8aba-adc027a5145b,,2026-06-12T09:47:11,declined,3000,fraud_flag
75615f48-482c-47ed-bf1f-b6c9821c5039,f74a0cf5-670b-4f5c-a663-abe3c9ef7705,eb3c3c10-14c9-4d98-b5da-ad81d5c998b9,2026-08-03T21:31:08,declined,3600,insufficient_funds
c6f40e79-a1f8-4840-a9c5-f05f4476bde7,4801882b-10bf-4e47-a62e-6c8e63f6018f,0f47f0ef-7251-4b54-8c1e-e478bc2c81e0,2026-04-20T02:01:33,error,1100,gateway_timeout
34b0d885-aeae-4338-a17b-1e56eb5ef574,3ea3296f-1614-4dea-b0db-84e6a88917f6,7646ba9c-3944-491d-b5bb-1eca0c3358c4,2026-05-19T02:41:10,declined,2200,insufficient_funds
ee268826-5f76-489a-9c9f-14fdee118edb,dff2d262-fbdc-4754-b3bf-85788aaad806,,2026-07-22T15:35:25,error,2500,insufficient_funds
53139180-0ab5-43ae-96fa-e50b0656f139,bf7ab878-ca2f-4901-a84b-26617145c3ce,4af2d594-a92c-4069-8bd2-bb60017d46fb,2026-05-06T13:37:39,error,1000,fraud_flag
dbc37f82-6ae5-44dd-bcd5-2118a0a64e80,ec910fef-bffb-40a8-8eb0-129a321eb998,da41d79f-1800-43e1-a767-71dc66264676,2026-07-29T10:34:35,declined,0,insufficient_funds
722acfc5-1217-4bb3-93a6-41c03c11ebac,2515bb39-7d94-4da2-a19f-4382651227d9,0c2756fd-4b59-4041-af2e-cf3a6fd39734,2026-03-29T09:53:09,declined,1800,fraud_flag
98fac1f4-5398-4800-94e7-b028937e9e95,0b2ee4e7-13bd-4dc2-a38d-689f2bafd1dc,d9a2d1c3-9fe5-425e-85fc-883a2f5b13b2,2026-08-02T14:16:17,error,3400,insufficient_funds
230359db-7b98-464a-859d-cd57853337d9,360f4ab9-2206-4667-862f-5f7d0d56c48b,,2026-04-08T07:09:27,declined,1800,gateway_timeout
6a2d2305-bd46-49ee-b398-96fe159990c4,ac5bf1c5-02a7-48f8-b6a5-42f0441bffd6,,2026-02-28T11:35:17,error,1100,fraud_flag
6ebd0281-d632-403d-aae5-7a51f4eff84c,794df5c4-3eae-434f-a462-5a894d4bbdef,,2026-04-25T17:45:55,declined,1700,card_declined
3ba12ba3-7168-49d6-bb31-723652dfef7d,bc0416d3-875e-4642-85d8-44c6a6e04830,b0234ab6-1ce8-46eb-b474-e4221833f226,2026-07-02T12:44:02,declined,1800,fraud_flag
40721249-f23a-40e3-8cf1-745052080c3c,85e6ffb3-d19b-4812-93da-b6fea7c5f603,,2026-05-30T04:14:13,error,1800,card_declined
2ef88e27-319a-4b5e-b87d-eacf8821315b,cd5401f1-b46e-4f21-84c9-577016773cf2,,2026-06-26T20:56:15,error,2300,insufficient_funds
7a3bfd4d-d5e8-49e1-a793-4ccc1e549e14,35b31084-5922-49fa-9ca8-a3b71c6765f0,,2026-05-19T23:26:39,declined,1200,insufficient_funds
52149a92-6a76-4644-b28d-4bfde36fa83b,dffccb4f-80ed-4f1f-887c-2a3551a5f2f1,f67fd91e-63fd-4e3e-9ea5-d386dfba8b9d,2026-07-29T13:37:36,error,3300,fraud_flag
3ad74aa9-8e0b-480a-8de6-49ce5dc1bd12,ee12aecf-b0cc-41b9-a46a-994e7d0aa968,,2026-05-27T03:57:43,declined,1000,insufficient_funds
d7820ce1-c5f2-4f82-8c78-b73b1d8009c1,df56932f-26f9-4895-93d2-a721a2a2c51c,cd9749b9-28a0-431a-b756-f1e4570dbbac,2026-08-08T11:21:16,error,2400,card_declined
011a0760-bf80-4098-bcae-ef94bf2e912f,b0eabf82-56dd-4276-9982-6e109a6c3cde,,2026-02-28T13:51:07,error,1100,gateway_timeout
