id,review_id,customer_id,vote_type
22dbaf9e-89e9-456d-b711-99148c4fe3f6,314c97b2-0644-4480-b2d4-42239539827f,f8b1caa2-10e7-4302-963a-252a15b4a714,helpful
a2f26747-97ef-42d1-aad1-5969dda85362,314c97b2-0644-4480-b2d4-42239539827f,13ae1187-ebff-4588-bbf0-db26b1bbb598,not_helpful
3af1b946-df68-47e1-8f40-f579db02e47e,314c97b2-0644-4480-b2d4-42239539827f,e7f5d853-30ed-4302-9303-e11752f57b2f,helpful
854734d5-a224-474a-b751-5db5a559db94,314c97b2-0644-4480-b2d4-42239539827f,13b24541-2c78-41cb-a6b6-e8713ab9a16f,not_helpful
6cdfceb2-e0a7-4e17-989d-ff2ab5513d9c,314c97b2-0644-4480-b2d4-42239539827f,710200a9-2c6c-4f21-b3f1-3ed6aa684fa2,helpful
26886cc7-aa59-4968-b0aa-181fec167a50,cfa57a85-f9c1-43c7-b07d-5c28d885bde4,779b7f09-bfd0-4ab7-a46f-9f6eecb13030,helpful
acb2417b-14fa-45ec-a0cc-926c13f2940f,cfa57a85-f9c1-43c7-b07d-5c28d885bde4,b0382b3d-f5c4-4ecd-9e82-9ec911feb36a,helpful
95af6406-ca1d-4c2c-97de-efa10f7bfeb5,cfa57a85-f9c1-43c7-b07d-5c28d885bde4,36654075-c818-484d-aa9f-b6e8834b1bd5,helpful
6640b812-1ad4-4667-9c6d-c29b669e67ae,cfa57a85-f9c1-43c7-b07d-5c28d885bde4,b0cab1cc-6689-4922-a78f-5c6e1c458cd1,helpful
56a8ee41-a9ba-449d-9ae9-fd6e9baddbd8,cfa57a85-f9c1-43c7-b07d-5c28d885bde4,c912d33f-5dc2-4ec9-a126-34b598046705,not_helpful
5f094825-81da-4363-b791-e857da9240fd,cfa57a85-f9c1-43c7-b07d-5c28d885bde4,167ce993-af12-4071-a5cb-fb3f09045741,helpful
d0b156ce-3783-4944-b91b-57305804307b,cfa57a85-f9c1-43c7-b07d-5c28d885bde4,64e25b29-1b93-4db3-a929-7fb7183288be,helpful
93560b1d-1990-4d92-9adf-2998596e9158,cfa57a85-f9c1-43c7-b07d-5c28d885bde4,c50959f1-d990-44ff-837f-4062c769ae54,not_helpful
617da9a9-4a54-404b-ac11-7529beb5a004,cfa57a85-f9c1-43c7-b07d-5c28d885bde4,6d83b2dd-2590-42ba-8d66-d65101b1a517,helpful
30b4d13d-82c4-47c4-9825-375e5dd5f91c,cfa57a85-f9c1-43c7-b07d-5c28d885bde4,598904ac-fa48-43af-8fe9-41388451ae53,helpful
19c87f55-f861-4ccc-9874-81944b0f0358,6df5e9ec-1654-42b3-80c8-aabc606d201d,359c05d0-e19d-463d-b3b4-43a0b4a3810f,helpful
aba74381-7518-4b75-a4da-111423b0451d,6df5e9ec-1654-42b3-80c8-aabc606d201d,6fcd3399-b9d5-4ab0-9d50-385be83fec9c,helpful
7760a6db-21a2-4fd4-a1a2-de9850f79f16,d9acdc77-aa12-41ca-97a8-60deedd0eea1,a30edde1-4a46-4acb-905c-013e285a8101,helpful
5bff3ab5-e49c-4de5-8655-4b7d7506c5b7,7bccab6c-2957-4751-ab4f-9313524cb629,8cf43099-d49e-4e95-8b08-3d61df8b947f,helpful
edaccead-598d-4a7e-ace6-060f0e698012,ada1f944-ab5d-4a33-a6e7-6c96e620f415,86fb0f27-e52e-40a4-8499-5f1610574213,not_helpful
dce58ee1-14e1-4bbe-895e-c4fcdafd3a23,ada1f944-ab5d-4a33-a6e7-6c96e620f415,6d24a27b-89f9-4e69-8c83-6f87ce5b6d33,helpful
fbe98705-c6c6-4045-8f86-a92b46cbc37c,ada1f944-ab5d-4a33-a6e7-6c96e620f415,b08f3b44-9c9f-407f-a89d-961068f5f58c,helpful
ed0dc960-329a-4f20-bd36-9b1660992f60,ada1f944-ab5d-4a33-a6e7-6c96e620f415,861181e6-5d97-48a8-bbe4-226caa976140,helpful
a34a333c-7e3d-4261-8a25-b7beedb840ce,ada1f944-ab5d-4a33-a6e7-6c96e620f415,848c50eb-5e2a-4b53-b6b9-751bfad107b7,helpful
ac34568b-876d-482f-909d-c6714c76b759,5e42cb15-ae08-4369-8ccc-60d683c5f346,f03fb49f-283d-405e-bf8d-52046ca6e77d,helpful
2b30bfc2-7073-402b-8de8-4c7b23e25422,5e42cb15-ae08-4369-8ccc-60d683c5f346,43df30db-068d-40fc-8576-7e2f6e62f2f6,helpful
7960f78f-3a45-4f4f-8bae-639ee7c05987,1529dadd-a81f-4d25-b1b7-4916f0b0d6b3,22dc524c-5b2b-4982-a2a7-2a5f5a5b9ca5,not_helpful
fc80622b-3f8c-4a38-a8c5-9d3a4deafc34,1529dadd-a81f-4d25-b1b7-4916f0b0d6b3,485b6c22-4f0b-4e0f-bfba-0c9d38a0122d,helpful
949dd3c0-17f8-48ab-9ecc-124586bedac1,53eb315f-4702-4b4b-858a-3ba5a0b8f318,41b09fe3-c0bf-4484-bc20-f48aedb5e7d5,helpful
9ce7245a-0534-4564-8199-3a8d02a6e0ca,53eb315f-4702-4b4b-858a-3ba5a0b8f318,10687c1c-9437-400c-a604-0e19882c65e1,helpful
af97b6be-ceae-4a61-8c6b-6cf472bbe15a,b5e43cb6-1cbb-4e30-b8c0-9486959bf33f,fe21b6ad-ebab-42b3-b5ed-ad3529036009,helpful
920f7be1-f1ab-4e0f-aebf-e61267fcf57b,b5e43cb6-1cbb-4e30-b8c0-9486959bf33f,ead66f31-3437-42c5-9145-8281898ce326,helpful
ba465765-8722-4f59-86a5-081eea131be7,7c6ce019-5dea-4981-ace2-b0d067a8bc2a,d7af9974-5b4c-4c70-85c5-1f7ff782da88,helpful
2f6707f5-5ecf-4dab-aa22-32eb0204a6c9,e99395c1-a3f0-4bc4-b9a8-6bcd2eae0457,758b4602-0ce0-440a-9584-ad59ce4216ad,not_helpful
b1622dc2-fd20-4aeb-9dcc-cafd41440e44,e99395c1-a3f0-4bc4-b9a8-6bcd2eae0457,2ef9867e-e76c-4d07-8089-7935ba03ca03,helpful
a7096e4a-aacd-4392-af5c-8a5c24d25697,cc67d66d-eda8-4f4d-8bda-9f9529492be8,a59ab98c-fe50-412b-aa83-a693a561092f,not_helpful
84a85650-32af-404e-9665-ed6bd3f8fbd0,cc67d66d-eda8-4f4d-8bda-9f9529492be8,b0581066-18c7-4fcf-8fa6-a671cb141ca5,not_helpful
056017d3-8320-4871-ad80-0962f95fae4a,de5b7977-4d11-4f8d-ba05-ff8cba4a504b,b8ccafb8-eae9-4e35-beb2-afbc3cb9690c,helpful
fc2930cc-eb9e-4b81-85c2-48e335f4658f,de5b7977-4d11-4f8d-ba05-ff8cba4a504b,42748981-2a95-4e95-91cf-9844c8aa9c69,not_helpful
a2d8ff2b-22be-4e90-abad-23315900cdd1,de5b7977-4d11-4f8d-ba05-ff8cba4a504b,2068f48f-4c39-4084-81d1-95af149d8547,not_helpful
ad16c39f-2ee0-4f1a-83fd-dafe6aaad9dd,de5b7977-4d11-4f8d-ba05-ff8cba4a504b,d51ebab3-97b1-482d-9ccd-7368f01000f7,helpful
99733816-deb7-4c9b-b84f-2e335a7d5d20,de5b7977-4d11-4f8d-ba05-ff8cba4a504b,dec2b1be-3447-4044-b4e3-17848dfd390e,not_helpful
2b545d90-3f6c-4887-8b25-677f4f0638b0,de5b7977-4d11-4f8d-ba05-ff8cba4a504b,4ba2a669-8d0b-4aef-96c0-aae24b7711ff,helpful
8ddeaca4-5b62-4e99-89a2-a0f098c5517d,de5b7977-4d11-4f8d-ba05-ff8cba4a504b,e0cbd2e1-eee7-409c-9cf1-707eb4f867ce,helpful
352863eb-9280-4c8d-97e5-bef4c92a9a56,de5b7977-4d11-4f8d-ba05-ff8cba4a504b,cc6e430a-d0ba-4c08-8809-84cbb2347a9f,not_helpful
9d417537-ee2a-41b0-90c5-f67f87d54b46,de5b7977-4d11-4f8d-ba05-ff8cba4a504b,5c3c91f4-9d48-426f-9862-e165bf8f616d,helpful
19dc8f8a-d3fd-4a8d-8881-d50210010621,de5b7977-4d11-4f8d-ba05-ff8cba4a504b,187d49e0-634f-4e10-a10c-3b0be7408be0,helpful
0f720862-7a4f-4975-b970-9b5019575e85,fd5ddf14-592e-4c85-bc93-cc7ab41fec5c,4feef355-aeb7-41f9-a391-7f991eeb7b15,helpful
fbbaa627-8ce4-4323-b048-e4c780f8a276,af648c08-7a91-4263-af8a-3b1a328d1398,fd12529b-56bd-40cf-a742-a90ad36add5e,helpful
fd719dbe-0c98-4f6f-86b4-9ea84beaee63,af648c08-7a91-4263-af8a-3b1a328d1398,5d59a09d-7696-4e1b-a171-abe3b79fff2d,helpful
c69eae9b-52cf-46b6-a19d-0e06103885c4,e3ac6e8d-d4d3-4561-922f-a02c106db9c3,5b070f80-9227-43fd-951b-4c758d20070e,not_helpful
5ad5ed79-c72f-45fd-a04c-ad76b0b0e451,6ad26759-af91-4338-a269-832726645329,f459a5e8-b280-49fd-904a-3cd3746f4f16,not_helpful
695095b2-e43b-4d1b-b2a4-82137259f125,6ad26759-af91-4338-a269-832726645329,f84190e8-5c4a-4bec-be4d-2e554dd46614,helpful
5680cd62-ed37-4c7e-953d-084dda494db4,472cdacf-e9aa-4eae-aa1d-b590116039db,367f1e9a-938e-4d15-8ec1-50ce91fef6ce,helpful
24026052-cb26-4dda-9dea-fd706ad3a183,472cdacf-e9aa-4eae-aa1d-b590116039db,e6debecd-a5cf-4ced-957e-7fb31720480c,not_helpful
6e3047d7-5ac9-4862-b41e-6ad5a8e17469,472cdacf-e9aa-4eae-aa1d-b590116039db,17e24a9b-119c-4ea7-a53a-bb757c70ad0a,helpful
91198537-049e-48c1-b427-c3da39182c97,472cdacf-e9aa-4eae-aa1d-b590116039db,848bb1e9-3367-4758-8f73-e886fadfadab,helpful
7746d5b6-64bc-47cb-8042-3ce00349c668,472cdacf-e9aa-4eae-aa1d-b590116039db,0f1df561-31c0-417e-909b-4b054c45baaf,not_helpful
e13c1115-c151-4aee-b213-f51fc29addab,fa050cb8-a110-41b3-a2fb-424107162c65,254a6b6d-5dcb-4d20-88ce-e2e448935a93,not_helpful
d7d7a2e5-349f-44be-85e2-37414fbcbe15,fa050cb8-a110-41b3-a2fb-424107162c65,73b79064-9e0d-4b3f-87d0-6ab33593b492,helpful
69269fbb-24f5-4c7d-9898-ac7609a165e2,fa050cb8-a110-41b3-a2fb-424107162c65,11498734-cebc-4784-a055-6bd08a18f1dc,helpful
f88c36b1-2d0a-46e9-bdf4-bc233978cbaf,fa050cb8-a110-41b3-a2fb-424107162c65,bbce772f-b9b7-49f2-b79e-fa5d953ced6b,helpful
65c12570-57f3-46bd-98c3-36e4e0221339,fa050cb8-a110-41b3-a2fb-424107162c65,83967256-31c2-4fcb-a61d-2378ac6f1ad6,helpful
1be31970-8ebc-45df-81b5-b7d7297a59b0,fa050cb8-a110-41b3-a2fb-424107162c65,d4d6e685-70a2-49ea-b511-383a54d18cfa,helpful
508b5a50-71fe-4497-af6e-940a2d7624df,fa050cb8-a110-41b3-a2fb-424107162c65,5bbca380-854e-47a4-ae5c-fd631650a115,helpful
550d19e1-11c6-4ff7-aef1-e2cb098f993d,fa050cb8-a110-41b3-a2fb-424107162c65,117c9a65-4a4c-494f-8a54-64305d57c551,helpful
e88ad524-7d4f-4efa-8f7c-f3fc8839910f,fa050cb8-a110-41b3-a2fb-424107162c65,710200a9-2c6c-4f21-b3f1-3ed6aa684fa2,helpful
7975dde9-94d1-4010-bb0b-c99f2c280f33,fa050cb8-a110-41b3-a2fb-424107162c65,d5e5a6a6-cb8d-4d62-8551-298dee7f1f9f,helpful
cc3b9224-8fa2-4869-86ff-6ef42a7556a4,cdfbbd54-c58e-40df-8279-a23cbea4e54a,18e7baeb-a66e-4a7d-882d-355810698bc3,helpful
00612173-16ac-4c91-8d99-534ab0bb410b,cdfbbd54-c58e-40df-8279-a23cbea4e54a,4ba45839-9bf9-4071-b1ca-52719a49c9fa,helpful
39c9bcd6-ccf2-4a6d-92d1-3c17b23b74b3,6b30777c-391e-4f9f-98c4-3b10ea7fbc2f,d64805ac-2294-4438-af7d-1f1483e8fd7b,helpful
5691c610-beb1-453c-a28f-3faa2c88e3aa,6b30777c-391e-4f9f-98c4-3b10ea7fbc2f,62e44a82-c99b-4d04-9abb-f6a2eb97c7ec,helpful
b2f03dd4-77b1-4339-a3a5-a15bb833eecd,6b30777c-391e-4f9f-98c4-3b10ea7fbc2f,d1a4b7a2-e152-4377-ad2c-08cb61ad6688,not_helpful
438b9463-950b-4232-96fe-e26415e6caa7,6b30777c-391e-4f9f-98c4-3b10ea7fbc2f,8e6a03da-15e7-44e8-bec1-426b65edb389,helpful
a0d4ee1c-fb71-4613-b2a1-d2237728dc5c,6b30777c-391e-4f9f-98c4-3b10ea7fbc2f,e4adb740-2faa-44fc-bc18-4aa698032414,helpful
df35cc17-754f-4bec-9a20-9c76d1ab4ef2,eb3c546d-5f9a-414b-9ef9-7b7cc59c2ebb,dccd3e5d-2076-4fc6-aa79-87579e134ce1,helpful
2741f78d-6085-4373-914d-7653b1f51bdf,3ec62aed-fe77-4656-80b3-2d6722483bdc,6f80c5c6-04ed-4548-83b7-aee06e3700c4,helpful
de152307-22c2-4a6c-a71c-9732657e51c3,3ec62aed-fe77-4656-80b3-2d6722483bdc,b6b6f9ac-f08b-4ef6-8e52-a2c0bb49b17d,helpful
5041b962-0bee-481d-ae16-c95d581adac1,03173f3a-0ac8-4a87-a72c-4012e2abb9b4,1439dc05-4ab9-4995-90c7-d9437ae94f50,not_helpful
606fc847-e8c9-48ce-bd50-2fd3e38b88c0,03173f3a-0ac8-4a87-a72c-4012e2abb9b4,a30edde1-4a46-4acb-905c-013e285a8101,not_helpful
0c5e008c-682b-4590-96b2-fdf3f348bcf4,03173f3a-0ac8-4a87-a72c-4012e2abb9b4,7863e37d-24c8-4e18-8730-ea7e2a65606d,helpful
365d076f-0cad-486b-b41a-8e652dea7fea,03173f3a-0ac8-4a87-a72c-4012e2abb9b4,8aff4c2d-48b5-4b85-bf21-20ad95d18b6c,not_helpful
373c4a85-20c6-4a31-97bd-84f1d4cce4c3,03173f3a-0ac8-4a87-a72c-4012e2abb9b4,c9d0d7ff-0b5c-4b60-ac5e-0389909cf62a,helpful
3180e85d-70f9-457e-88fd-a2fbd5dc81b4,54c419d3-c720-47b4-a99a-488787cac7dc,8ebb4b7d-ed19-43be-a647-6c3a9a6a166a,helpful
dd7cbded-677a-44a6-b612-c2ec16a008b5,54c419d3-c720-47b4-a99a-488787cac7dc,2a0095cd-099e-45f3-a8ed-241dbe5cde18,helpful
c678056a-f4ec-4781-a39c-038d8f618f54,54c419d3-c720-47b4-a99a-488787cac7dc,7bfeca78-8e06-4644-9d0b-1470c32aa9e7,helpful
c0320a9b-08aa-40ce-93f3-8db46d33e7fe,54c419d3-c720-47b4-a99a-488787cac7dc,847d46dd-9721-4351-8bef-5c2292b57d6f,not_helpful
deff3c8b-bd05-4dcb-b2d1-d2d5ece3df8a,54c419d3-c720-47b4-a99a-488787cac7dc,cd67e795-f5fa-470f-9a4f-4060d5951279,helpful
9e83eb33-4ccc-4793-abef-a9270310d16b,54c419d3-c720-47b4-a99a-488787cac7dc,b66b0e13-b74e-40e7-b3e7-1583f2f08a9b,helpful
76a0cf56-7925-42b1-9981-802d863382a6,54c419d3-c720-47b4-a99a-488787cac7dc,3f13d579-3df8-478c-b978-eec7255facfa,helpful
53cb8852-b91b-4ecc-8858-11e6278cd451,54c419d3-c720-47b4-a99a-488787cac7dc,c5dde410-2c70-486e-bb0d-974b2798825b,helpful
fe17eb9f-648e-429b-b5c6-1a16b60f13cb,54c419d3-c720-47b4-a99a-488787cac7dc,1bcdbd0d-0e2f-4fdf-a8d5-214d3b49c7e2,helpful
44390cad-5e77-4945-a937-c992c59fde4d,54c419d3-c720-47b4-a99a-488787cac7dc,34ec60c6-4248-4ad1-8dd9-759b309578a4,helpful
d216ab61-487e-4468-993d-4b74a3f3da28,571efe88-a27b-4971-a5c6-ddae2cb358cb,2e0d6ce4-794d-4494-bd1d-f44dbca8683f,helpful
08993af3-88ea-4354-85ad-8926850a6ff1,571efe88-a27b-4971-a5c6-ddae2cb358cb,dec2b1be-3447-4044-b4e3-17848dfd390e,helpful
dd0d5673-74a4-4405-a82a-faf7bc58a2c9,571efe88-a27b-4971-a5c6-ddae2cb358cb,a30edde1-4a46-4acb-905c-013e285a8101,not_helpful
5a83bfae-8afd-41e5-81b2-6a512ff98bb8,571efe88-a27b-4971-a5c6-ddae2cb358cb,438005c2-dd1d-48aa-8bfd-7fb06851b5f8,helpful
e80fcb4f-57ab-45d9-8ae9-1f3d995d4a59,571efe88-a27b-4971-a5c6-ddae2cb358cb,5f8c9b91-24ee-43a2-b758-fece4c2fd787,not_helpful
1b4e5d67-f18d-476a-b89d-1b787a07d648,571efe88-a27b-4971-a5c6-ddae2cb358cb,e8da2040-0489-4880-a881-ef127727f204,helpful
6ce92bb7-1cd1-4da1-a8f1-f53b2960db1c,571efe88-a27b-4971-a5c6-ddae2cb358cb,099dd9b8-0a76-482f-92e1-f754d25d5aee,helpful
92da2c16-58b9-461c-8944-d528dcdf62b3,571efe88-a27b-4971-a5c6-ddae2cb358cb,87fc5559-9d20-4780-8c0e-b7c248cd6236,helpful
1d3577b2-87a2-42a2-8b24-137637e0341e,571efe88-a27b-4971-a5c6-ddae2cb358cb,4da311cb-8e0d-487a-8fdd-4a94529db3e4,helpful
5ef6cabd-a0ca-4e38-82c4-5c6bb4b09183,571efe88-a27b-4971-a5c6-ddae2cb358cb,1826e2e6-ccef-4719-8707-4c18ec953356,helpful
1217da30-02e8-451a-95f7-a071b5cbc2a9,876bbb67-e665-4b8f-8a50-7d8333fe5c66,189edb91-3f25-4f32-bfb4-64bd4052cb1c,helpful
de02c20c-5860-4b97-b080-a0c0ad6a97c1,c38865a2-02ad-4f08-a8a7-665fc7773c04,7eaca096-c253-48ee-936a-8ea930759d59,not_helpful
4bd04cca-3192-4514-8db2-0e994a220a87,c38865a2-02ad-4f08-a8a7-665fc7773c04,03a59f85-596f-4b87-9ab3-5f1a84f37beb,not_helpful
b75cdb3e-da1c-46ad-8ef4-ae4712c640d3,c38865a2-02ad-4f08-a8a7-665fc7773c04,bab8979a-8cd9-477b-bbd7-2e1dbab88437,helpful
7df6870e-72e7-4fd1-b115-bd4eaea55f62,c38865a2-02ad-4f08-a8a7-665fc7773c04,adf0d9db-c6a0-4226-a93f-30482ccd9d28,helpful
66e1b27e-c622-4f48-acb5-37f00d552184,c38865a2-02ad-4f08-a8a7-665fc7773c04,a4bf9059-6cd4-4e62-9a86-ff20975d7434,helpful
ede05bf9-0156-4ea1-ba6b-162d96972370,664bff90-55c0-4546-9b21-0395d237826c,47334d60-a9ec-4cf6-8af3-a2d030a6062f,not_helpful
9eb40376-192d-4866-867c-cc09e6ca1df4,664bff90-55c0-4546-9b21-0395d237826c,b66095e0-346f-477d-8c25-3b70d4dfab70,helpful
ac246032-d923-4279-b8a6-182f0c7bf42a,b0f8b09b-9e70-4d3b-bd54-e4812b873e8a,8f06b288-f9eb-454f-adef-47f12b7572d7,helpful
8d66144c-1ccb-4e34-841d-b3ce55750cd8,67e5fbc3-6c67-433b-9ae8-d06d6bc629a2,f8486fce-bc07-4a4f-a6e9-ed6a06ba996c,not_helpful
9bb35a72-be63-42c9-8557-4a7c019b7d15,60750cd3-b9e6-46a3-8db2-5375a22a28e5,5dbe3a93-bfd1-48f7-8040-dacc81b641f3,not_helpful
ebc3b5ff-d3a5-4ff5-8718-614c43934ea5,60750cd3-b9e6-46a3-8db2-5375a22a28e5,5e3636fd-a0a7-44c0-96e8-3d906cdbb119,helpful
57c477ac-5fbe-4999-99ab-4319a3c3f2cc,dcb72a2e-47b6-4658-8b89-332f7bcedc89,aa006c1b-6b97-4f02-99a9-57923d13eb8f,helpful
92dce557-0882-4687-87d6-e62942f5eabd,2f1e796c-aa5c-4048-9401-fb924606042a,167ce993-af12-4071-a5cb-fb3f09045741,not_helpful
0d33f9c9-9611-43ee-bda4-e407fc98515e,0540d72b-9691-4c09-948f-3aaff60519d5,8252af4b-fdbe-4139-b9a2-de4ceb670886,helpful
dcc0e931-8668-4d01-b17a-ffa53fe107f5,974bfca0-2953-49e9-98e8-389803753548,b761dca2-f8ff-4709-b645-9b0591dfa353,helpful
1fc0f52d-b23b-49d0-bbd0-306967020305,974bfca0-2953-49e9-98e8-389803753548,0206c59d-8464-4845-9680-9463df25efd9,helpful
c3c1d089-cd11-487e-a521-fd452b6bc5d3,974bfca0-2953-49e9-98e8-389803753548,117c9a65-4a4c-494f-8a54-64305d57c551,helpful
a0fd245e-c108-476e-ac90-b5b8842ecb64,974bfca0-2953-49e9-98e8-389803753548,b66b0e13-b74e-40e7-b3e7-1583f2f08a9b,helpful
7e912934-a1d7-4831-93e4-c9865ee6bd96,974bfca0-2953-49e9-98e8-389803753548,b8cf5c4c-27e2-4106-9058-eb38559661e0,not_helpful
2e819629-0ca8-4bd0-b7fc-42257bee2bdd,974bfca0-2953-49e9-98e8-389803753548,c6abaffa-11df-4987-9806-71dced92f534,helpful
bbf7eb12-0ddd-499e-b48a-3bda5f9a8a99,974bfca0-2953-49e9-98e8-389803753548,ea224baf-b892-4ba2-b9f3-d14cc512820c,helpful
29ef0748-1d50-403f-8034-9dab95ccd27d,974bfca0-2953-49e9-98e8-389803753548,6bb94756-3d64-40f4-9ecb-bc26ede41625,helpful
750c9112-d660-4d32-a2de-6b5bd1bcdba3,974bfca0-2953-49e9-98e8-389803753548,a3f993fd-aeaa-43c7-9e5c-9ad7b7c0f8d9,helpful
5edbbb2e-5226-4bca-8090-b666674feaa7,974bfca0-2953-49e9-98e8-389803753548,bab8979a-8cd9-477b-bbd7-2e1dbab88437,helpful
4c67a6c6-4324-4a4f-9728-fa871e95c4f5,f1f658ec-c044-4fea-ad21-bea3027d66a8,612533b6-7eaf-45a2-b9d4-06192ce5620e,helpful
2f035247-9b6e-47b8-8e50-912845ea09dc,f1f658ec-c044-4fea-ad21-bea3027d66a8,69f9f173-1ee1-4ba2-a1be-005dc5f305fd,helpful
52cb94fe-9b77-45ff-aa83-ca54256622ba,681597e8-f125-4c95-8b54-f82d1f4d3b94,f4835f98-d82c-487c-8788-26a05c249db0,not_helpful
cf37746c-4420-49a0-9f59-8897c9ed88bd,681597e8-f125-4c95-8b54-f82d1f4d3b94,4da311cb-8e0d-487a-8fdd-4a94529db3e4,helpful
4effe966-9e8f-4342-b185-f624ebcd169b,681597e8-f125-4c95-8b54-f82d1f4d3b94,b2263d08-d05d-4240-a470-6fe31527b9d2,not_helpful
9067b7d5-8e54-4b69-a8b6-420ee4e73cea,681597e8-f125-4c95-8b54-f82d1f4d3b94,fa2a460e-af12-4197-b38d-d2822d96e879,helpful
5f5bf71b-f2a5-4eb5-a234-9121f8cace15,681597e8-f125-4c95-8b54-f82d1f4d3b94,66975479-1eec-445e-a34d-78b59cc44f64,helpful
acc7b76f-92d0-4ea4-8bd6-22f34deef404,2ab456f7-94e3-4102-8e55-7ef7c51aa797,547f74d3-e5b0-4e69-a707-74acc44f122c,helpful
5677c288-4806-45cd-a69f-e2768e8db6bb,2ab456f7-94e3-4102-8e55-7ef7c51aa797,efc6a229-f984-41c8-b741-83d9a46c5fd1,not_helpful
87e6edc2-9eab-4b8e-91d1-822e0bb0ea5a,a23641c0-6dca-4961-bbba-330207849c78,2ba287a4-72ee-4028-bc13-39a65e78db4d,helpful
23095dc6-ed40-42b7-ad3c-038eeaf20141,c78d177b-d73e-41de-a418-fedf7afc529b,c404f9e5-cfcd-428e-8459-c1e1fd0d586b,helpful
bd70ac2d-f777-492e-a381-f87752355fd3,c78d177b-d73e-41de-a418-fedf7afc529b,0d78df79-b2dc-4cea-b7a0-712c91c0433d,not_helpful
cde23a17-a1c7-44d8-8d49-3f722c9da6b3,c78d177b-d73e-41de-a418-fedf7afc529b,d6cf7caa-9dd8-48c6-b4ee-5a02f62bb280,not_helpful
990596f5-9a58-4462-bdb1-224a4c31a0c7,c78d177b-d73e-41de-a418-fedf7afc529b,239409e0-b3ad-4bf6-ba7c-08628ee3cbee,not_helpful
3450cb2f-16a7-4fec-bf6b-a2aec85f6bc1,c78d177b-d73e-41de-a418-fedf7afc529b,e7f5d853-30ed-4302-9303-e11752f57b2f,helpful
798ccd9e-11a5-442a-912e-97a8adf3ec6c,c78d177b-d73e-41de-a418-fedf7afc529b,7b971d80-7566-4bfa-93b7-b87270c4b732,helpful
9a7c8b68-9582-434c-9ffe-cf24a0e525a1,c78d177b-d73e-41de-a418-fedf7afc529b,5484b02b-221a-4bbe-86a3-3eccdcf8d2ae,helpful
dba4b22a-3737-4fff-916c-88de4e7eebdd,c78d177b-d73e-41de-a418-fedf7afc529b,bbffd265-99c5-491d-a03e-fee1fec9e123,not_helpful
12e04b83-f2c5-4fc7-b530-66b7575e5dfc,c78d177b-d73e-41de-a418-fedf7afc529b,acb70464-ce97-4c94-a4bf-b165bd1b2fed,helpful
65824773-9ab5-4202-b464-dde7957a6097,c78d177b-d73e-41de-a418-fedf7afc529b,2a0095cd-099e-45f3-a8ed-241dbe5cde18,helpful
b944dda4-3055-47f5-9588-656a23a8e212,92b74c50-c110-41aa-b122-6819be3790ed,a4c57aeb-c65a-4a1c-954e-acc7a7ba7c74,helpful
466722ed-f577-409d-8176-45ae40db7af6,92b74c50-c110-41aa-b122-6819be3790ed,fe21b6ad-ebab-42b3-b5ed-ad3529036009,helpful
15d1385e-6b93-4c5a-90b5-0c90c4d09007,d7069ced-0b88-4b3f-9690-0e2699128d9b,661d2fc6-9fa2-4c79-9d19-44c73cb68448,helpful
e7df2fe0-c4ae-48a7-b5d3-130e3832dac5,d7069ced-0b88-4b3f-9690-0e2699128d9b,367f1e9a-938e-4d15-8ec1-50ce91fef6ce,helpful
b0112bb9-66c1-47be-912c-871ae3dd6b37,d7069ced-0b88-4b3f-9690-0e2699128d9b,c404f9e5-cfcd-428e-8459-c1e1fd0d586b,not_helpful
66507f06-2b7d-4b9d-bf6c-459b5eff3cd7,d7069ced-0b88-4b3f-9690-0e2699128d9b,953ad96a-103b-4460-a3b5-14b78403eb5d,not_helpful
57b29835-d02d-4bc1-ad79-d8aabe71d2ee,d7069ced-0b88-4b3f-9690-0e2699128d9b,a5781cf5-d32e-4370-b0f8-4f229bc0efa4,helpful
32e881f2-1641-4a8d-9694-8316ca3f51fc,9344573c-b229-49ac-87f2-fd6d1b16a11c,8d5d45b6-2bf0-4380-85a0-b73fcbc86e94,helpful
38021cb9-179f-4704-a8dc-f5f8945e5779,9344573c-b229-49ac-87f2-fd6d1b16a11c,e6173937-b216-46db-b863-ec7526285150,helpful
0a79a7ce-51d2-4363-9584-429298376eea,9344573c-b229-49ac-87f2-fd6d1b16a11c,1233e680-06d7-4b38-8c6e-796ef158556a,helpful
0e2ad3b3-54bf-4227-b276-a64827979b78,9344573c-b229-49ac-87f2-fd6d1b16a11c,16e8d4f8-2451-446f-a254-3bc68e40621b,helpful
71b02b84-86fb-4898-ab0a-f369dafd55f9,9344573c-b229-49ac-87f2-fd6d1b16a11c,9db0e79f-fdea-4290-ba7b-114141f33d1f,helpful
70daefd9-9470-4878-a75d-a2d1e861ad55,9344573c-b229-49ac-87f2-fd6d1b16a11c,67f25b4e-183c-4a43-9227-09966e445b42,helpful
789b249c-3ae7-4f58-8b93-5a373c4846d7,9344573c-b229-49ac-87f2-fd6d1b16a11c,85e030d5-7bbc-494b-baab-665c95549265,not_helpful
1ce2f6cf-adf3-4d8b-bbea-1b9a45c47e2f,9344573c-b229-49ac-87f2-fd6d1b16a11c,0e105436-465e-4326-94d3-f6a0e7051725,helpful
b19792bb-f83b-4bf4-8a79-ce9f886c8418,9344573c-b229-49ac-87f2-fd6d1b16a11c,0000bd8e-496c-42aa-9430-fea7f9bd6a96,helpful
be56202f-551a-4e53-9f66-5ca9b67dc0af,9344573c-b229-49ac-87f2-fd6d1b16a11c,bde10f4a-86e5-45d2-b176-3ec1222265c1,helpful
7fe8b836-45de-4d31-9a3c-a6577cd1f38a,d16e19b8-4a7a-44da-b365-815498331f9c,76d2b7be-1fa1-441b-9de1-97c64d06c646,helpful
92575296-c8ca-4dfb-9fc0-5de6c079ddd4,90b196bb-db12-4807-9d24-ffd07672d313,baa48fe5-b7a4-4ea7-8eaf-5387ded157f7,helpful
31fc37ee-7297-4f41-b99e-df2bc12d534b,90b196bb-db12-4807-9d24-ffd07672d313,fdd86eaf-7a5b-4598-9a08-6f4f207743bb,helpful
8ed77e4f-6a9e-4e70-85cd-3f873fe774b7,90b196bb-db12-4807-9d24-ffd07672d313,6d24a27b-89f9-4e69-8c83-6f87ce5b6d33,helpful
fa194b97-37c6-49a8-b7d7-e8ce44579744,90b196bb-db12-4807-9d24-ffd07672d313,1826e2e6-ccef-4719-8707-4c18ec953356,helpful
32bd509c-52b0-40fa-a326-0e351be6bc0f,90b196bb-db12-4807-9d24-ffd07672d313,a59ab98c-fe50-412b-aa83-a693a561092f,not_helpful
ec9229e5-26fe-4c0c-8715-9d0775c0b88a,4c0b6495-5682-4ee7-bc8f-abe4ecd7bd08,1991aaf6-d1b3-45f3-a33b-7a9174d18f8b,helpful
f62b054e-1b68-41dd-bf68-e22a0ed7c6ad,4c0b6495-5682-4ee7-bc8f-abe4ecd7bd08,58491188-36e5-4fb3-ab3b-514e78a270a6,helpful
204a0cee-9d86-41c1-8fb8-5f4ed3f04bac,bd22a1d7-a272-4cf6-bf9f-ba9a2c7321e9,9c98b2d4-f4f3-440f-b28d-0e1ca7a152a5,helpful
48d2b078-ff3f-465a-8755-7bf6709817f7,bd22a1d7-a272-4cf6-bf9f-ba9a2c7321e9,270b35bf-74ca-4601-91d8-16fe5196ca5a,helpful
c5dd2632-7e91-4373-a20a-76dc9ad8f1fc,58dfec50-d6f1-4097-8db6-610eed78a9db,89c10b53-36ee-4f1c-8430-7090dbf04a44,helpful
7b297e9f-408c-47d1-a853-27ae358cc5c2,ee28021d-a306-46fc-9d2a-2cd03ac635bf,69731d27-9caa-46cf-8933-d01e29b20043,helpful
6df5d25d-1606-4115-818d-037785dfdacc,3aa9c756-cd57-40a6-95c6-7924c8d39e2d,847d46dd-9721-4351-8bef-5c2292b57d6f,helpful
75f7a252-c370-4e66-9d1f-4a98afd16d19,3aa9c756-cd57-40a6-95c6-7924c8d39e2d,6aff094b-52ed-46fe-8904-5752ec7e76ec,helpful
1b1781a4-724e-470b-ae8d-12324e3c493d,c15a35fe-a836-4c9c-9c06-6e7da63a09d6,400ec64f-461d-45c5-b45e-b5c8dc21b4e1,helpful
e13f990b-99c3-4662-a464-2226170fc89e,5fed50b2-7a61-4e20-a0b1-ea3a42f63e0f,7b4010bf-8e77-489c-83e9-0056299e9429,helpful
f7102dda-8e96-456f-975c-9635229db23e,5fed50b2-7a61-4e20-a0b1-ea3a42f63e0f,12d19891-03e3-455b-b4f2-7d8f8f6b8f01,not_helpful
b9873c8b-fea8-4c89-b33f-f2389ae65279,64e1c197-e2cf-4e05-8116-bd3ae295a488,83864095-dda9-4a16-ab3a-ba6429fa3dbd,helpful
d29e2153-6eff-45bd-912c-ede3966edf01,64e1c197-e2cf-4e05-8116-bd3ae295a488,bf32ccad-096c-457c-9147-6f220d46e227,helpful
576afd64-9050-402e-b947-6d88c81bd27b,388c8af1-5557-4511-990e-3b8bad0719c9,c1d42cf2-74d9-44b1-a0a2-c85935c413be,helpful
ca5f8ae3-7511-4e46-bc19-6b247eeda629,388c8af1-5557-4511-990e-3b8bad0719c9,625c6012-3c16-4c27-ab0c-a8512e488ad7,helpful
6f74aec4-c1aa-4491-ae69-c4347a0ade04,351a7042-7604-4697-8e64-e33904a901ae,5a056723-8fb6-4708-ba04-edc4e2854e74,not_helpful
2f3baecb-2e6c-44a5-8f03-aded269d5874,351a7042-7604-4697-8e64-e33904a901ae,5fccc95a-c30f-4525-a4a6-43861baae99a,helpful
255fa945-ba45-479e-8795-80498e0de791,351a7042-7604-4697-8e64-e33904a901ae,167ce993-af12-4071-a5cb-fb3f09045741,helpful
3ed3b898-cb34-45af-bad2-c01cd54b1293,351a7042-7604-4697-8e64-e33904a901ae,3ad60b3b-8b4b-4504-9d49-adfd74fe548c,helpful
ac672ffb-3359-497b-93db-16bfe25fc3b6,351a7042-7604-4697-8e64-e33904a901ae,3e28e5b6-fe21-474e-b5bc-95ac85c187ad,helpful
c67e22ba-6887-4aea-8778-38e5423412a6,517870d6-c486-4c7b-8211-895425b8fb27,4acffd44-9d77-4c09-afdb-e7f93ee5518b,helpful
d818ae94-aa31-4568-97a1-a48ede8c090c,517870d6-c486-4c7b-8211-895425b8fb27,b60e68c2-1b3c-4a8b-a056-a39fb4e6a320,helpful
d521cebe-3e52-4822-9155-04118a3890a1,c96e98a5-c13b-43bf-a961-8bd4623b1319,f6489f0b-4a7a-4dd2-97d4-d0008f662858,helpful
d3efbe7d-bfb1-4b67-a056-0de0bf377e4a,c96e98a5-c13b-43bf-a961-8bd4623b1319,5f22d013-c3f9-44a7-aeba-0975da12ffcc,helpful
c50ce70f-ee46-472d-a1bb-156e00904a8e,c96e98a5-c13b-43bf-a961-8bd4623b1319,67d2941c-ef55-4f74-9994-431a09ee14db,helpful
a389d044-1598-4c16-b175-e1e2a93a1d9c,c96e98a5-c13b-43bf-a961-8bd4623b1319,0a34659d-f0b2-4bdb-bf92-759aea838e90,helpful
0555909a-4183-4b02-aac9-af834e906ddb,c96e98a5-c13b-43bf-a961-8bd4623b1319,b2263d08-d05d-4240-a470-6fe31527b9d2,not_helpful
fc187b35-9467-47c2-8c55-e1f1c0802952,a607ee5c-be25-4444-9ede-2670445084aa,834105ff-e792-4a6f-be6d-fb89b4d75d4a,helpful
931e2292-7565-40d4-be4f-e39e7485c342,a607ee5c-be25-4444-9ede-2670445084aa,84f816bd-12e2-4633-a419-fc80705977e6,helpful
4589ccd4-2d03-4e61-975d-b25aab4507c9,29ab7f85-9b7c-46a0-b22a-d9b193cccc65,8f054a96-7920-42dc-b286-f6980ea8dbeb,helpful
4a1c8e32-b775-4b5b-b5fc-9fb725afd15c,29ab7f85-9b7c-46a0-b22a-d9b193cccc65,5d59a09d-7696-4e1b-a171-abe3b79fff2d,not_helpful
c04a1d6b-8bc2-4f0b-b34e-0b0264d42340,29ab7f85-9b7c-46a0-b22a-d9b193cccc65,9668fd00-799b-4cff-811f-a3e0528d255d,helpful
20a10845-cd3b-4643-a99e-dc8f4d107292,29ab7f85-9b7c-46a0-b22a-d9b193cccc65,fdd86eaf-7a5b-4598-9a08-6f4f207743bb,helpful
2e06eb8b-ca65-4e33-b57d-81cb679c08d4,29ab7f85-9b7c-46a0-b22a-d9b193cccc65,89c8f0cc-3bd3-4bf1-9560-ae8aad1315ce,helpful
017f2a34-c560-4385-ae79-51d3cdc14e10,8205f826-aa9c-4882-9599-d6b1335ddf93,46d34d7f-a3a4-4386-89ba-fa5ac15e5a69,not_helpful
5984b4f1-e230-4e7b-afbb-053a73cf3e48,8205f826-aa9c-4882-9599-d6b1335ddf93,a311b0c8-1b63-4405-8097-09a984512389,not_helpful
9a2fba02-43a3-4d27-aa99-d343e5d64a01,2d11f720-7181-4eb1-9363-fff9b7b7cbb3,6f1db361-6600-4690-8cd8-5520d4257b7f,helpful
2b72c080-6cde-46ef-b1c9-f4fe588fbb90,dd60bfca-de85-4990-b177-ed5ed2db72f4,77475cfc-c7a4-44fd-aa82-b68053aa7540,not_helpful
eef36303-f651-48bd-a2bc-1363755205fa,7aa6222c-cdc2-429c-bc76-35fdaecefa97,12d19891-03e3-455b-b4f2-7d8f8f6b8f01,helpful
46f29470-a5b5-410b-bd61-97aba6c23b8f,7aa6222c-cdc2-429c-bc76-35fdaecefa97,41ca48ad-5cc0-4e25-83df-63d166b91a12,helpful
3d334d8e-d6a2-4e89-ac91-291c1b0321ce,be545bca-254b-4194-9de2-3d8d4cdc997e,d78e6e3f-3ff1-49b6-9dcb-129816aa0ecb,helpful
c4f8be12-9556-4323-8b7b-5d926f9feb9e,be545bca-254b-4194-9de2-3d8d4cdc997e,69f9f173-1ee1-4ba2-a1be-005dc5f305fd,helpful
6bcad23f-3ea3-42b1-a953-2473130dd14f,373c790e-d44a-4894-8239-c5d9e6789f27,265cf9a7-b023-492e-9e62-3896325f1c48,helpful
a4f9438f-82ae-45db-afd2-312753efcf1f,373c790e-d44a-4894-8239-c5d9e6789f27,3cc240f8-bb78-4677-a387-18bb7667c3ea,helpful
28507576-9377-420e-8382-4b19714d6bba,373c790e-d44a-4894-8239-c5d9e6789f27,1c3dc001-75eb-4fb9-b3ad-59a3be5b31ac,helpful
4a7ee13b-5e85-4c55-bc5e-aedd8a191b91,373c790e-d44a-4894-8239-c5d9e6789f27,ffd40778-a37e-453c-81d1-9a769cac4692,not_helpful
f2e270fb-7e8a-456f-9f24-1212878dfe33,373c790e-d44a-4894-8239-c5d9e6789f27,f7d61334-5d22-49f8-a022-903921239047,helpful
77ff243d-6102-415f-a4a2-7778c14abd33,373c790e-d44a-4894-8239-c5d9e6789f27,64fec69e-52e2-471f-9fbc-7a8e33f991bd,helpful
403a02f2-d6ee-414d-a5c6-bd708423851a,373c790e-d44a-4894-8239-c5d9e6789f27,0b4a904c-b6d7-4355-b1ff-3744b3831112,helpful
4c8e392d-1806-4a63-a2c5-65d2e6bed86b,373c790e-d44a-4894-8239-c5d9e6789f27,cee4269a-3771-43d9-adc4-762ba3bc1782,helpful
f1bc572c-cea7-4a57-ad08-a217d29fa98e,373c790e-d44a-4894-8239-c5d9e6789f27,d7290d30-60da-438f-a6f7-99a66828a1ba,helpful
0701a0a4-94d3-431e-9a6b-d4ce489292cb,373c790e-d44a-4894-8239-c5d9e6789f27,0c621caa-4854-43bb-ab8f-74e1f79ba3e4,helpful
2374c24a-3562-4f3c-ac1b-ce157261468e,2b65fe8f-ac71-4617-86f2-58fefb64b80d,68f7b3c8-c205-42bc-bb75-a97603ceab5f,helpful
de178a6e-6c7f-4b20-87a4-53e3061cd8b1,2b65fe8f-ac71-4617-86f2-58fefb64b80d,2fac4408-7728-454c-94d8-16b7262380b0,helpful
c09ea500-22fd-47ef-9f2d-aa5ed82abb7a,03b910f0-0550-4f55-ac27-3eb45b4018c1,67f25b4e-183c-4a43-9227-09966e445b42,helpful
8d0f908f-4bda-49fc-b462-061dbd789dbd,314a9103-734e-4936-b232-c86f5b56157d,bf060a41-af0e-4932-b757-4f010ccf07f1,helpful
6d9054f7-3499-4e5f-b552-c19a841ca4be,314a9103-734e-4936-b232-c86f5b56157d,3cc240f8-bb78-4677-a387-18bb7667c3ea,helpful
38ce8a1c-4979-4a01-a88c-4041bc8aed98,314a9103-734e-4936-b232-c86f5b56157d,102e02b0-7f44-4058-881f-7896edc964b2,helpful
f746160a-ca83-480c-b641-40a55e1841f2,314a9103-734e-4936-b232-c86f5b56157d,23c5eb35-05e9-4347-8854-ee86ec27393e,helpful
0c68d2f1-aa21-450a-88a4-87fafdf60bde,314a9103-734e-4936-b232-c86f5b56157d,ead66f31-3437-42c5-9145-8281898ce326,helpful
62a1ad41-e161-40cc-a66c-ea9c8fb48b75,76e4d200-31e2-48b5-9bdf-d489d657cd00,779b7f09-bfd0-4ab7-a46f-9f6eecb13030,helpful
dc5f210a-05ad-484a-91ee-6e356cf13060,76e4d200-31e2-48b5-9bdf-d489d657cd00,c404f9e5-cfcd-428e-8459-c1e1fd0d586b,helpful
eea012e6-b471-4509-a0ba-442dc1185ca2,76e4d200-31e2-48b5-9bdf-d489d657cd00,34a7e239-a098-4105-a6ab-b1a2c1c1c160,helpful
43012b5c-9d4e-4856-9342-608a867f7d4d,76e4d200-31e2-48b5-9bdf-d489d657cd00,f14bcc19-681e-43a6-94e0-9748a8455850,helpful
55e8d69b-e14a-406b-b118-b3b9940c8f94,76e4d200-31e2-48b5-9bdf-d489d657cd00,3f13d579-3df8-478c-b978-eec7255facfa,helpful
58b96b87-ccdb-4acf-9ab1-9b33b4dac438,cb338d9d-2a19-4c93-9721-ec81353570d0,b65fff66-1997-4dd8-bc91-1349a415e4a0,helpful
1dcdff94-9e35-4298-86a8-4a3e2efa204d,7b42dcda-e67f-41b7-a325-36ac2c8c2431,582e9081-9542-4d02-9ed4-d41c93fa8b2c,helpful
d25916b0-ed38-4cb7-bb4c-865e5842a2f7,3451b17c-a977-4da3-b2e0-2a4e74b0da3f,c710ee81-7487-44d1-b65f-69a898acaf69,helpful
774646b5-5f41-4900-bbdd-e4d0c5292963,3451b17c-a977-4da3-b2e0-2a4e74b0da3f,6da78127-2929-4106-a298-2b58afca0a92,helpful
d872c589-950c-4694-b8ad-d632f221c65c,3451b17c-a977-4da3-b2e0-2a4e74b0da3f,7bd64d99-cfe2-4e61-aed9-8b6f3d410468,helpful
dfe5b5ea-b073-4f7b-97c6-1f73602ba32a,3451b17c-a977-4da3-b2e0-2a4e74b0da3f,359c05d0-e19d-463d-b3b4-43a0b4a3810f,helpful
56b98b43-ab79-4893-8a66-826de822ca52,3451b17c-a977-4da3-b2e0-2a4e74b0da3f,08ed887d-1b8b-4850-a0ef-45b78a04e4d7,not_helpful
be4e7c45-b21a-4786-94dc-03e4bab726e1,3451b17c-a977-4da3-b2e0-2a4e74b0da3f,90b6264d-1278-47c8-a418-6498aac365ba,helpful
7d9efc3d-b7a5-4f61-bd0c-583e96bfe7e3,3451b17c-a977-4da3-b2e0-2a4e74b0da3f,dccd3e5d-2076-4fc6-aa79-87579e134ce1,helpful
63812b21-2608-4986-94aa-d5bb832e70ef,3451b17c-a977-4da3-b2e0-2a4e74b0da3f,5fccc95a-c30f-4525-a4a6-43861baae99a,helpful
46eb58e0-6744-48b0-9c7f-6906dffaf9e5,3451b17c-a977-4da3-b2e0-2a4e74b0da3f,ead66f31-3437-42c5-9145-8281898ce326,helpful
3bc906a0-4b4a-41ba-9ff7-62d94ec973df,3451b17c-a977-4da3-b2e0-2a4e74b0da3f,3b0faafa-80d0-490d-bdd0-fe1f13d22058,helpful
71a24117-af38-4b67-8e38-4a7429920ce7,b615c433-26f4-4bb1-a20a-43aec4a41944,9d37a85b-84b4-486d-b852-fd896a50fbf6,helpful
01382772-012d-4051-bb3b-d8f56362b364,b615c433-26f4-4bb1-a20a-43aec4a41944,bd081d89-0320-4774-bb4c-798b6e253b0e,not_helpful
427b56b9-1b62-467c-8447-012d66fdef47,b615c433-26f4-4bb1-a20a-43aec4a41944,aece6b12-b296-4a1b-991c-ab89ac207fed,helpful
8c6ec1ec-7ad7-4a0e-b1b8-6dbb4f56f0f5,b615c433-26f4-4bb1-a20a-43aec4a41944,4da311cb-8e0d-487a-8fdd-4a94529db3e4,helpful
26cc7006-6a63-48df-b6ab-4782c7a5be48,b615c433-26f4-4bb1-a20a-43aec4a41944,b51ad0d8-7b4d-4859-8de9-fd9feb62c888,helpful
52f9d042-ce23-4b85-95f7-04dce2970602,e7bf82ca-50d5-4844-92ab-43e2ab63c131,c9d0d7ff-0b5c-4b60-ac5e-0389909cf62a,helpful
96853856-60bb-40d5-b60e-bdf92b80c453,14c6a91e-8bbd-41c0-92a5-fcf4caf96e48,99b2e147-d4f4-4a75-8f55-17304a277ed2,helpful
6b0c4690-6e77-440a-b154-2eff0c6e480c,842f4044-01d0-4163-bece-ac962c735a2d,84ee8f13-e5a2-4988-8f65-daa65801c5d1,helpful
cd20aa7e-c82e-4836-adc8-6cdade141360,fdde0b39-ecce-4e90-89a0-18e546508de1,8020c8de-2e83-4aae-8bd6-638db33f0978,helpful
371c57ca-8947-4055-8228-553c497a1bea,fdde0b39-ecce-4e90-89a0-18e546508de1,0855291e-0a0d-4e17-931b-beabbc173f85,helpful
ee95218b-79d7-4b37-b2a8-dbfcc7766450,6879a7a4-1292-4949-b032-ba00da0dc73b,03410ea3-1e8a-40ef-9322-bc532f78f7ff,helpful
afdc2628-8753-4fb9-b018-d28e9899cac8,a958502f-d7cd-49db-8e57-f46548128f02,5b817ccb-b122-4044-b74f-bde3d1df714d,helpful
62ab7d91-cfcd-4708-8450-179a3528a3bb,995357d8-a68d-480b-aa93-1afd66114a14,2b4b540f-9423-4186-8164-4566e5e908f2,helpful
5dede3bd-675a-44a1-8f04-fe6f6c261294,995357d8-a68d-480b-aa93-1afd66114a14,2a6409ee-29ac-483f-a2a7-9074fcb50191,helpful
e414d8be-10c6-4540-9515-482bd1cc56e7,1fb7f86e-6819-4d97-8794-a36f942d6abd,e9647282-4e31-40a7-a07e-5d10cd7e447a,helpful
2cd90ec9-02d1-4b49-8d4d-0c31f894498e,1fb7f86e-6819-4d97-8794-a36f942d6abd,bbe9e834-7071-42d6-8970-aa7301b72ec2,not_helpful
b94b5b0f-0016-4321-be1c-c493014825ba,1fb7f86e-6819-4d97-8794-a36f942d6abd,b66b0e13-b74e-40e7-b3e7-1583f2f08a9b,helpful
564956b7-5daf-40a2-9267-d33878044712,1fb7f86e-6819-4d97-8794-a36f942d6abd,49c4bc11-2495-438d-9b87-3c395574433f,helpful
e5676b01-a514-4c5e-b198-d4983ba4ce5a,1fb7f86e-6819-4d97-8794-a36f942d6abd,a296a891-b126-44e1-a271-9228cc28b3bc,helpful
d59c7eb4-c07b-45bb-af96-5afd94581a1c,00f9c41a-49f4-4ada-af68-a50a0104e900,1439dc05-4ab9-4995-90c7-d9437ae94f50,helpful
3356fc84-7e82-4eb7-a400-9c2d1fdd78bf,00f9c41a-49f4-4ada-af68-a50a0104e900,d0299f60-146d-4716-bc55-eb830a04779e,helpful
48434f83-61d0-46cd-b8c0-a68648b7da7d,00f9c41a-49f4-4ada-af68-a50a0104e900,55ae024c-4a5e-49d8-be84-2f493dc83880,helpful
a15ed78c-aa86-412e-bee5-27232aea356b,00f9c41a-49f4-4ada-af68-a50a0104e900,d224c314-09b4-49c7-9490-53d3247615d2,helpful
e74bf41e-5cff-47e6-b9d5-7d0a03ae0ed3,00f9c41a-49f4-4ada-af68-a50a0104e900,167ce993-af12-4071-a5cb-fb3f09045741,helpful
13935728-ca85-4395-a100-6d17401fc0af,8765f0a4-d2eb-4287-a094-5ca18dd1f936,1740f65f-2823-4d8a-9ff9-2bf6dfcddfb6,helpful
87b388fc-9a9d-479c-8323-886a56782d12,8765f0a4-d2eb-4287-a094-5ca18dd1f936,cc1fc998-ac73-4d63-9bb0-03e1756e8d0d,helpful
0f1f46ab-970c-4de4-ab3e-f3456e371dd4,8765f0a4-d2eb-4287-a094-5ca18dd1f936,d6ca14b1-9b55-47f7-be97-787002ca26e5,helpful
9064be6c-07c1-4224-9487-f4768855ab62,8765f0a4-d2eb-4287-a094-5ca18dd1f936,2444fa55-4e76-4e0e-8880-6ccb037e3479,not_helpful
27169961-e758-48ef-ac3d-388e324690c0,8765f0a4-d2eb-4287-a094-5ca18dd1f936,99b2e147-d4f4-4a75-8f55-17304a277ed2,helpful
97ea1c38-674e-4316-8819-2cfdde894a95,9c6cd476-7c1d-4168-b881-08c44d12df4e,aac35f19-8d02-4c6c-b979-74da55c9ddb1,helpful
1a7d4c78-0973-4957-9dc2-30595f629fa4,9c6cd476-7c1d-4168-b881-08c44d12df4e,cbd53684-acf0-447d-b61b-35f8bcde6edf,helpful
08e6ab33-8343-430f-889f-d8ef9f1827ab,85a02e5d-80d6-48c9-9a4d-eebed13e7e64,36708614-1e24-453b-8593-b03eb1a7c5b8,helpful
dda4a9ca-c5f5-41f3-bd5f-3b24df1eea80,99b8fa64-ef46-42ae-acd6-d38b797b3ff0,49421d99-2baa-4a3f-bbff-4e4d4e0062aa,helpful
61dbfa31-c298-4bb1-a110-1993d63ba3bc,99b8fa64-ef46-42ae-acd6-d38b797b3ff0,189edb91-3f25-4f32-bfb4-64bd4052cb1c,not_helpful
657a4459-9b91-44cf-a67b-82f8c5766caa,5ded0165-e539-4e1c-ab65-13fb201d9bab,9bac4be0-d703-4f1d-a088-1bdb362d3246,helpful
b9d5d128-d4bb-438d-b094-6208b0ffaf5c,5ded0165-e539-4e1c-ab65-13fb201d9bab,5f31277a-2dcf-4273-81e3-312413596a23,helpful
02d89392-e597-497c-9c8e-a3418463f451,fac01397-a7dd-4c03-a6b2-c9c335542c79,e94d8a6e-9b23-411a-baf2-75f02c42d8cb,helpful
4990a082-eaf4-4ae4-bc60-7a7a027b87cd,cf407f55-0693-4d02-b4b1-46170d974af8,a6e1b4c7-24c0-48ca-96ee-6d0a46348a82,not_helpful
ae919b1f-42c2-410d-85bf-98899ff91240,cf407f55-0693-4d02-b4b1-46170d974af8,547f74d3-e5b0-4e69-a707-74acc44f122c,not_helpful
dec8db12-c89f-4077-b10b-a4b634ecaa7f,cf407f55-0693-4d02-b4b1-46170d974af8,9f72b282-1f70-450b-988f-9b3029fa121e,helpful
fabae863-72ae-48b8-8615-52e6a7a34d92,cf407f55-0693-4d02-b4b1-46170d974af8,b8ccafb8-eae9-4e35-beb2-afbc3cb9690c,helpful
ae759773-68fb-459d-8aa6-cbd0d25cdf3c,cf407f55-0693-4d02-b4b1-46170d974af8,73b79064-9e0d-4b3f-87d0-6ab33593b492,helpful
7dbfb591-762e-4261-85a4-8c3b94c00660,60b9e98e-3129-4293-97e2-b1102647ad23,f714d574-6aed-4017-952f-ff5bc4155939,helpful
049f9b3a-5d59-465d-8064-e5dec1cc0037,aba98cea-0c05-4bbb-91c4-1309d888c2e1,b745eacd-b8ee-4507-82ff-98d3c4daffc7,helpful
9509da5b-0ed9-490d-b12c-cc598a9ed6e4,aba98cea-0c05-4bbb-91c4-1309d888c2e1,f0496969-2829-4c93-834d-07ef9042cd86,helpful
b085fcb6-0615-4988-a67a-7efba08ee902,aba98cea-0c05-4bbb-91c4-1309d888c2e1,3207b0f3-9af4-4ba4-acb1-6ba8ea25f52e,helpful
0992f533-7aaf-48ae-9390-07c99ff68500,aba98cea-0c05-4bbb-91c4-1309d888c2e1,9400a9f1-7dfe-440e-9992-ce7a2dd5b296,helpful
73c82803-0b6e-4688-beae-9642d919eada,aba98cea-0c05-4bbb-91c4-1309d888c2e1,5350fafc-45eb-4871-a195-d1cc090f9d9c,helpful
f2646acb-2ebe-4df1-979e-60c510e2a5be,0088b26a-2d64-4c40-bb83-c83d567713f0,2480125c-2d37-405c-96b9-ca32b2c75b33,helpful
e0b80035-f4fb-4546-8721-b8355460d57c,42734375-194f-4b09-be3c-6256843f7beb,d7290d30-60da-438f-a6f7-99a66828a1ba,helpful
2e33c738-aa2a-4c3d-9947-d3e1f54e57cc,42734375-194f-4b09-be3c-6256843f7beb,27e89b40-f32c-4604-8a79-6d1613bde382,helpful
6a74654c-9ec9-45e7-9bdc-d344b6196662,42734375-194f-4b09-be3c-6256843f7beb,7c66bbce-e687-4e15-be85-d960c3de159b,helpful
b0884dc5-7f99-49a4-8af5-abc0d8b83948,42734375-194f-4b09-be3c-6256843f7beb,2977486c-8467-4a72-a290-db87a9022320,not_helpful
f2fbf5b3-c0b0-4f20-ad15-0f8c175cd4d8,42734375-194f-4b09-be3c-6256843f7beb,376d586e-00b0-4a49-9695-ddac46fb337e,helpful
d3126a4e-a3cb-40da-8fa9-4349cc6ab5e7,95cbf353-a95c-4215-91fd-24fccafc96f0,13b24541-2c78-41cb-a6b6-e8713ab9a16f,helpful
c051ef2f-0c06-4217-8e97-a186b0150977,95cbf353-a95c-4215-91fd-24fccafc96f0,03710ca1-feb1-4206-bd26-3bb8e6a1dac2,not_helpful
a3eed98e-dc47-4349-9d2b-78bdb45c7713,3a74f226-ab8e-4004-9e27-a7485e7e2732,5a2b4f14-e7ac-4b3a-bf58-688bca696e5f,not_helpful
aa6fc536-83fc-4046-b4f4-434a7b072653,3a74f226-ab8e-4004-9e27-a7485e7e2732,e860f5d5-878c-468e-a446-059ba8434d4b,not_helpful
6d0041e0-b4b3-4669-9ca1-bd84a2da8d11,3a74f226-ab8e-4004-9e27-a7485e7e2732,9db0e79f-fdea-4290-ba7b-114141f33d1f,helpful
22ef29d8-b938-49f5-9232-9b0fcf2f32dc,3a74f226-ab8e-4004-9e27-a7485e7e2732,fdd86eaf-7a5b-4598-9a08-6f4f207743bb,helpful
94863c5f-883e-4554-b881-2f7652da9d63,3a74f226-ab8e-4004-9e27-a7485e7e2732,4dba6ec7-4085-4058-9f0e-5109b846f1c1,helpful
d1035984-55c8-49de-85d6-28ca1429c432,3a74f226-ab8e-4004-9e27-a7485e7e2732,2d4e6ed6-f081-4049-b92a-7792dbe97b89,helpful
3330dbf5-e82f-491c-b684-562e5d3d7fb5,3a74f226-ab8e-4004-9e27-a7485e7e2732,132425e2-d22d-43aa-a372-e3d9bfd77f8c,helpful
ab0215d2-369e-4049-bded-821dc7d82b1b,3a74f226-ab8e-4004-9e27-a7485e7e2732,8f40d15b-7ab5-4fdb-b9a0-767514af456f,helpful
870cb494-ad1a-4d5a-b029-7b480de4b305,3a74f226-ab8e-4004-9e27-a7485e7e2732,6f80c5c6-04ed-4548-83b7-aee06e3700c4,helpful
6852b924-54cd-4e59-bf1f-14fc15ac208f,3a74f226-ab8e-4004-9e27-a7485e7e2732,89b94667-2d12-4e7a-bfdd-f37056d10195,helpful
21c15ad2-20c1-4307-8068-1b56404e5973,f65aaa9b-37f3-46d7-80cf-36fea8d07983,99908d5f-92b2-4e74-812d-8fbf41ddc894,helpful
f99fa34b-18cc-4eeb-b65e-b9a6d233a7b0,14903ff4-4abd-4c4c-b567-107d96bbb310,7bb8fda6-2726-4199-a7aa-ed27cdfff312,not_helpful
424530a7-0970-4d4b-97df-2f3e74ef7382,14903ff4-4abd-4c4c-b567-107d96bbb310,270b35bf-74ca-4601-91d8-16fe5196ca5a,helpful
58088d07-f628-4784-b7ca-02670ea3dde9,14903ff4-4abd-4c4c-b567-107d96bbb310,701ab460-123c-42eb-bae0-fbe7a111ebd7,helpful
60df4c5e-afca-44c2-87ab-df807e57803e,14903ff4-4abd-4c4c-b567-107d96bbb310,2480125c-2d37-405c-96b9-ca32b2c75b33,not_helpful
4609a225-aba4-4fa5-8669-7853c1bd188d,14903ff4-4abd-4c4c-b567-107d96bbb310,8dcd5fa7-1a1d-413e-9468-5f4b02f2f3fe,helpful
e298c9d8-2569-4c93-9133-4949e68180f5,14903ff4-4abd-4c4c-b567-107d96bbb310,d51ebab3-97b1-482d-9ccd-7368f01000f7,helpful
2b55424b-7875-4ce3-bfb2-fa61f41df625,14903ff4-4abd-4c4c-b567-107d96bbb310,be999c23-fb5b-4060-b4aa-bd50fe8ab5f6,not_helpful
c37f7c09-9768-4e08-9692-83112e466300,14903ff4-4abd-4c4c-b567-107d96bbb310,28f88fb0-d9fb-4c32-8470-1738493e863b,helpful
b2e4ace8-8bc9-4b9b-9640-ca82c3e1ece0,14903ff4-4abd-4c4c-b567-107d96bbb310,a3867ed0-9303-4ce2-b40d-a9711a5efef0,helpful
a0a3e7da-54b8-4cbf-a3ff-ca8f1f12fa43,14903ff4-4abd-4c4c-b567-107d96bbb310,cd8175bc-ff34-4742-8b86-61ec290e632f,not_helpful
c0c4b30c-e864-4ea3-a52e-d2f4cc2c1cf8,c57e762b-21d1-49f9-af41-0e0f3c5247cf,416cd82a-8e13-48b3-a6e1-dadbf5a29d2d,helpful
d82ce8ef-ae31-4c97-95f6-e15028b170d6,c57e762b-21d1-49f9-af41-0e0f3c5247cf,f459a5e8-b280-49fd-904a-3cd3746f4f16,helpful
d5e625c2-56ba-4ea1-a675-906bec97dd67,274991ed-8ec2-44f9-81de-069ce4dcb568,3fa371d4-77dd-4e91-9a2f-86801b001903,helpful
505a2456-e477-41c0-bc2a-cdbccaef3f58,274991ed-8ec2-44f9-81de-069ce4dcb568,9bac4be0-d703-4f1d-a088-1bdb362d3246,helpful
dd62e767-ad65-4606-a776-8891e9baf55a,274991ed-8ec2-44f9-81de-069ce4dcb568,e60ba363-7c8f-4fba-8c98-2d4952e8fbc5,helpful
89669531-cce9-49f1-8d89-5e2091d1d62b,274991ed-8ec2-44f9-81de-069ce4dcb568,0c7084bc-19a5-4ad6-bb26-a25f9c09b324,helpful
330f6ee1-2a78-47f0-ba1c-01ddf7635155,274991ed-8ec2-44f9-81de-069ce4dcb568,2661b9e7-3b2c-40ea-b349-251363d10a4e,not_helpful
06fa0161-a9db-4a94-b696-5393eac19ca9,274991ed-8ec2-44f9-81de-069ce4dcb568,ff29ece6-95da-4800-acd2-b14950a339dd,helpful
549aef61-90f5-4544-92a9-3cdf1d8c4b4f,274991ed-8ec2-44f9-81de-069ce4dcb568,3a1577eb-7860-498f-936a-da13e16cbd8c,helpful
576f0420-add9-4062-b8ec-ca94e5d41d72,274991ed-8ec2-44f9-81de-069ce4dcb568,94a6d963-227a-4d07-92a6-0bb60ebd66e6,helpful
c294779f-718b-4e51-a705-5483f575279d,274991ed-8ec2-44f9-81de-069ce4dcb568,bab8979a-8cd9-477b-bbd7-2e1dbab88437,helpful
e326b8cc-ba76-41d3-b69e-315781279d08,274991ed-8ec2-44f9-81de-069ce4dcb568,212484cd-56e9-4934-ab9b-69d43228ee16,helpful
e383efbd-3664-4c40-ab22-8e3c34bbeb2e,83b457b4-017b-4f36-ab73-06f5d1c1ae9e,47ac22ab-9718-46c4-ac3b-e6473f31a413,not_helpful
c44080c4-fffa-4af1-9b8f-c9b63a7ece2e,e35933da-29fb-4dac-be35-d35ba678ed2b,c712217e-16e5-4f51-a9f4-055b5176e747,helpful
20aa96fe-4b94-4e60-83aa-94bb08a416c7,e35933da-29fb-4dac-be35-d35ba678ed2b,a054cb90-d7e9-4236-9533-fc7fd2b1fd77,helpful
d03e2cde-e8df-49ff-a8d1-606788639009,e35933da-29fb-4dac-be35-d35ba678ed2b,14dec3ce-7570-4c3f-af8c-e9c0d74cfcd2,helpful
1b88a16d-bc47-4ae9-b295-9d780789d5fb,e35933da-29fb-4dac-be35-d35ba678ed2b,cc9cb0b1-f5d5-4fbb-ae89-025a80fb57c1,not_helpful
6f2f3713-b02f-46e5-866a-40c506ed9356,e35933da-29fb-4dac-be35-d35ba678ed2b,425be648-8195-4636-880e-d86e4cd8e38f,helpful
fef8554f-7a61-486c-931a-c4cfc04ab4a5,786316bb-1503-45e7-8bd8-649cdc864244,2251b079-d6df-4d71-bd74-d2a00e841a9d,helpful
cf82467f-ed6e-4e40-9d51-fd19726e1973,786316bb-1503-45e7-8bd8-649cdc864244,2a2c365a-ac9d-4106-a494-678e09ae412c,helpful
f3533f9e-baf2-4353-bbfc-dd880df35741,786316bb-1503-45e7-8bd8-649cdc864244,598904ac-fa48-43af-8fe9-41388451ae53,helpful
a7d58867-e0d2-4015-a04a-143c889ed010,786316bb-1503-45e7-8bd8-649cdc864244,99908d5f-92b2-4e74-812d-8fbf41ddc894,not_helpful
2e9f23b9-a2ba-43e3-9847-f33cdd6ecb9f,786316bb-1503-45e7-8bd8-649cdc864244,1069ad16-5cc8-4f60-83a5-08e7e0beeb5c,helpful
d73b7eee-7c0a-474e-8820-0bf1e86ad2a9,77ee267f-f265-45ac-a7d9-323ef33a889e,376d586e-00b0-4a49-9695-ddac46fb337e,helpful
28aa83a0-f397-4562-a11a-281f1a3c4c67,77ee267f-f265-45ac-a7d9-323ef33a889e,87a00a98-1d65-4fba-92f9-41ac07bce2bd,helpful
681d3f7a-a1e9-489e-8e7f-2048d6075315,77ee267f-f265-45ac-a7d9-323ef33a889e,902c8ddc-8ba2-42a6-b380-4afc64f50ffc,helpful
fb58904c-e8ab-42e4-8868-13c6d9f11c95,77ee267f-f265-45ac-a7d9-323ef33a889e,da9de603-2c96-4356-820d-7c1e9ac4dde7,helpful
e8fcb067-202b-4504-8c0b-15e9aafc3bef,77ee267f-f265-45ac-a7d9-323ef33a889e,d10408ec-2013-471e-b6a9-e3bcf0e25322,helpful
306d2834-1786-4d25-b6e1-1ee2f22816df,77ee267f-f265-45ac-a7d9-323ef33a889e,9d37a85b-84b4-486d-b852-fd896a50fbf6,not_helpful
19b8e6dd-5d13-48ac-89c5-c8e7ced20d58,77ee267f-f265-45ac-a7d9-323ef33a889e,e9647282-4e31-40a7-a07e-5d10cd7e447a,helpful
7eb05734-5ab1-4a5b-abc7-d614eb032938,77ee267f-f265-45ac-a7d9-323ef33a889e,69f9f173-1ee1-4ba2-a1be-005dc5f305fd,not_helpful
b9a613c6-b19d-418c-bd6c-a1a39b8711d4,77ee267f-f265-45ac-a7d9-323ef33a889e,f03fb49f-283d-405e-bf8d-52046ca6e77d,not_helpful
53f6ee76-77c8-49ac-ac3a-ed12c48eb545,77ee267f-f265-45ac-a7d9-323ef33a889e,b66b0e13-b74e-40e7-b3e7-1583f2f08a9b,helpful
7a8ffb7a-8fcb-4074-86d3-a35a93cca26b,d2b8f070-b280-437e-9647-939d29c9f3c6,b5261e71-886e-4d78-8d1d-310ed9754704,helpful
e21953d0-6e62-4d0f-867a-aafe1e143afe,d2b8f070-b280-437e-9647-939d29c9f3c6,cbda2de6-06db-4a9f-91af-cc36e8ba0bad,helpful
fc44e8cb-cdbb-45dc-bc14-e8906e85b498,68f278b6-3375-4904-bf80-d51d26ed36fe,a054cb90-d7e9-4236-9533-fc7fd2b1fd77,helpful
16a75be5-677f-47f4-90f6-604c9c99d43f,68f278b6-3375-4904-bf80-d51d26ed36fe,91c5349a-5fb8-43b5-8af3-1b0018617bc3,helpful
2dc538fa-09e0-4d4f-a4a4-d3ac7e3487c1,fa050cb8-a110-41b3-a2fb-424107162c65,5bbca380-854e-47a4-ae5c-fd631650a115,helpful
4c7c61e5-c83e-4f78-a970-a6889c93055a,b5e43cb6-1cbb-4e30-b8c0-9486959bf33f,ead66f31-3437-42c5-9145-8281898ce326,helpful
e50847df-35d3-42f1-a42b-bba93d673014,00f9c41a-49f4-4ada-af68-a50a0104e900,1439dc05-4ab9-4995-90c7-d9437ae94f50,helpful
95d62e6e-298b-4da8-90e8-fd8be84187f3,54c419d3-c720-47b4-a99a-488787cac7dc,8ebb4b7d-ed19-43be-a647-6c3a9a6a166a,helpful
bccd907a-fba3-4631-b346-f8d58b42bec2,1fb7f86e-6819-4d97-8794-a36f942d6abd,49c4bc11-2495-438d-9b87-3c395574433f,helpful
