id,coupon_id,customer_id,checkout_id,redeemed_at,discount_amount_cents
f429bd86-89e8-4c49-b97e-848be2d236a8,ff456e25-a04f-43fb-a0bd-fc53a6c2cfb5,59292cdf-6314-4444-aee9-45a78c76dcbe,a8d70b24-db60-494c-b793-5fa4c1064acc,2026-06-04T11:33:22,1200
f5f6e965-ec20-4e0d-984d-2710855dfab6,25966ac5-98fc-4276-bf85-e09e2f8fa5ee,,1253f337-ebe1-462d-9a36-078b33db07d5,2026-05-10T11:16:49,120
ba6cdb09-fa44-4551-bbaa-b276766598dc,25966ac5-98fc-4276-bf85-e09e2f8fa5ee,7c66bbce-e687-4e15-be85-d960c3de159b,a0a9aca5-a2b2-4314-b074-3d4ab437d3f9,2026-06-15T17:07:31,120
0775d154-05ee-43ed-a768-3919cdb42edd,25966ac5-98fc-4276-bf85-e09e2f8fa5ee,187d49e0-634f-4e10-a10c-3b0be7408be0,a6ccaa4f-ccfe-4b24-b073-a3d59a755b1d,2026-06-07T16:32:52,60
d3d723c2-94c7-421f-86bb-f65736e93ce2,ff456e25-a04f-43fb-a0bd-fc53a6c2cfb5,9c98b2d4-f4f3-440f-b28d-0e1ca7a152a5,1f91b07b-e349-4e3a-aa24-c8e8b94970d6,2026-07-15T06:33:11,300
33f17ce1-3dff-49e4-8e90-f6f70d6494ac,25966ac5-98fc-4276-bf85-e09e2f8fa5ee,,59a509e1-46c4-41a9-aed8-47e5bf14ae89,2026-07-05T07:22:44,160
ce968015-30ce-4763-9238-2b52940fe4ae,25966ac5-98fc-4276-bf85-e09e2f8fa5ee,fe2e9f59-c77b-4756-ad2e-fe864a560344,07a77e4d-c633-4662-8ec9-5ca617650869,2026-08-06T11:24:22,230
701f0ddf-8fae-46d1-9766-38b3c42b897e,ff456e25-a04f-43fb-a0bd-fc53a6c2cfb5,7fcd9f31-c0cb-4414-9981-9d014f593081,f9c5c835-4a98-47c0-8bb5-719f77436bc9,2026-07-06T22:13:46,300
65d87d63-f37f-4c23-bfa0-96b9650d8f28,25966ac5-98fc-4276-bf85-e09e2f8fa5ee,,bbc91b60-90c7-4f3e-a804-32ca876bd9ad,2026-03-18T15:00:48,400
18d4348c-e3db-45e3-b75d-ed8880795fb6,ff456e25-a04f-43fb-a0bd-fc53a6c2cfb5,,a4885651-89d0-4fce-be41-914c6a984a0c,2026-05-12T11:39:12,300
b024b39a-e8ac-44c4-a5c2-649aee413d39,25966ac5-98fc-4276-bf85-e09e2f8fa5ee,,c2c09c99-6c65-4ed7-98de-5eb6b7b0c629,2026-04-29T01:04:32,500
8436a114-e77c-4233-bcbf-73ceb74883f3,ff456e25-a04f-43fb-a0bd-fc53a6c2cfb5,3455f0ff-3219-4cd9-acd8-091f34518293,d0d9c309-c68c-4433-8b5e-b571b1f70ad3,2026-05-18T00:13:59,300
0ca10729-b37e-486b-8190-97ce0e48ca82,ff456e25-a04f-43fb-a0bd-fc53a6c2cfb5,187d49e0-634f-4e10-a10c-3b0be7408be0,e469fc98-1f1f-42f4-a0c4-c6c74318f4f3,2026-05-31T15:24:40,1200
064fc99e-3c89-4e7a-8747-22f6a5d5137e,ff456e25-a04f-43fb-a0bd-fc53a6c2cfb5,,635ae531-4762-4d80-b75b-a0b46dbd73be,2026-03-13T00:12:36,300
f9fd7bb7-95d2-4582-9baa-e3197441f49f,ff456e25-a04f-43fb-a0bd-fc53a6c2cfb5,,ea990970-6cbe-476b-9ce8-2f00874b9d6f,2026-07-23T11:37:11,300
252a40e2-a12f-4669-930b-ac39c7a479fe,ff456e25-a04f-43fb-a0bd-fc53a6c2cfb5,628b0262-278b-4522-aa31-ed61da01b78a,abb786fa-90b0-4ac2-8ccc-29f2b67381ef,2026-02-20T21:56:37,300
47ada7c6-1d33-460a-a4ea-5e25d3b4a008,25966ac5-98fc-4276-bf85-e09e2f8fa5ee,4041ba09-7a39-4b37-9e0e-f39a765d9c82,638232fb-36cf-4fab-bf38-fd4ecdd0f183,2026-04-26T09:40:54,60
d577e8c8-3278-4a7a-b086-3e5639e48515,25966ac5-98fc-4276-bf85-e09e2f8fa5ee,,cf972f4c-b0bc-4f7b-a618-abfaa1f576be,2026-03-16T05:19:40,320
2b1fe087-65cd-48af-8827-c5f37fac6037,ff456e25-a04f-43fb-a0bd-fc53a6c2cfb5,387603c1-d2a6-475e-ab4c-9ba7aa78bb27,beffe539-6497-4fd5-b1be-e9aa178b26b0,2026-08-03T07:48:06,300
c05c2a6c-f469-4a62-8921-4bdd6c5ac071,25966ac5-98fc-4276-bf85-e09e2f8fa5ee,8e104807-9dc2-4625-a1b7-9d858ddd96de,fe05dd37-55ed-4ad7-a396-2cea4d9e3d34,2026-04-05T18:17:57,70
2bab9971-aa77-4089-97d2-8694e9f87be5,25966ac5-98fc-4276-bf85-e09e2f8fa5ee,6a0e8a99-d39a-4600-9876-1344b693450f,511fe5f1-0cf5-4526-b667-7688e165292e,2026-04-07T16:18:35,0
18b72a18-6bee-48e7-a81d-437f4cacea3d,25966ac5-98fc-4276-bf85-e09e2f8fa5ee,,3a08a221-6907-4df7-8436-135d3351a025,2026-04-17T11:04:12,240
58a39266-cca1-47cb-abaf-5209cd266bd0,ff456e25-a04f-43fb-a0bd-fc53a6c2cfb5,,2519bf98-cd79-4cc1-9606-506d46045c2b,2026-03-16T05:24:23,1200
32d089d7-bf92-46e4-8f27-51af6cb99157,ff456e25-a04f-43fb-a0bd-fc53a6c2cfb5,77475cfc-c7a4-44fd-aa82-b68053aa7540,c9c307e7-73df-46a4-85fc-2fd5b2483a37,2026-03-01T19:54:08,300
145e865d-caf3-4113-8f25-adfb90fd59b6,ff456e25-a04f-43fb-a0bd-fc53a6c2cfb5,,97a749d2-7850-441e-99be-05d74b5c6955,2026-04-02T20:53:45,300
6802c101-19ac-44ce-ab78-35e5faff32bf,ff456e25-a04f-43fb-a0bd-fc53a6c2cfb5,7fcd9f31-c0cb-4414-9981-9d014f593081,048d6f6d-ff89-4dde-b6c3-b8c4ceef3b87,2026-06-03T04:18:47,300
e4f71fdb-8ef9-4ff0-b004-041363bbc599,ff456e25-a04f-43fb-a0bd-fc53a6c2cfb5,902c8ddc-8ba2-42a6-b380-4afc64f50ffc,e347ec1d-7f68-4a9e-91fa-25704568b78b,2026-03-16T02:53:09,300
d8966aec-0bd0-48be-b75f-2368aea1cc0a,25966ac5-98fc-4276-bf85-e09e2f8fa5ee,,0fd1c945-1394-4215-ab20-cd620f757202,2026-07-10T10:44:28,220
dedb7190-fe8f-41d4-90c7-7921bbfae098,ff456e25-a04f-43fb-a0bd-fc53a6c2cfb5,eccb6e23-700f-4b9e-803e-9c681f12dd9e,d5b53df9-8837-4f8c-b691-5730e6319d0e,2026-03-08T16:23:37,300
1001db51-ecc3-4a2d-a787-f1e08f3dc4e7,25966ac5-98fc-4276-bf85-e09e2f8fa5ee,afdabd06-a2b4-497a-93b8-7bcf582b5d3b,58da401e-9e8c-42c3-b22c-5e4e80d05671,2026-05-18T06:10:58,140
f156bc21-95c3-4c28-bda2-b417fa653467,25966ac5-98fc-4276-bf85-e09e2f8fa5ee,19fee9df-73a9-41e9-9777-18d2a79ab8b4,d1977379-6e50-4112-a480-85c9b06b55dc,2026-03-24T20:36:49,330
ed8b8dda-2101-436d-b2de-e77fc04351c9,ff456e25-a04f-43fb-a0bd-fc53a6c2cfb5,24ea0325-a7d6-4388-b86c-7b51e5805b26,c2bb61fc-dbbe-41b9-9ed5-0964d211fda8,2026-07-12T23:48:39,300
e139f913-863e-4c27-b8eb-f5b7e06fbcd2,25966ac5-98fc-4276-bf85-e09e2f8fa5ee,,4f5c6dcf-bb41-4820-b798-260d3b39e94b,2026-07-11T23:04:44,120
81c4f8a2-0bfd-4a8a-9fec-f39257f2778d,25966ac5-98fc-4276-bf85-e09e2f8fa5ee,5daa5d95-314b-4f5e-8926-8d61c9d4daa1,fc707f82-7fdd-4ca1-b6ec-8ae0a0454dc2,2026-05-20T10:51:19,180
d85d7c59-7d30-4a47-8c90-406230926003,ff456e25-a04f-43fb-a0bd-fc53a6c2cfb5,,b3adb742-8313-4391-8d28-7fada940bd58,2026-05-11T13:10:54,300
936658b1-68b8-4653-9fad-823c82aa91a8,ff456e25-a04f-43fb-a0bd-fc53a6c2cfb5,f7d61334-5d22-49f8-a022-903921239047,81f25385-cefb-4d60-aa59-8ce2837620ca,2026-06-11T20:25:33,300
e24b3798-1dd9-4bfa-b2cc-dd2b04c3989f,ff456e25-a04f-43fb-a0bd-fc53a6c2cfb5,495a6541-1c93-4076-90e3-345d72d9c83c,8d7381af-4947-4e3e-8ac6-43c868390c46,2026-03-25T15:44:15,300
2247d2c9-94b2-4531-bdce-c288d0da51d4,ff456e25-a04f-43fb-a0bd-fc53a6c2cfb5,,8f8d7c25-f4eb-42f0-9012-61460c190e2d,2026-07-23T11:25:19,300
942dd48a-74ef-4b73-b9db-8d3ce9af5e6c,ff456e25-a04f-43fb-a0bd-fc53a6c2cfb5,8fe1e8f7-9891-4978-ae6c-34234f35c728,26e29980-da29-4d5d-bf49-5f5ace4800ea,2026-04-13T21:13:30,300
3146da37-8b28-4223-8833-d590fe3c0266,25966ac5-98fc-4276-bf85-e09e2f8fa5ee,,669e5c74-1577-48da-9815-bdb6cf822b26,2026-05-28T00:47:20,60
e235558c-022d-493f-8a12-3d46a2bb8b8e,ff456e25-a04f-43fb-a0bd-fc53a6c2cfb5,8639eac0-9cd8-4fe5-9e10-8526a16018d1,81286eac-b6d2-4ce2-905a-1004b0e5c7a3,2026-04-07T19:05:58,300
79d2082c-6e8c-48da-a975-5dc0bf12a7e6,ff456e25-a04f-43fb-a0bd-fc53a6c2cfb5,485b6c22-4f0b-4e0f-bfba-0c9d38a0122d,3998f953-04fb-4866-bdeb-a44f7c293e06,2026-07-19T03:59:26,300
2c0df144-d2c4-4235-80b4-627a1142c68b,ff456e25-a04f-43fb-a0bd-fc53a6c2cfb5,,1f615482-9d72-4ed7-814b-e0ee2f5b0f45,2026-03-29T06:33:55,300
50eb765c-30ab-4ea9-b5d6-40a3b7ff05ea,25966ac5-98fc-4276-bf85-e09e2f8fa5ee,2a26f327-c9ef-40f4-bb8c-c809417caad1,14670361-a7b3-4c78-ad78-0a8331b7d72e,2026-07-20T19:34:24,360
7ca5315d-ba7b-4166-ba7e-0c73464da369,ff456e25-a04f-43fb-a0bd-fc53a6c2cfb5,,69eff574-2d75-407a-bb6e-264632566ede,2026-08-01T09:28:53,300
12bd1fe5-66c0-4fdb-a593-53eab258ef4c,25966ac5-98fc-4276-bf85-e09e2f8fa5ee,2a6409ee-29ac-483f-a2a7-9074fcb50191,4da79b72-5228-4e3e-843b-68d1c4a4784b,2026-07-01T00:26:39,180
99320be3-1c21-4132-968c-20c1a26d9402,25966ac5-98fc-4276-bf85-e09e2f8fa5ee,,0486bd6e-0223-45e8-8b72-dcda0c462c2b,2026-07-18T10:28:59,500
6f7e3a24-38c2-48c9-b23d-24a89f5c267b,25966ac5-98fc-4276-bf85-e09e2f8fa5ee,,0f61e28e-7a75-4a43-9adb-42c84c77d741,2026-04-07T01:49:10,360
1b8116be-5fe6-4f91-94fd-429bc0cd013c,ff456e25-a04f-43fb-a0bd-fc53a6c2cfb5,26b9f21d-cabb-40f3-b28e-71549d01a6e1,14a6fa06-c781-4669-83c4-6991ed5d7c25,2026-08-07T07:31:02,1200
fe86d1b6-bfea-4cff-9094-422e97070e82,ff456e25-a04f-43fb-a0bd-fc53a6c2cfb5,14dec3ce-7570-4c3f-af8c-e9c0d74cfcd2,e47524a1-2f79-48f1-8777-3de2d88f921c,2026-02-17T00:27:10,1200
30f17342-7ea0-4272-8c1a-cbf56c5dff30,25966ac5-98fc-4276-bf85-e09e2f8fa5ee,2f76575f-2d85-40ca-8f3b-82b14debc678,d18393e9-fe4a-4487-8c7a-d52deea7f528,2026-08-03T23:51:07,500
ba38ca85-c77a-4f98-8126-491ca55d90e3,ff456e25-a04f-43fb-a0bd-fc53a6c2cfb5,,2b2b234c-91d7-41a7-b6f7-9d27f8021705,2026-03-13T09:18:30,300
5b2e0529-4ebb-4376-b557-9b157a59eaf0,ff456e25-a04f-43fb-a0bd-fc53a6c2cfb5,3cec8c73-424f-46c6-a5a7-cb5cd5141538,e67a2e1b-e9dc-4621-8b15-fef5c065a5ef,2026-05-13T10:56:53,300
35d87eb8-c6b9-47d7-b51c-4dead6117f6e,ff456e25-a04f-43fb-a0bd-fc53a6c2cfb5,0872893c-bf01-4853-b91f-a1cc0263fedf,0e5df425-c648-43a8-abde-b7df521ed814,2026-03-26T05:12:50,1200
a88b4c02-4677-4e3b-9d31-9814e834dc3c,ff456e25-a04f-43fb-a0bd-fc53a6c2cfb5,6a0e8a99-d39a-4600-9876-1344b693450f,1cf47add-67e3-404b-b25a-33ceeceaec8b,2026-07-13T05:12:44,300
294f83f9-554a-4a33-8c36-b01452b15d8d,ff456e25-a04f-43fb-a0bd-fc53a6c2cfb5,,48203751-2399-4d8f-98ab-15982a636244,2026-07-12T15:55:09,1200
3c5ed747-bf62-4568-8cf9-604544d660ca,ff456e25-a04f-43fb-a0bd-fc53a6c2cfb5,,719a9d92-ed1f-4578-a7c1-a57c7863f908,2026-03-10T16:25:26,300
eba3fb5b-f7df-400c-82ef-33f07bc0ec0b,ff456e25-a04f-43fb-a0bd-fc53a6c2cfb5,2347081e-7ae5-4085-a0d6-d1f551721f69,02ceb63e-d2a0-4eaa-94e5-475afd20aa29,2026-05-15T19:08:14,300
d9c1626c-8746-4778-a03b-a54391d1fdde,25966ac5-98fc-4276-bf85-e09e2f8fa5ee,fad2c57b-c35e-4270-8d10-2f067a5ee2b7,a4efb3da-96d5-489f-903e-3317fa804897,2026-06-25T03:58:55,120
2b73fc44-34a9-4da7-9617-4feb5bc7cc4e,25966ac5-98fc-4276-bf85-e09e2f8fa5ee,,7c989325-1b3d-45b5-9ad8-c1f1433447ed,2026-03-31T13:02:45,150
a80af503-9464-438c-b531-3c6c735b4368,25966ac5-98fc-4276-bf85-e09e2f8fa5ee,e9647282-4e31-40a7-a07e-5d10cd7e447a,671967f1-6539-45ae-9c14-f8dd3707ba05,2026-05-28T07:30:56,170
09bdb1bc-7733-4721-a87a-1cbfb888b41f,ff456e25-a04f-43fb-a0bd-fc53a6c2cfb5,,207fb05f-11d9-4ed8-b9b5-01c1acda8a5a,2026-03-30T09:04:00,300
3b03bdd0-83ce-4156-94c3-64b23bfcf0f1,ff456e25-a04f-43fb-a0bd-fc53a6c2cfb5,,a4885651-89d0-4fce-be41-914c6a984a0c,2026-05-12T11:39:12,300
