id,ticket_id,event_type,occurred_at,detail
df6c3642-6fd6-4fed-8d57-c525fec81667,7425f8e8-a60b-4e88-8400-f4087c2688b5,created,2026-05-18T16:37:57,
d2a096ba-6e85-4345-bf00-7e59117f7534,7425f8e8-a60b-4e88-8400-f4087c2688b5,assigned,2026-05-18T23:06:41,5ddbd80d-f370-4fa7-bd64-5eec9c2f37bc
97eb62b3-1529-4a69-b09f-540270b46b8c,7425f8e8-a60b-4e88-8400-f4087c2688b5,resolved,2026-05-19T15:28:59,
db3ce7b2-b0b8-4f2b-845c-947ef8e3c7a6,c348d631-7db8-4090-b61b-61753cef7893,created,2025-10-30T16:37:57,
bd21f24d-ee79-4a1e-8917-bedce5b3d960,c348d631-7db8-4090-b61b-61753cef7893,assigned,2025-10-30T21:02:45,90f96181-8123-4add-8fe8-938102416710
171f72a4-07a2-47b5-a106-8fa6e71a27b8,cecb6e8a-809d-4e7e-ad04-563fe2870bec,created,2025-10-21T16:37:57,
596fb5b4-74f4-4ab2-a903-c2d02093fce1,cecb6e8a-809d-4e7e-ad04-563fe2870bec,assigned,2025-10-22T00:55:56,90f96181-8123-4add-8fe8-938102416710
508c7059-2f13-49eb-9aa1-2e9ac2eb8c68,11b146d5-1b45-43e6-ae91-bafec80b27cc,created,2025-11-21T16:37:57,
bf6ab538-e8bf-475a-97f5-a42097e84e79,11b146d5-1b45-43e6-ae91-bafec80b27cc,assigned,2025-11-21T17:53:34,febe248a-e430-40d5-84d7-fc06d8b408dc
c1b1ccb5-2265-42f2-a656-f8242d86e035,11b146d5-1b45-43e6-ae91-bafec80b27cc,resolved,2025-11-24T03:29:23,
fd9dacf7-d766-4d0e-a810-45711144a017,cdab48fe-3c82-465a-a266-dc1e175a242d,created,2026-06-16T16:37:57,
fe2ef946-c971-4a3c-837f-a796a2c57f47,cdab48fe-3c82-465a-a266-dc1e175a242d,assigned,2026-06-16T20:13:07,5ddbd80d-f370-4fa7-bd64-5eec9c2f37bc
edb214a8-b49f-48cc-a0ae-de4bd3a3791e,cdab48fe-3c82-465a-a266-dc1e175a242d,resolved,2026-06-18T05:31:32,
273d999c-9fc3-4116-90a0-12c82fd9556e,4335456e-b768-4112-b9ae-b140f815359a,created,2026-03-15T16:37:57,
cc693fce-39ba-443e-abe0-1930c1658b3e,695e7d3f-b91b-4210-b75c-d66d15dd4a0a,created,2026-04-28T16:37:57,
ceb2ced7-b448-4009-bba9-a62da897d14e,695e7d3f-b91b-4210-b75c-d66d15dd4a0a,assigned,2026-04-28T18:00:25,8ae11eaa-8f00-40e3-b3e3-b30d399db61c
559c58d1-b901-4368-93e0-79e1866b2c6e,695e7d3f-b91b-4210-b75c-d66d15dd4a0a,resolved,2026-04-30T00:42:13,
fdd9614d-e4aa-4028-bc36-193d95d72262,91faf1c8-8cdb-4bec-aacf-05edeeb5c2eb,created,2026-02-07T16:37:57,
672f39ac-baf7-4a66-93e7-6873512e22b3,91faf1c8-8cdb-4bec-aacf-05edeeb5c2eb,assigned,2026-02-08T00:58:08,d8626458-40a4-4749-8828-09916a7365e6
332c8c37-3a4c-49a1-92a5-8d1fe60d4614,91faf1c8-8cdb-4bec-aacf-05edeeb5c2eb,resolved,2026-02-09T00:40:33,
30839df6-40c1-4750-a70f-dcfc75cde279,b208720c-5189-46a8-ac39-51acf03948c6,created,2026-08-09T16:37:57,
a1e99b6e-f830-4350-904e-cbb6ee1c5c62,b208720c-5189-46a8-ac39-51acf03948c6,assigned,2026-08-09T23:24:13,5ddbd80d-f370-4fa7-bd64-5eec9c2f37bc
47371089-a688-41f7-a5c2-25e534e6878b,b208720c-5189-46a8-ac39-51acf03948c6,resolved,2026-08-10T15:07:39,
0f566e1f-5d45-4a05-b686-ff947bfa0594,f72dc996-c9ad-4d44-a808-e8df2748ab69,created,2026-05-08T16:37:57,
4cb3975a-c423-4661-944f-d114dbd04d02,f72dc996-c9ad-4d44-a808-e8df2748ab69,assigned,2026-05-09T00:37:16,febe248a-e430-40d5-84d7-fc06d8b408dc
52defa24-ca41-4101-bc4e-cbd70c400a85,f72dc996-c9ad-4d44-a808-e8df2748ab69,resolved,2026-05-12T14:56:14,
15c03fdf-cf0a-4933-971b-9707945f7507,92a22ddc-7baa-474f-891d-098fec059f1a,created,2026-01-14T16:37:57,
2ae8dd6b-e3cd-445e-8572-741fe5fe33e9,92a22ddc-7baa-474f-891d-098fec059f1a,assigned,2026-01-14T21:57:51,5ddbd80d-f370-4fa7-bd64-5eec9c2f37bc
7a46c0f9-160c-4223-bf2f-f21229416024,35abc285-3482-4570-8e02-ec41d8dc8f66,created,2026-06-07T16:37:57,
0a314b57-ceec-473b-95a7-e46791206e7a,35abc285-3482-4570-8e02-ec41d8dc8f66,assigned,2026-06-08T04:01:50,d8626458-40a4-4749-8828-09916a7365e6
4cca6ecc-cb55-403e-b3ff-02cf5ea0f6cb,35abc285-3482-4570-8e02-ec41d8dc8f66,resolved,2026-06-09T03:06:50,
57872318-d57b-47f0-b559-2fcd46a438f8,4789b000-4213-4b05-87b0-8098d6ff01be,created,2026-08-05T16:37:57,
1091ad3d-4533-4bb9-a640-9195565a7484,4789b000-4213-4b05-87b0-8098d6ff01be,assigned,2026-08-06T01:10:16,63d29a06-4a0f-4f21-9b3c-0ca917190a59
2e5290e6-42f5-4118-bda3-d28978be441e,4789b000-4213-4b05-87b0-8098d6ff01be,resolved,2026-08-10T09:17:06,
98dad2bb-d4c9-4627-9997-85f731e65eaa,a410d769-9eb7-4543-8681-d87979f44874,created,2025-11-05T16:37:57,
67c12941-9d57-437c-b7bd-65b2ee326f5e,a410d769-9eb7-4543-8681-d87979f44874,assigned,2025-11-05T20:43:25,8ae11eaa-8f00-40e3-b3e3-b30d399db61c
82bdfc3c-f831-474d-a2ec-b37e1826c3a2,a410d769-9eb7-4543-8681-d87979f44874,resolved,2025-11-07T11:57:26,
292393c9-f652-462f-a61b-1a4c1385a5af,496e062f-ba11-4666-a650-4bce4453d195,created,2025-12-14T16:37:57,
0928104b-b06c-47be-af2e-e0e3800b96ec,496e062f-ba11-4666-a650-4bce4453d195,assigned,2025-12-14T23:14:11,63d29a06-4a0f-4f21-9b3c-0ca917190a59
8a38f2b4-54c3-4458-9190-5deddb9c91c8,496e062f-ba11-4666-a650-4bce4453d195,resolved,2025-12-16T08:44:31,
beca49d5-6461-48aa-a99e-2b91f6efd643,a9d744cd-4ad3-42ce-9bd8-240740c357f4,created,2026-02-25T16:37:57,
3b5a5fc0-24d4-446c-8c45-61e77c80e25f,a9d744cd-4ad3-42ce-9bd8-240740c357f4,assigned,2026-02-25T18:42:54,8ae11eaa-8f00-40e3-b3e3-b30d399db61c
9b375c95-d4a7-48ab-9877-6438d033d45d,a9d744cd-4ad3-42ce-9bd8-240740c357f4,resolved,2026-02-27T13:09:17,
83ce75f6-7978-45dc-946b-5230a66443f7,e0915614-5bb8-4454-9c93-a527713e333a,created,2025-11-26T16:37:57,
a6e52650-0033-4c78-90df-dc966b3d9d17,e0915614-5bb8-4454-9c93-a527713e333a,assigned,2025-11-27T02:21:54,febe248a-e430-40d5-84d7-fc06d8b408dc
b1569c7a-19d5-4573-8db7-b62c6bfd7e76,e0915614-5bb8-4454-9c93-a527713e333a,resolved,2025-11-28T19:18:21,
aebe0ddb-2513-4458-8f93-9bf85043f947,0b4e3358-f6c8-4815-b0ab-7053b819f31d,created,2026-04-26T16:37:57,
6a31f3bc-e928-4af1-bd62-718560aec9fc,0b4e3358-f6c8-4815-b0ab-7053b819f31d,assigned,2026-04-26T22:07:36,38003235-c133-4913-a560-05ab3f945523
ffa308f8-1d4b-457e-81d5-9ff1b232ade4,0b4e3358-f6c8-4815-b0ab-7053b819f31d,resolved,2026-04-27T06:27:37,
bf952126-7d66-4f80-bc00-4f61d558ff77,8c0998aa-7acb-4c61-bddd-f9bac7a714e3,created,2026-05-20T16:37:57,
1376b223-e5fd-4d2e-8fc1-eb58ba9a5eaa,8c0998aa-7acb-4c61-bddd-f9bac7a714e3,assigned,2026-05-20T22:24:24,63d29a06-4a0f-4f21-9b3c-0ca917190a59
ead96463-ca31-4b51-9481-721848367637,8c0998aa-7acb-4c61-bddd-f9bac7a714e3,resolved,2026-05-23T06:38:58,
81a167b6-d6e9-4d80-91ee-8f0a6a22f599,5a5fb84d-e171-436d-aab2-3807983d8970,created,2026-08-02T16:37:57,
1c836e9b-6432-436d-9304-151f8739588a,5a5fb84d-e171-436d-aab2-3807983d8970,assigned,2026-08-02T21:20:58,febe248a-e430-40d5-84d7-fc06d8b408dc
0907fa6c-5637-4be3-9e2a-97d7d3d03700,d241a803-230e-4a93-a33d-55688518a093,created,2026-07-29T16:37:57,
8eea0b07-e377-4e87-b4af-c9d87b40ae72,d241a803-230e-4a93-a33d-55688518a093,assigned,2026-07-30T01:19:31,63d29a06-4a0f-4f21-9b3c-0ca917190a59
55e054f0-2966-447d-a802-56c48f5620e9,d241a803-230e-4a93-a33d-55688518a093,resolved,2026-07-31T22:29:00,
17a48821-70ce-4ce0-972b-b38a9fcfa9c2,d64137c6-ea53-480f-a083-aeae9ce219fe,created,2025-10-21T16:37:57,
774d2888-e005-4d06-a195-5f088c7ecd05,19b4a709-121f-463e-8742-4ff7e57c720f,created,2026-02-10T16:37:57,
02f69ec3-cf5f-4a9c-8a24-12299597368d,19b4a709-121f-463e-8742-4ff7e57c720f,assigned,2026-02-10T18:34:28,d8626458-40a4-4749-8828-09916a7365e6
dfb45c81-9162-49ce-b93f-7c5cb54bc890,585c6901-b548-4b31-8522-5f2bd9fd0c43,created,2026-04-02T16:37:57,
7f33db0b-a4c3-4efd-9704-538b13ee7e5b,585c6901-b548-4b31-8522-5f2bd9fd0c43,assigned,2026-04-03T04:20:51,b00deb46-3313-4939-aac7-8e195ac8d589
3c0ca8b0-18f8-45ed-b0b5-103a2582015b,79ef761b-fc51-4e0b-abbe-0058bc4f86b3,created,2025-11-26T16:37:57,
f9a13372-deaa-493b-a49d-1c0fb5ea3dd9,79ef761b-fc51-4e0b-abbe-0058bc4f86b3,assigned,2025-11-27T03:36:28,90f96181-8123-4add-8fe8-938102416710
5e9b272c-b1a8-40dd-af22-44d0d3af70a8,79ef761b-fc51-4e0b-abbe-0058bc4f86b3,resolved,2025-11-28T01:36:01,
c5c24676-eb90-463c-b0c1-5527789ab07f,da025409-b03e-4d2b-977d-c60ca627e168,created,2026-05-27T16:37:57,
79773b16-9ec8-49ca-a3f2-43fcb6a94f17,da025409-b03e-4d2b-977d-c60ca627e168,assigned,2026-05-27T18:07:38,38003235-c133-4913-a560-05ab3f945523
e1d0d1fd-1b5b-4fcb-8b41-a60aa3652927,da025409-b03e-4d2b-977d-c60ca627e168,resolved,2026-05-30T13:09:30,
24455cbb-2795-43e7-a4a2-73b7b1dd1cf1,2184d116-a044-4f20-8584-e379e5a818fc,created,2026-02-14T16:37:57,
8610f6a6-42a7-4c72-9abc-a221381fdf0e,73c64ed1-986c-442f-bd3e-e2b5db9ffd90,created,2026-04-05T16:37:57,
d2e52f8d-37b4-4fbf-9e2f-2ee233caed78,73c64ed1-986c-442f-bd3e-e2b5db9ffd90,assigned,2026-04-05T19:54:38,8ae11eaa-8f00-40e3-b3e3-b30d399db61c
3fae530d-6a27-4b64-8c65-69f7a260c543,73c64ed1-986c-442f-bd3e-e2b5db9ffd90,resolved,2026-04-09T10:59:35,
93d09457-a8be-48a8-a097-3e86526931e7,f2dc104a-94fe-4608-b1f3-c69453855a5d,created,2025-12-16T16:37:57,
c30be791-4dfb-4242-8a2d-8b09e3a27bf0,f2dc104a-94fe-4608-b1f3-c69453855a5d,assigned,2025-12-16T21:26:19,63d29a06-4a0f-4f21-9b3c-0ca917190a59
5f590985-8992-4a1c-8789-43aed13bd989,f2dc104a-94fe-4608-b1f3-c69453855a5d,resolved,2025-12-18T04:58:12,
9b144af9-6af5-4a46-bd81-a7e2f5e9724b,9b550c5b-2ca7-4e40-ba12-a9e0754a5ba0,created,2025-11-19T16:37:57,
3a45c4ce-77e3-4c76-8b78-56a7cea87d66,9b550c5b-2ca7-4e40-ba12-a9e0754a5ba0,assigned,2025-11-20T00:41:50,63d29a06-4a0f-4f21-9b3c-0ca917190a59
59058497-4e49-4226-884b-c638af99375a,9b550c5b-2ca7-4e40-ba12-a9e0754a5ba0,resolved,2025-11-24T08:46:45,
76dc86f5-8f4d-46c5-9f22-42b5ce217b9b,97a8208d-2f99-49f0-a1ac-3275de6349e1,created,2026-01-27T16:37:57,
a1f3a989-f77e-436f-a8f0-de393d7634f4,97a8208d-2f99-49f0-a1ac-3275de6349e1,assigned,2026-01-27T22:43:53,8ae11eaa-8f00-40e3-b3e3-b30d399db61c
9d66827f-4e25-48b8-a531-114881545c78,97a8208d-2f99-49f0-a1ac-3275de6349e1,resolved,2026-01-28T15:44:36,
f554ff1a-b6fc-46b4-a19c-550ec20df757,a36bfb62-0840-4edb-a9fe-7628c668d010,created,2025-12-22T16:37:57,
1611102b-1e75-45c0-87fc-6260d4f2da41,a36bfb62-0840-4edb-a9fe-7628c668d010,assigned,2025-12-23T02:01:29,b00deb46-3313-4939-aac7-8e195ac8d589
fd2692e5-8c63-441a-b458-769de082275b,a36bfb62-0840-4edb-a9fe-7628c668d010,resolved,2025-12-24T15:12:18,
cce3c068-20a2-4e7a-9aa2-585e6294287c,eee48a72-2bd4-47ad-986c-87649e8f6276,created,2026-01-21T16:37:57,
60d48d70-fad6-4224-81ec-2beb53c21f2a,eee48a72-2bd4-47ad-986c-87649e8f6276,assigned,2026-01-21T17:50:06,63d29a06-4a0f-4f21-9b3c-0ca917190a59
feb1584a-5374-4d6d-bc3a-3d7ab82473b1,eee48a72-2bd4-47ad-986c-87649e8f6276,resolved,2026-01-24T09:14:33,
405c9092-44ba-4516-9775-5fa2c21b698e,465d23f9-c50f-4d3b-b644-103067a1ea3b,created,2026-01-08T16:37:57,
bf776cb7-74e7-4e54-a940-752b01a1e2b3,465d23f9-c50f-4d3b-b644-103067a1ea3b,assigned,2026-01-08T19:21:18,8ae11eaa-8f00-40e3-b3e3-b30d399db61c
d32621b5-77d4-4f54-bc87-92394dfe49f0,465d23f9-c50f-4d3b-b644-103067a1ea3b,resolved,2026-01-10T01:36:56,
36c9a178-df6b-483f-8f98-17612ca06baa,465d23f9-c50f-4d3b-b644-103067a1ea3b,reopened,2026-01-13T01:36:56,
1e1662de-763c-496a-8f0a-2974826847b0,b447e521-ff6f-4df7-82a2-23432f274163,created,2026-08-08T16:37:57,
623026fb-2dad-4969-aaba-a3712f3b704a,b447e521-ff6f-4df7-82a2-23432f274163,assigned,2026-08-08T21:19:58,38003235-c133-4913-a560-05ab3f945523
a0a8b689-8916-4e46-9f4f-7c46c2d78ba8,b447e521-ff6f-4df7-82a2-23432f274163,resolved,2026-08-10T08:51:37,
d117c37a-7ada-48b5-a6fb-07d844c60ad7,fa327c01-4514-4552-a7cc-5d2089e773cc,created,2026-03-16T16:37:57,
66fdbe17-c468-44b0-9859-c195075e980d,fa327c01-4514-4552-a7cc-5d2089e773cc,assigned,2026-03-17T03:07:24,90f96181-8123-4add-8fe8-938102416710
37a4e054-9519-49fd-8549-799f5c3c2995,7da914a1-115e-4e2f-88af-7574a92b558d,created,2025-12-06T16:37:57,
94ea8713-dd02-434c-b006-89ea51738601,7da914a1-115e-4e2f-88af-7574a92b558d,assigned,2025-12-06T17:34:46,febe248a-e430-40d5-84d7-fc06d8b408dc
084fe19d-ec30-4079-97d6-444b87d81002,6325cd7d-b704-4179-8c4d-68831caec2e3,created,2026-06-26T16:37:57,
05e88a1a-2832-4ee7-ae2a-d9d0b40a113c,6325cd7d-b704-4179-8c4d-68831caec2e3,assigned,2026-06-26T22:13:41,90f96181-8123-4add-8fe8-938102416710
2d9cad8b-b9f9-4f83-aaee-cffbf88daccc,6325cd7d-b704-4179-8c4d-68831caec2e3,resolved,2026-06-29T08:38:47,
7437facf-9ac5-4c80-927e-5890e6dc5b44,8f36d54e-9c95-4d90-9524-2cec776f4ef5,created,2026-03-04T16:37:57,
efbf59d8-3bb5-4eb5-99b3-16b5672ed8a2,8f36d54e-9c95-4d90-9524-2cec776f4ef5,assigned,2026-03-05T02:54:00,63d29a06-4a0f-4f21-9b3c-0ca917190a59
ed7024ea-40fd-4f9a-92fb-0bb0ffdb2aa3,8f36d54e-9c95-4d90-9524-2cec776f4ef5,resolved,2026-03-08T18:48:53,
7937455a-45a2-4530-9724-efd75f40b888,e76ab43c-8258-4238-9d56-dcdc2b33f0eb,created,2026-06-25T16:37:57,
39efa91e-2e82-447e-a07e-3e092522737e,e76ab43c-8258-4238-9d56-dcdc2b33f0eb,assigned,2026-06-25T23:16:48,5ddbd80d-f370-4fa7-bd64-5eec9c2f37bc
c2ac0d5f-4c7d-426a-9aa4-dd98aa1057a1,e76ab43c-8258-4238-9d56-dcdc2b33f0eb,resolved,2026-06-28T06:48:11,
7a42be6c-5530-4ba1-bf6a-7e11efb5f600,1ea8126b-03e9-4ce9-95b6-56dc50be8a4c,created,2026-07-03T16:37:57,
614b8b5d-e126-4dde-b6b0-9e50c957996d,1ea8126b-03e9-4ce9-95b6-56dc50be8a4c,assigned,2026-07-04T01:34:39,90f96181-8123-4add-8fe8-938102416710
45bb289a-bae6-444f-8643-8a79ffccf2b7,1ea8126b-03e9-4ce9-95b6-56dc50be8a4c,resolved,2026-07-06T15:04:34,
b00ae62b-0341-4cd0-8d9f-f3f87bb95e94,480ec883-b74b-4b18-9418-1020e7c494d7,created,2026-05-01T16:37:57,
240b9d40-597e-4453-8f99-014c9db27730,94b479d2-53b5-41a6-8d68-792b0b8145de,created,2026-02-27T16:37:57,
83da4c7d-7980-4a8f-900d-399e23c64bcc,94b479d2-53b5-41a6-8d68-792b0b8145de,assigned,2026-02-27T22:51:01,febe248a-e430-40d5-84d7-fc06d8b408dc
f2644985-6741-4391-a705-05323da97d37,94b479d2-53b5-41a6-8d68-792b0b8145de,resolved,2026-03-01T13:19:28,
728b0f0f-be24-4f8e-8a47-de0bc5ecba06,2046974b-e9b7-492b-a038-ed687338fa3f,created,2026-02-18T16:37:57,
0e207632-9e5e-4289-a5cd-f739fe6549f4,2046974b-e9b7-492b-a038-ed687338fa3f,assigned,2026-02-19T00:55:06,5ddbd80d-f370-4fa7-bd64-5eec9c2f37bc
5262c197-eb17-4618-9e5e-c06345a70373,fc337c07-01d5-492b-b9b9-02b69b57880c,created,2026-06-27T16:37:57,
66540978-63fc-4175-8848-3fb31a6efdf5,fc337c07-01d5-492b-b9b9-02b69b57880c,assigned,2026-06-28T02:28:15,63d29a06-4a0f-4f21-9b3c-0ca917190a59
e07e0bfd-cd19-4068-a39d-fc87e4358abb,fc337c07-01d5-492b-b9b9-02b69b57880c,resolved,2026-06-29T22:01:18,
b37254d7-4177-4110-9204-72ffb5a1f647,d047af0e-b4d9-4cc5-b6c1-2cfd354f62c1,created,2026-02-17T16:37:57,
0c508113-a817-473b-9f24-7d00bd6fbf80,d047af0e-b4d9-4cc5-b6c1-2cfd354f62c1,assigned,2026-02-18T01:00:53,38003235-c133-4913-a560-05ab3f945523
d87b42e7-a15a-4c77-a381-8aa7bd26f976,d047af0e-b4d9-4cc5-b6c1-2cfd354f62c1,resolved,2026-02-21T21:45:03,
5c908887-9949-453c-8fc1-e0d0b66905ba,297f81eb-f27f-4029-9e11-60232c7a90cf,created,2025-11-23T16:37:57,
cc4d516d-4b73-471f-9fef-0ecd5a297700,297f81eb-f27f-4029-9e11-60232c7a90cf,assigned,2025-11-24T03:30:13,d8626458-40a4-4749-8828-09916a7365e6
3ee80241-d5c2-42a7-b91e-3d39d0ad6f51,297f81eb-f27f-4029-9e11-60232c7a90cf,resolved,2025-11-25T12:23:49,
7ed47626-927f-4bb5-a7b3-52de5f3edb02,82f51ee2-206d-4258-9929-b011541418b9,created,2026-03-21T16:37:57,
6820e0bb-e6c9-4b17-b327-1ea8c6d9e026,82f51ee2-206d-4258-9929-b011541418b9,assigned,2026-03-21T23:44:48,febe248a-e430-40d5-84d7-fc06d8b408dc
08f54f82-f3db-4b54-bbb5-8b332bfb309e,82f51ee2-206d-4258-9929-b011541418b9,resolved,2026-03-25T08:11:23,
7f00ef32-ef9f-4deb-95cb-cec6df05c7b8,82f51ee2-206d-4258-9929-b011541418b9,reopened,2026-03-26T08:11:23,
cc6fc851-efc8-44b2-a8ae-4e5feefa717b,c38065b5-01a9-4eb2-a3ee-55cc2e5535e0,created,2026-01-26T16:37:57,
169d8543-99d9-4bd4-856b-204a920ebe56,c38065b5-01a9-4eb2-a3ee-55cc2e5535e0,assigned,2026-01-26T18:15:49,b00deb46-3313-4939-aac7-8e195ac8d589
798669c4-5658-4e4c-a3aa-b4be684a8802,216a714f-5100-4fc3-91f6-a921995245c8,created,2025-12-22T16:37:57,
e8090bd5-e479-400a-a88f-fb76038c2d89,216a714f-5100-4fc3-91f6-a921995245c8,assigned,2025-12-23T03:15:41,5ddbd80d-f370-4fa7-bd64-5eec9c2f37bc
cb92e125-b295-4b05-b907-a77b63f826ac,216a714f-5100-4fc3-91f6-a921995245c8,resolved,2025-12-27T03:50:19,
8d9c5110-5000-4eb9-8198-9320fcfe624e,512f8616-47ee-4f93-b709-c89ced1438f5,created,2025-12-28T16:37:57,
0626d2a3-0af1-4aa2-8db5-4a4a0086d4ab,1b0a1031-7c16-4cf5-91e3-1e6e26bc98b4,created,2026-07-25T16:37:57,
09ea1651-4a01-49e8-b470-7f3441ae15e7,1b0a1031-7c16-4cf5-91e3-1e6e26bc98b4,assigned,2026-07-26T03:24:21,8ae11eaa-8f00-40e3-b3e3-b30d399db61c
8e98d9b9-bdfa-45f9-a011-4c52c8ff1e63,1b0a1031-7c16-4cf5-91e3-1e6e26bc98b4,resolved,2026-07-29T01:56:45,
d7dd8aff-6522-4a82-8611-9dad59f9f469,8bdaffb0-82f2-441e-ab53-624752514448,created,2026-01-10T16:37:57,
bced9607-5339-4444-b531-74f4d4d3c71c,8bdaffb0-82f2-441e-ab53-624752514448,assigned,2026-01-11T02:13:40,38003235-c133-4913-a560-05ab3f945523
87cf23bb-51c2-429d-a5dd-e5af464afe70,8bdaffb0-82f2-441e-ab53-624752514448,resolved,2026-01-14T02:44:58,
61a0cc22-991b-41a0-b6f3-ef134904a3e6,7add8b4c-f6dd-454d-a8a7-013572899c9f,created,2025-11-06T16:37:57,
9f354e91-401a-443d-a595-5f1dc8145227,7add8b4c-f6dd-454d-a8a7-013572899c9f,assigned,2025-11-07T04:09:25,5ddbd80d-f370-4fa7-bd64-5eec9c2f37bc
341d095c-9761-43f0-9eed-382054a048a2,7add8b4c-f6dd-454d-a8a7-013572899c9f,resolved,2025-11-08T21:08:39,
d6ca5029-0929-4fa7-806a-9f54cea1e0e4,79d7c689-2a4b-4322-941b-86f0b2f1f695,created,2026-07-11T16:37:57,
07c5b8f6-b874-4e60-b63f-7ffc327ce6c4,79d7c689-2a4b-4322-941b-86f0b2f1f695,assigned,2026-07-11T19:18:45,febe248a-e430-40d5-84d7-fc06d8b408dc
4b5a5cec-75fa-47f4-b789-67fa4a1d20cf,79d7c689-2a4b-4322-941b-86f0b2f1f695,resolved,2026-07-12T07:24:02,
4a33890c-a1a4-416b-ba01-65a9e5ed36c6,52b8151c-1ec9-4244-8a71-687ed9d286da,created,2026-07-21T16:37:57,
4884fd3d-8ecd-47a1-86d1-20c3d46e87d2,52b8151c-1ec9-4244-8a71-687ed9d286da,assigned,2026-07-22T02:59:27,38003235-c133-4913-a560-05ab3f945523
bb58ecb3-4d81-4710-ab49-8f47c5ebafc9,52b8151c-1ec9-4244-8a71-687ed9d286da,resolved,2026-07-23T15:13:51,
5d1de9bc-ef35-421f-8222-440a0b0d8409,8a1fe5bd-662f-4526-932d-9ca5d133b0f7,created,2026-05-20T16:37:57,
89ad40bf-fc8b-49b8-b721-b4b59a1233f6,8a1fe5bd-662f-4526-932d-9ca5d133b0f7,assigned,2026-05-21T01:09:00,febe248a-e430-40d5-84d7-fc06d8b408dc
49506cf0-9448-4a34-ad3c-2f56cdf9694d,8a1fe5bd-662f-4526-932d-9ca5d133b0f7,resolved,2026-05-24T04:57:47,
48870cf1-e399-4e11-8869-9ab7f6c983b2,ba0dd752-94d7-43e9-92a8-b0eb0cf090c1,created,2026-04-05T16:37:57,
52e39638-93c7-44ed-892a-bcb107e38907,ba0dd752-94d7-43e9-92a8-b0eb0cf090c1,assigned,2026-04-06T00:13:53,febe248a-e430-40d5-84d7-fc06d8b408dc
36dd1952-34bf-4de0-9c6b-140af87b66d3,ba0dd752-94d7-43e9-92a8-b0eb0cf090c1,resolved,2026-04-09T02:47:54,
041f4f84-b4aa-434b-bfcf-7bf4806f5acc,5b4d3e04-e6ff-464b-bde5-cd065dc24d4d,created,2025-12-04T16:37:57,
11213342-6bfa-4a11-9fef-d21e451abd62,5b4d3e04-e6ff-464b-bde5-cd065dc24d4d,assigned,2025-12-04T18:18:29,90f96181-8123-4add-8fe8-938102416710
fdb37207-d7b6-4a40-a6b8-2b64f72d7920,5b4d3e04-e6ff-464b-bde5-cd065dc24d4d,resolved,2025-12-07T10:07:21,
253c77e7-57f5-4987-a177-afc3290cb97b,5b4d3e04-e6ff-464b-bde5-cd065dc24d4d,reopened,2025-12-11T10:07:21,
7dc37968-3dbd-47da-97f8-6552d16bcec1,8d9821fb-ae71-40d2-adba-2c8245b40260,created,2026-06-08T16:37:57,
214ecc20-6703-488f-9a61-35e18db2a235,8d9821fb-ae71-40d2-adba-2c8245b40260,assigned,2026-06-08T21:20:16,febe248a-e430-40d5-84d7-fc06d8b408dc
8ddb216a-7308-42b4-82f9-736cd3199cd7,8d9821fb-ae71-40d2-adba-2c8245b40260,resolved,2026-06-10T21:27:44,
9e9a37cf-f68d-4c9d-822b-860671953f6e,c290cae9-f661-4bcc-8a10-ca01f28422a2,created,2026-06-25T16:37:57,
05af63e2-4398-4cae-b07e-97fc09f48965,c290cae9-f661-4bcc-8a10-ca01f28422a2,assigned,2026-06-25T17:38:55,b00deb46-3313-4939-aac7-8e195ac8d589
a92bb525-aac5-45a6-8407-3e9861aa84e6,c290cae9-f661-4bcc-8a10-ca01f28422a2,resolved,2026-06-28T12:51:53,
c9f511e8-7ff4-444d-9787-bb591c4f11f6,0fc57b63-b810-4e1f-a79d-a718184db664,created,2025-11-05T16:37:57,
1a73ab27-4e22-46f4-8898-18e1c0d55b1d,e9741719-f942-49fa-931e-eb3361308b5e,created,2026-01-12T16:37:57,
9d7f2430-933c-47fe-8e8d-1ca264ace62a,e9741719-f942-49fa-931e-eb3361308b5e,assigned,2026-01-12T22:26:21,d8626458-40a4-4749-8828-09916a7365e6
9312a74c-10e9-4dc6-8fad-960abb7f03cb,e9741719-f942-49fa-931e-eb3361308b5e,resolved,2026-01-14T01:17:34,
33408473-6e51-41bb-9cbf-03fd8704ee8b,1d5ae8c9-08ce-4464-a8c1-cd6b102cb8d5,created,2025-12-08T16:37:57,
84d354ea-61de-430d-b7a3-96b05c905254,1d5ae8c9-08ce-4464-a8c1-cd6b102cb8d5,assigned,2025-12-09T03:15:39,5ddbd80d-f370-4fa7-bd64-5eec9c2f37bc
0e8f1955-305d-4296-a57e-e45c03998230,1d5ae8c9-08ce-4464-a8c1-cd6b102cb8d5,resolved,2025-12-11T06:31:26,
a8f4ab61-a3fa-44ab-8411-78f112aa369d,815bf17e-8195-4ccc-9e93-6eb50bc44266,created,2026-01-07T16:37:57,
19f518ee-a998-43db-ae96-38f61dd31598,815bf17e-8195-4ccc-9e93-6eb50bc44266,assigned,2026-01-07T21:09:50,febe248a-e430-40d5-84d7-fc06d8b408dc
cdf1d1ea-7642-4d30-a112-759d2636b91e,815bf17e-8195-4ccc-9e93-6eb50bc44266,resolved,2026-01-09T20:43:43,
9105c405-3488-4dcc-877a-cd9aacc1dea2,546454b2-e40d-44bd-acc0-3c384a76c7bb,created,2026-07-17T16:37:57,
001ce082-1361-4e7c-8983-113fbfa9e242,546454b2-e40d-44bd-acc0-3c384a76c7bb,assigned,2026-07-17T20:43:18,63d29a06-4a0f-4f21-9b3c-0ca917190a59
f530a137-f870-40ee-b25f-6c979ed797e2,546454b2-e40d-44bd-acc0-3c384a76c7bb,resolved,2026-07-19T06:26:55,
94056c49-1bf9-41c6-a3b4-7e7d182ddc0e,01b75859-f6e4-49b0-831f-72d543b7cf37,created,2026-01-11T16:37:57,
a6aeb69f-fdb8-41c0-8cab-91a4cfd2f67b,951a68c2-2e18-4adf-b8d7-0ac528918702,created,2026-03-03T16:37:57,
42e6f8e6-bd0f-444d-972c-4fa6f10bca5d,951a68c2-2e18-4adf-b8d7-0ac528918702,assigned,2026-03-04T00:20:46,d8626458-40a4-4749-8828-09916a7365e6
aad1e124-ba3f-41dd-b193-952d0f644639,951a68c2-2e18-4adf-b8d7-0ac528918702,resolved,2026-03-05T07:06:41,
364879e5-c8be-4929-ac86-fce2a7cc5250,e7b31f7e-bb81-4c70-adb1-7094bd76d177,created,2026-05-05T16:37:57,
bc2de390-3338-449b-9a45-683169f172d0,e7b31f7e-bb81-4c70-adb1-7094bd76d177,assigned,2026-05-06T01:02:49,38003235-c133-4913-a560-05ab3f945523
8157d203-b794-408f-a68b-7eefa4a6cb01,5147d911-1168-401a-a7f7-c7cfa545f176,created,2026-06-18T16:37:57,
01f3958c-a4db-4e24-94f9-6f8196622c42,da66b5bf-7330-4376-8ffc-d9b3fa8739bc,created,2025-10-30T16:37:57,
73424e88-264a-446d-aa33-7f35c5161c7d,da66b5bf-7330-4376-8ffc-d9b3fa8739bc,assigned,2025-10-31T04:25:01,febe248a-e430-40d5-84d7-fc06d8b408dc
61fddfef-2d0f-427c-b946-98986812d173,da66b5bf-7330-4376-8ffc-d9b3fa8739bc,resolved,2025-11-02T04:40:26,
c27e6c88-0449-45a1-be41-456cf4a6269b,99bb9def-874b-4cb3-bb13-a4806debf240,created,2026-07-27T16:37:57,
272f6ea9-153e-40c1-ad83-d9937d050b9e,99bb9def-874b-4cb3-bb13-a4806debf240,assigned,2026-07-27T18:07:34,63d29a06-4a0f-4f21-9b3c-0ca917190a59
8b11f74a-ffa3-42db-b227-8fb4f33d129e,99bb9def-874b-4cb3-bb13-a4806debf240,resolved,2026-07-28T21:29:59,
08857bb7-d54e-4557-9d65-b5f7dbfc52f5,3d302ca6-8c89-451c-b112-0e9419e2030c,created,2026-05-25T16:37:57,
54a2d3be-f780-422f-9f82-aaa650b0c617,3d302ca6-8c89-451c-b112-0e9419e2030c,assigned,2026-05-25T17:22:57,63d29a06-4a0f-4f21-9b3c-0ca917190a59
361286f5-5252-4a17-ade1-cece685a8149,3d302ca6-8c89-451c-b112-0e9419e2030c,resolved,2026-05-29T00:14:24,
508e652d-584a-4747-bbbf-fd1931f6227f,5c9c2ccf-2221-46ab-b5cd-8e403159daa7,created,2026-07-16T16:37:57,
4f756cc7-bed8-4acd-a4b2-4e9351033dc4,5c9c2ccf-2221-46ab-b5cd-8e403159daa7,assigned,2026-07-16T18:45:06,38003235-c133-4913-a560-05ab3f945523
1dc95547-8cf3-42da-9596-903ddc0e43a5,5c9c2ccf-2221-46ab-b5cd-8e403159daa7,resolved,2026-07-19T00:06:43,
8b529682-c99a-46cf-b3b5-5f83c74069bf,151c469b-22a5-4b67-ade9-546a51b3cc78,created,2026-06-02T16:37:57,
9f3b84da-9857-4d3a-aad1-f6cc93322d10,151c469b-22a5-4b67-ade9-546a51b3cc78,assigned,2026-06-02T20:46:17,90f96181-8123-4add-8fe8-938102416710
60cefead-895a-480a-8239-e50377e7268f,151c469b-22a5-4b67-ade9-546a51b3cc78,resolved,2026-06-05T23:17:28,
064591e1-f5d6-48e1-908b-c0b52550e481,ed411189-9fc4-4fe6-9b5c-9b975b990b83,created,2026-01-26T16:37:57,
a3f5a267-ae0b-47ba-ae79-a594f0b7c6cc,ed411189-9fc4-4fe6-9b5c-9b975b990b83,assigned,2026-01-26T23:43:05,5ddbd80d-f370-4fa7-bd64-5eec9c2f37bc
8db03223-0bc6-429f-93b3-839b2b2ab4e5,ed411189-9fc4-4fe6-9b5c-9b975b990b83,resolved,2026-01-30T11:57:44,
2209ac70-86a8-464b-ac81-9e958c8d0449,03e5f14f-24a2-4016-bf52-979be4fa5ceb,created,2025-12-29T16:37:57,
3039ab35-257b-4b89-91e6-e526c4dbaa15,03e5f14f-24a2-4016-bf52-979be4fa5ceb,assigned,2025-12-30T02:17:03,63d29a06-4a0f-4f21-9b3c-0ca917190a59
ab299b4f-19ee-4f13-b239-d7ddbc439b79,f70d88d7-9498-47b0-aaac-d3e906bd1bec,created,2026-05-21T16:37:57,
04b68882-6ead-4c56-970c-5fffa7ffea53,f70d88d7-9498-47b0-aaac-d3e906bd1bec,assigned,2026-05-21T20:18:26,38003235-c133-4913-a560-05ab3f945523
9a85666b-9bc7-46b2-a0d4-7dce58676ed7,f70d88d7-9498-47b0-aaac-d3e906bd1bec,resolved,2026-05-22T16:00:43,
bfdce542-ef12-4ae2-8772-c0e88964b2e1,386190eb-5b09-4565-9e4c-4185fdc12053,created,2026-01-14T16:37:57,
bdcdbf00-b321-455d-ac44-e36523daa3ef,386190eb-5b09-4565-9e4c-4185fdc12053,assigned,2026-01-14T20:30:50,90f96181-8123-4add-8fe8-938102416710
0b7bd50f-c713-4c48-935c-88b64ff89cea,386190eb-5b09-4565-9e4c-4185fdc12053,resolved,2026-01-17T13:38:32,
25659c07-a523-458f-a032-8f7902a51293,2db78aa1-e57b-4760-a713-f84a64bc898d,created,2026-06-29T16:37:57,
89428c1a-50e0-4708-869d-ca340bd44dc6,2db78aa1-e57b-4760-a713-f84a64bc898d,assigned,2026-06-30T02:18:43,8ae11eaa-8f00-40e3-b3e3-b30d399db61c
dc98db70-7537-45a2-91f0-83bfcc13a0f5,2db78aa1-e57b-4760-a713-f84a64bc898d,resolved,2026-07-01T11:35:46,
c47eaa02-12c5-4d89-b9a0-14a668a7dba0,fc4bc143-582c-400a-8460-256bb0d0186a,created,2026-03-16T16:37:57,
c0f5c0b6-14d1-4f23-9b60-1a5a8ab20ba7,fc4bc143-582c-400a-8460-256bb0d0186a,assigned,2026-03-17T01:22:20,38003235-c133-4913-a560-05ab3f945523
8b0345a8-84b0-40f3-a77c-45173e10f6c7,fc4bc143-582c-400a-8460-256bb0d0186a,resolved,2026-03-18T15:07:01,
21f5b7e2-a709-4dc1-8d3e-2323baef1f23,24f766bf-3c30-4c78-86b2-0c8e985d779f,created,2026-07-19T16:37:57,
989a3b17-879a-441b-9932-fba8fc77b384,24f766bf-3c30-4c78-86b2-0c8e985d779f,assigned,2026-07-19T23:51:18,90f96181-8123-4add-8fe8-938102416710
da7e3985-5aaf-4925-9afa-35f030a7e705,24f766bf-3c30-4c78-86b2-0c8e985d779f,resolved,2026-07-22T23:16:56,
26b591c6-f6ff-4fab-9d88-c4a501424717,2e916575-5c7b-4ebc-8388-1c2f7061e61e,created,2025-12-30T16:37:57,
c2f42096-9c5b-4ea9-856f-9cabafb436a7,2e916575-5c7b-4ebc-8388-1c2f7061e61e,assigned,2025-12-30T20:55:48,90f96181-8123-4add-8fe8-938102416710
849a4275-e80b-40a8-8c08-507a6cbc4ba5,2e916575-5c7b-4ebc-8388-1c2f7061e61e,resolved,2026-01-03T11:51:28,
6226cded-a01a-4e89-8f73-0049bb309098,ce9ab3a8-b14a-47ec-98ee-39e5dba46fa3,created,2026-06-18T16:37:57,
0834b3cd-018e-42f6-b85e-f6399d00bef3,ce9ab3a8-b14a-47ec-98ee-39e5dba46fa3,assigned,2026-06-19T01:42:22,38003235-c133-4913-a560-05ab3f945523
082ca41f-77f5-457c-9163-30d288c72995,ce9ab3a8-b14a-47ec-98ee-39e5dba46fa3,resolved,2026-06-19T18:58:55,
ea469483-f5a0-4253-8e1f-7159df0e7529,d850cd27-1238-46dd-afe1-a55136cebb76,created,2025-12-05T16:37:57,
d017ee8a-c51d-47eb-8da5-2e25c4fff0b0,4677b78c-2b04-4521-95c3-3b8a89be044c,created,2026-02-05T16:37:57,
c97af20f-de98-4a5d-8c70-5c7647a39589,4677b78c-2b04-4521-95c3-3b8a89be044c,assigned,2026-02-06T03:02:20,63d29a06-4a0f-4f21-9b3c-0ca917190a59
c3d89d39-b748-48bf-b35a-7928f01261c3,4677b78c-2b04-4521-95c3-3b8a89be044c,resolved,2026-02-09T17:37:11,
5f7ef21c-8bec-405b-bc9e-d2aad02ce5e8,2bf08bd6-c433-416f-a1cd-4f23315ad7a3,created,2026-05-17T16:37:57,
2c619811-1230-4b7d-b7a7-f2479c4becd6,2bf08bd6-c433-416f-a1cd-4f23315ad7a3,assigned,2026-05-18T03:49:47,d8626458-40a4-4749-8828-09916a7365e6
4a28fd1a-48ff-437a-8ee6-1702d9932820,539ab80f-cc60-41ef-b406-adb6dd2a7f06,created,2026-04-12T16:37:57,
d331b618-4fad-4e16-83b3-d05212055030,539ab80f-cc60-41ef-b406-adb6dd2a7f06,assigned,2026-04-13T02:05:48,febe248a-e430-40d5-84d7-fc06d8b408dc
f69554ce-4493-4fa9-80af-03cc7be1ab3e,539ab80f-cc60-41ef-b406-adb6dd2a7f06,resolved,2026-04-16T06:11:20,
c1a1e75f-39d2-4dcc-8111-4cb3da4698da,8dd760d2-aefd-4c5a-bc6d-0e44c6323cd7,created,2026-04-05T16:37:57,
7406bcc0-a60f-4477-84ed-40fe9a38c25c,8dd760d2-aefd-4c5a-bc6d-0e44c6323cd7,assigned,2026-04-06T00:09:52,38003235-c133-4913-a560-05ab3f945523
0366e1d3-059e-47b2-99fa-d8c426d25334,8dd760d2-aefd-4c5a-bc6d-0e44c6323cd7,resolved,2026-04-08T23:11:32,
240d0dde-6afa-46ba-9568-abd44e8db15f,75645be3-dfb5-4a40-baea-11d317775906,created,2025-12-31T16:37:57,
3b0e52b2-e0d8-4640-8281-7be670ccf8b4,75645be3-dfb5-4a40-baea-11d317775906,assigned,2025-12-31T17:46:47,63d29a06-4a0f-4f21-9b3c-0ca917190a59
73c28219-d8fe-43f1-a461-3f73b4de2165,75645be3-dfb5-4a40-baea-11d317775906,resolved,2026-01-01T04:09:37,
bc0142d9-a05c-4d8e-bc4c-7747e09be917,2328031e-f091-4952-8960-37db3ceabdc4,created,2026-05-26T16:37:57,
8b2e65d2-5e08-468a-a84c-35780758f277,2328031e-f091-4952-8960-37db3ceabdc4,assigned,2026-05-26T22:45:19,8ae11eaa-8f00-40e3-b3e3-b30d399db61c
d32fc80a-0177-4636-ad2a-b19c037b48f7,2328031e-f091-4952-8960-37db3ceabdc4,resolved,2026-05-28T18:05:02,
a6ca7ce4-75fc-458f-bf81-a13d634b92d9,f049f04b-a25b-4e89-9872-fe5e3a7c8286,created,2025-10-29T16:37:57,
20793b8d-04c9-46b0-8636-cba6fa6ac048,f049f04b-a25b-4e89-9872-fe5e3a7c8286,assigned,2025-10-29T17:11:43,38003235-c133-4913-a560-05ab3f945523
d944cffc-a622-42c4-bcec-f17e1b744128,f049f04b-a25b-4e89-9872-fe5e3a7c8286,resolved,2025-10-30T08:33:42,
9b20b379-8bb8-4ae6-a1cb-8ca96b8f5636,f049f04b-a25b-4e89-9872-fe5e3a7c8286,reopened,2025-11-03T08:33:42,
c68daf3a-33a4-4cdb-b487-f6336956e68c,5f48f305-2995-47c2-9c60-56b2667b61a5,created,2026-01-26T16:37:57,
a8b81bf0-e824-426a-b066-d60054a0b7ad,5f48f305-2995-47c2-9c60-56b2667b61a5,assigned,2026-01-27T03:12:18,38003235-c133-4913-a560-05ab3f945523
b931a6d6-82e9-49ab-9157-890082876633,5f48f305-2995-47c2-9c60-56b2667b61a5,resolved,2026-01-29T13:51:14,
140e08c8-f22c-4e5e-9fec-4b04799ce8d6,4ad51a90-601f-4356-80f8-9ba78b4c8c66,created,2026-05-21T16:37:57,
bb12f4ea-ade0-4717-987d-321ca5946990,4ad51a90-601f-4356-80f8-9ba78b4c8c66,assigned,2026-05-22T01:31:41,8ae11eaa-8f00-40e3-b3e3-b30d399db61c
6e0be7a0-6465-4ead-ba6b-8e0ce256c224,4ad51a90-601f-4356-80f8-9ba78b4c8c66,resolved,2026-05-24T03:56:40,
9488800b-ffc6-4fba-8171-99edb79eba5e,d4708ce2-55aa-4fa8-b24c-cf07131f4780,created,2025-11-24T16:37:57,
99cd4c8a-8784-4d7f-8c1e-b76f080f702e,d4708ce2-55aa-4fa8-b24c-cf07131f4780,assigned,2025-11-25T00:34:55,63d29a06-4a0f-4f21-9b3c-0ca917190a59
641f5057-de63-4941-b3b4-f0a07193c80f,d4708ce2-55aa-4fa8-b24c-cf07131f4780,resolved,2025-11-26T17:27:53,
95a8ccea-9a9c-43be-bef3-79acf77d085a,17389eb1-049c-4533-a537-8a9eafd9a5d1,created,2026-01-07T16:37:57,
ea75e9de-2ab5-4520-96f3-16859e07731f,17389eb1-049c-4533-a537-8a9eafd9a5d1,assigned,2026-01-07T18:28:15,5ddbd80d-f370-4fa7-bd64-5eec9c2f37bc
a6a35733-7312-4b62-aaa7-68e6cec66f3d,4c0e29df-5c0f-4fa5-9881-370aa63c0828,created,2025-11-05T16:37:57,
2d689ba3-9f22-4a11-b3d0-85bd7908d8ad,4c0e29df-5c0f-4fa5-9881-370aa63c0828,assigned,2025-11-05T22:58:26,febe248a-e430-40d5-84d7-fc06d8b408dc
62b11956-6d06-4afc-a493-130d459e674e,4c0e29df-5c0f-4fa5-9881-370aa63c0828,resolved,2025-11-08T12:53:30,
60d571c3-775e-499e-bed5-045efeea107d,b817ed23-e178-4d36-a23a-8b25e35c28b0,created,2026-04-09T16:37:57,
6119f908-b80d-4436-8d91-1195a21bfa8e,b817ed23-e178-4d36-a23a-8b25e35c28b0,assigned,2026-04-09T17:39:48,b00deb46-3313-4939-aac7-8e195ac8d589
af047b54-0adc-4c58-8ed5-cbdec1450288,b817ed23-e178-4d36-a23a-8b25e35c28b0,resolved,2026-04-12T22:12:40,
e883435e-5dbb-4994-bc96-4945ee945f84,a12d87d8-8750-4dd0-8634-5bc614fbf5bc,created,2026-03-12T16:37:57,
ea7b45b6-6ec1-42c2-8015-4196316d8371,a12d87d8-8750-4dd0-8634-5bc614fbf5bc,assigned,2026-03-12T18:25:43,5ddbd80d-f370-4fa7-bd64-5eec9c2f37bc
d0cf5de6-c3b0-4014-8aee-f6774cc4c9c9,3ed77d58-cd8d-4b6d-b3d3-7d7ebe0b38dd,created,2026-03-24T16:37:57,
d6a59abd-fe2d-4d39-9a6a-7ca439aa795c,3ed77d58-cd8d-4b6d-b3d3-7d7ebe0b38dd,assigned,2026-03-24T21:32:02,d8626458-40a4-4749-8828-09916a7365e6
4dad90f0-78b1-42e8-8d3d-e5e6b640cd57,3ed77d58-cd8d-4b6d-b3d3-7d7ebe0b38dd,resolved,2026-03-28T03:24:39,
a8ac8b62-00fc-469b-b679-70cab98b9c55,a5eb58e5-7ef8-4a77-845f-425e007d59c4,created,2026-02-15T16:37:57,
2c340f18-0436-4511-8d4a-525f85c12963,a5eb58e5-7ef8-4a77-845f-425e007d59c4,assigned,2026-02-16T00:43:25,38003235-c133-4913-a560-05ab3f945523
242462aa-56fc-4366-a4c8-9fde020c9439,4026e278-39c5-4e6e-b136-ab21672fef5e,created,2026-02-02T16:37:57,
c8f0fe40-efa3-4c96-b1b1-1fcf7ccc374e,4026e278-39c5-4e6e-b136-ab21672fef5e,assigned,2026-02-02T20:15:44,b00deb46-3313-4939-aac7-8e195ac8d589
6990a970-b67b-40b6-be18-bdde84523ed6,4026e278-39c5-4e6e-b136-ab21672fef5e,resolved,2026-02-04T06:01:58,
0f5f94ad-489a-4596-99b0-ba474436a07b,4674a5da-12be-4949-87a7-f42869f04b29,created,2026-08-10T16:37:57,
d7960cd4-8dc0-4952-b4da-ecd76483be7f,4674a5da-12be-4949-87a7-f42869f04b29,assigned,2026-08-11T03:09:18,b00deb46-3313-4939-aac7-8e195ac8d589
aebbc402-5aef-49da-a4bf-1b50d4d078eb,c26f5915-eed7-4bab-b9ef-9a01d3ed7b73,created,2026-06-13T16:37:57,
875d53d6-4b43-4551-a5d8-7f5db94d1e86,c26f5915-eed7-4bab-b9ef-9a01d3ed7b73,assigned,2026-06-13T19:16:10,90f96181-8123-4add-8fe8-938102416710
0d273142-e9f9-4b57-bb33-723b059e4bde,c26f5915-eed7-4bab-b9ef-9a01d3ed7b73,resolved,2026-06-15T02:24:07,
5b9e9dd3-befb-4a64-945c-5d506289ca83,2fd17399-3236-4789-aa1f-6a2049beef09,created,2026-08-06T16:37:57,
379e9566-7f98-41d8-8b3a-5746471d7c66,2fd17399-3236-4789-aa1f-6a2049beef09,assigned,2026-08-06T22:36:15,63d29a06-4a0f-4f21-9b3c-0ca917190a59
3aba94bd-693a-4754-908b-b43a8b122abd,2fd17399-3236-4789-aa1f-6a2049beef09,resolved,2026-08-09T18:38:15,
e7d0a2bb-d368-412c-82d2-aa7bec520115,55496b47-5760-4051-992b-0f6b8ef59d36,created,2026-04-25T16:37:57,
2918aaa7-cce0-4122-8bb0-45e69f086caf,55496b47-5760-4051-992b-0f6b8ef59d36,assigned,2026-04-25T21:26:19,b00deb46-3313-4939-aac7-8e195ac8d589
c529bd2e-ffeb-4705-be46-ef55452d0183,a06d404e-4b3f-4702-8b52-574ddd0beb45,created,2026-01-10T16:37:57,
7649c102-7d47-4f96-8244-c2ba669f1a78,a06d404e-4b3f-4702-8b52-574ddd0beb45,assigned,2026-01-11T02:02:56,febe248a-e430-40d5-84d7-fc06d8b408dc
f6d9e012-df27-424a-b3e4-c2c7e5b8a51a,a06d404e-4b3f-4702-8b52-574ddd0beb45,resolved,2026-01-13T12:52:11,
a2c81cbe-6b2d-4159-b8f6-6341f27c6c44,c9058842-200c-49a8-ab74-963911a21f0c,created,2026-01-31T16:37:57,
ed8d2fad-d63b-4976-8bf8-bd63d9b081e3,c9058842-200c-49a8-ab74-963911a21f0c,assigned,2026-01-31T19:16:02,38003235-c133-4913-a560-05ab3f945523
b85903d0-43bd-4433-bf5a-36be2c275385,ae657bcc-a8be-4722-9dcf-440f0d6d9279,created,2025-12-04T16:37:57,
e8ec3f12-99f8-4620-b5e5-95f089e746a7,ae657bcc-a8be-4722-9dcf-440f0d6d9279,assigned,2025-12-04T21:52:01,5ddbd80d-f370-4fa7-bd64-5eec9c2f37bc
b53cb7a8-2f17-4a8f-9491-16081b049f93,ae657bcc-a8be-4722-9dcf-440f0d6d9279,resolved,2025-12-07T09:38:34,
9886ee48-960e-4b03-84ff-dc6e1ce68f17,59a707bd-ac4a-4f7f-9004-477599e33e4e,created,2026-07-29T16:37:57,
d2be36df-9be6-4f33-ab9c-070b6b735ad2,59a707bd-ac4a-4f7f-9004-477599e33e4e,assigned,2026-07-30T00:23:36,8ae11eaa-8f00-40e3-b3e3-b30d399db61c
c9494dbf-f516-4c2c-94ad-b0a64c535e8e,59a707bd-ac4a-4f7f-9004-477599e33e4e,resolved,2026-07-31T09:49:54,
976bd443-9df3-43e7-9a5f-5f1ffd70cd6a,c719c23a-31e3-4d0a-aa3b-c01f666843b5,created,2026-06-12T16:37:57,
d8e4d10a-9e8a-4e1e-b9f6-ce0089ceb455,c719c23a-31e3-4d0a-aa3b-c01f666843b5,assigned,2026-06-13T01:47:30,63d29a06-4a0f-4f21-9b3c-0ca917190a59
4a399358-8b24-4576-aa11-870a32c39403,c719c23a-31e3-4d0a-aa3b-c01f666843b5,resolved,2026-06-15T11:43:04,
af382ce6-2bd6-4e70-98be-d8cfdb02fcba,58220d0e-47b1-4cb3-9ccf-0349669c8e22,created,2026-06-18T16:37:57,
bb1f37aa-8439-493a-9d1d-836247889332,58220d0e-47b1-4cb3-9ccf-0349669c8e22,assigned,2026-06-19T00:37:59,38003235-c133-4913-a560-05ab3f945523
ec63d337-bcc4-462a-9ccd-5c0170cc5af9,58220d0e-47b1-4cb3-9ccf-0349669c8e22,resolved,2026-06-20T19:28:14,
09128c97-3009-4453-baaa-822fbcd2db44,9ea690c1-0df0-4def-9149-7ed65f006543,created,2025-11-17T16:37:57,
34078a31-ba47-4500-a54f-43bc5aa891b3,9ea690c1-0df0-4def-9149-7ed65f006543,assigned,2025-11-17T20:29:43,63d29a06-4a0f-4f21-9b3c-0ca917190a59
0a92fccd-1196-4d53-bafd-e5f3fa1924eb,9ea690c1-0df0-4def-9149-7ed65f006543,resolved,2025-11-20T07:05:03,
a4da92b6-7f1a-415f-af96-09f9983149fd,8781364a-df59-4d93-9de9-596412666a26,created,2026-02-23T16:37:57,
947478b8-f4fb-4d52-bf47-0baba4902b4e,8781364a-df59-4d93-9de9-596412666a26,assigned,2026-02-23T20:19:37,38003235-c133-4913-a560-05ab3f945523
df3a6a15-cf79-4637-9920-ecbe38ff627a,8781364a-df59-4d93-9de9-596412666a26,resolved,2026-02-25T18:15:37,
8be12538-3b4f-426d-ad05-f3dd5a9bdba8,53017ab6-a738-4a57-a09a-82dc735cfeaf,created,2026-05-21T16:37:57,
e2383eaa-bfb6-41d9-b2c3-5225a8443427,53017ab6-a738-4a57-a09a-82dc735cfeaf,assigned,2026-05-22T02:40:29,63d29a06-4a0f-4f21-9b3c-0ca917190a59
5ec80b9e-52ef-4a61-a822-0659ef7c0780,7c98a480-721e-43ff-8212-059325f886f5,created,2026-01-04T16:37:57,
c3081517-3671-43a8-9f7d-da444c2ddf97,7c98a480-721e-43ff-8212-059325f886f5,assigned,2026-01-05T00:02:34,d8626458-40a4-4749-8828-09916a7365e6
ff525256-ad28-4a73-a6ad-6de402b3c124,e95cd6da-76fe-498f-8776-e6af25ba519e,created,2026-01-13T16:37:57,
bb7d0b07-f08a-4fc7-8780-e4e568068786,e95cd6da-76fe-498f-8776-e6af25ba519e,assigned,2026-01-13T22:48:07,d8626458-40a4-4749-8828-09916a7365e6
bc1c58cf-1785-40f7-81c4-4b73dbca8720,e95cd6da-76fe-498f-8776-e6af25ba519e,resolved,2026-01-15T17:30:49,
b33ca54c-56d4-4b59-a799-95dfc42b558c,554cc868-40cf-410b-bed6-69e80cf30567,created,2026-08-10T16:37:57,
a6e53af8-401e-4b4c-a3dd-37109e3f7c6a,554cc868-40cf-410b-bed6-69e80cf30567,assigned,2026-08-10T19:49:57,b00deb46-3313-4939-aac7-8e195ac8d589
973a42a6-2bf4-48b8-af37-64870f57d82f,554cc868-40cf-410b-bed6-69e80cf30567,resolved,2026-08-12T00:18:25,
aa235e9d-bc81-41e3-91d3-cd12364693fa,8ada5fd1-daad-4cc8-ab1f-5409b5b25274,created,2026-05-07T16:37:57,
9733924d-990c-4b70-895f-5be986a0f6f5,8ada5fd1-daad-4cc8-ab1f-5409b5b25274,assigned,2026-05-07T23:33:50,5ddbd80d-f370-4fa7-bd64-5eec9c2f37bc
9db34946-bad3-4084-a6b6-4cdf320d2d75,8ada5fd1-daad-4cc8-ab1f-5409b5b25274,resolved,2026-05-09T03:16:51,
1b2fe4a0-52e6-4325-9473-094efe462fd4,8c310451-430f-403d-99dc-d49acea55b9e,created,2026-07-09T16:37:57,
e837a01b-d736-4e3d-bfa3-f16753b55ed8,8c310451-430f-403d-99dc-d49acea55b9e,assigned,2026-07-10T02:41:22,63d29a06-4a0f-4f21-9b3c-0ca917190a59
87da54db-4d92-4a11-a3c2-fcaddfacffb8,5561d65d-109f-49b8-a4a9-d0bbc9963e59,created,2025-10-20T16:37:57,
a166a644-8104-452f-abdc-f95e22154a34,5561d65d-109f-49b8-a4a9-d0bbc9963e59,assigned,2025-10-20T21:59:59,b00deb46-3313-4939-aac7-8e195ac8d589
fb622bfe-89c7-4eec-943f-9cbb10c6858d,879a70d4-bce5-4f8e-bf0f-38688229777e,created,2026-06-15T16:37:57,
19cfe00e-e42f-4161-acbb-d91f6ca16223,879a70d4-bce5-4f8e-bf0f-38688229777e,assigned,2026-06-15T20:23:24,8ae11eaa-8f00-40e3-b3e3-b30d399db61c
eb847d9e-7b9f-45c2-8013-35e452428e1a,879a70d4-bce5-4f8e-bf0f-38688229777e,resolved,2026-06-18T14:18:06,
97d1dc0d-8323-4d66-a6a9-69a3c1a30bac,a1c83a84-6d5c-4663-b618-c6e63faf110b,created,2026-03-31T16:37:57,
52073e1c-a70f-46b4-b0ad-9ce2659fc128,a1c83a84-6d5c-4663-b618-c6e63faf110b,assigned,2026-03-31T21:52:32,b00deb46-3313-4939-aac7-8e195ac8d589
57424ca7-8711-4674-87d7-e8286dea0781,6f7b8bd6-1f53-48ba-9859-ede1223954ed,created,2026-06-06T16:37:57,
50b5f64e-74bf-48ae-884d-b1b4a3f6bd40,6f7b8bd6-1f53-48ba-9859-ede1223954ed,assigned,2026-06-07T02:24:14,8ae11eaa-8f00-40e3-b3e3-b30d399db61c
20c5e05a-1a4b-43e4-836a-dd2fade74bd0,4aaa072f-a518-48e1-97f6-cbdf108b227e,created,2025-12-23T16:37:57,
51e1e9d5-74cf-41ca-8c08-409d9952113e,4aaa072f-a518-48e1-97f6-cbdf108b227e,assigned,2025-12-23T21:19:44,8ae11eaa-8f00-40e3-b3e3-b30d399db61c
8602589e-26f0-455e-abca-1ee3ae0c9a70,85413eb1-3722-4e44-8355-fc58e3f0e96e,created,2025-12-20T16:37:57,
74d6f8ed-f510-49ba-933b-330834f83be2,85413eb1-3722-4e44-8355-fc58e3f0e96e,assigned,2025-12-21T00:27:13,b00deb46-3313-4939-aac7-8e195ac8d589
3cb3820a-7cce-46d9-a5ce-39aabe28f516,85413eb1-3722-4e44-8355-fc58e3f0e96e,resolved,2025-12-24T12:14:38,
f91ab3a7-16e9-4545-90c3-0f8150e12607,885ada13-b6d3-4f90-a915-30f35d3050d8,created,2026-02-27T16:37:57,
ae5fd52e-9a48-44cc-badb-7eb2b5f78da2,0dd72d85-1628-423f-a62c-f9d88cea6971,created,2026-02-16T16:37:57,
aab44055-94ea-4b43-96a7-c865b22a2b8a,0dd72d85-1628-423f-a62c-f9d88cea6971,assigned,2026-02-16T22:56:23,90f96181-8123-4add-8fe8-938102416710
4c40dbc4-badb-49c0-8417-35266c1450ca,0dd72d85-1628-423f-a62c-f9d88cea6971,resolved,2026-02-20T09:47:02,
08663a54-2fa4-46b9-a0fd-cfd17a52f8ac,92333b49-8c37-429a-9790-d54f3a4d31d2,created,2025-11-03T16:37:57,
ed81d1b4-8ffa-4ca5-bb48-727fe1ce2beb,92333b49-8c37-429a-9790-d54f3a4d31d2,assigned,2025-11-03T23:40:39,63d29a06-4a0f-4f21-9b3c-0ca917190a59
d2c51b38-f26c-4bb8-a1c1-e938f5fedf6d,92333b49-8c37-429a-9790-d54f3a4d31d2,resolved,2025-11-06T06:53:04,
07f862ca-274a-4792-9c15-791ed66a8b23,1801552c-edca-4d64-b618-f3eedcd83e18,created,2026-05-08T16:37:57,
8425d859-84e2-4c69-8309-0539f21a06db,1801552c-edca-4d64-b618-f3eedcd83e18,assigned,2026-05-09T02:45:20,38003235-c133-4913-a560-05ab3f945523
b87cf176-f59a-41a8-8739-d76c2739da63,1801552c-edca-4d64-b618-f3eedcd83e18,resolved,2026-05-11T12:27:01,
4e6186de-86da-4b0f-a532-cdfa32b3d2f9,4b048cdd-a365-4adb-9454-4f9b94f33240,created,2026-04-19T16:37:57,
52ebefab-618c-4662-bc0a-97ecfdb5c8dd,4b048cdd-a365-4adb-9454-4f9b94f33240,assigned,2026-04-20T02:16:53,90f96181-8123-4add-8fe8-938102416710
fcdf6b5a-ab61-4ffe-b26b-5686e7586880,4b048cdd-a365-4adb-9454-4f9b94f33240,resolved,2026-04-21T00:03:38,
b67a487b-1a7d-4145-858a-a083a1f89ec0,7304fe4a-c55c-4932-b4a3-56c96198042f,created,2025-11-04T16:37:57,
3e490c77-8958-4f39-9aa4-f94d85635bf7,7304fe4a-c55c-4932-b4a3-56c96198042f,assigned,2025-11-05T03:25:02,90f96181-8123-4add-8fe8-938102416710
64ed42d4-bc5a-4f14-b28a-be9d59d9bf70,7304fe4a-c55c-4932-b4a3-56c96198042f,resolved,2025-11-06T03:59:06,
b2d3f6e1-6cf8-4708-89e2-b3b55296ccf9,2ead985a-6688-4aaa-899a-9704618b9d3b,created,2026-04-24T16:37:57,
64f4f562-31f7-49f7-8be6-adb69de11599,2ead985a-6688-4aaa-899a-9704618b9d3b,assigned,2026-04-24T18:37:31,90f96181-8123-4add-8fe8-938102416710
c0b39578-1fb2-4f7e-a60a-5ab9ff20ec36,4e7992c2-f452-488b-a5ac-621be17361fc,created,2026-04-16T16:37:57,
b020adc6-a09e-4121-987c-fba3df831f02,4e7992c2-f452-488b-a5ac-621be17361fc,assigned,2026-04-16T21:21:02,febe248a-e430-40d5-84d7-fc06d8b408dc
5de738c0-563b-4bf5-8e8a-117c43ffdbf4,4e7992c2-f452-488b-a5ac-621be17361fc,resolved,2026-04-17T01:37:28,
76ac7641-7f2d-4817-8b4b-77fb77e25d72,8345ef82-3032-4b0e-ae65-c1f49e1f70cb,created,2025-12-11T16:37:57,
01ce5df6-9c1d-49eb-a2ac-e09d512d6185,d34dc1bf-c5c6-40b3-9971-bff3bc3056dd,created,2025-12-04T16:37:57,
69e9b763-12ef-4ab6-b112-645e6955ae23,d34dc1bf-c5c6-40b3-9971-bff3bc3056dd,assigned,2025-12-05T04:19:11,febe248a-e430-40d5-84d7-fc06d8b408dc
bdb46e9d-a603-4c71-a3be-aa14b1ed1242,d34dc1bf-c5c6-40b3-9971-bff3bc3056dd,resolved,2025-12-08T08:57:22,
89493060-107d-4236-8d5e-acb3cb433894,2aa902c6-05ea-4aa2-8e69-d9774d5c460d,created,2026-03-03T16:37:57,
9db3a9b7-74e7-4751-856d-ed4dba5ea1e4,2aa902c6-05ea-4aa2-8e69-d9774d5c460d,assigned,2026-03-03T18:29:08,90f96181-8123-4add-8fe8-938102416710
ac18e50c-0290-4830-9f20-e53c59306618,05614ed0-fec2-496e-a072-732ebdde370c,created,2026-05-04T16:37:57,
9f4a9ded-4a6b-4e49-9ca1-33e9ff01da14,05614ed0-fec2-496e-a072-732ebdde370c,assigned,2026-05-05T00:14:06,38003235-c133-4913-a560-05ab3f945523
98d4e9f5-cacf-47fa-99be-60823c609775,05614ed0-fec2-496e-a072-732ebdde370c,resolved,2026-05-07T05:42:04,
10214a95-5ff7-47c1-b4d3-46c5fa0b7aec,f8be11c9-75e9-40f5-aa44-845cf9479f7d,created,2026-04-10T16:37:57,
f4aa5ff1-c383-42e3-9fb9-8a93ac4df493,f8be11c9-75e9-40f5-aa44-845cf9479f7d,assigned,2026-04-11T01:56:45,38003235-c133-4913-a560-05ab3f945523
60852038-938f-46ae-9080-1393ba1840f2,f8be11c9-75e9-40f5-aa44-845cf9479f7d,resolved,2026-04-13T14:37:18,
843daed8-413c-41e7-af62-14229678a332,57f94b5c-676a-4d05-8a99-c6f96c2d929e,created,2026-01-01T16:37:57,
e1cf53e2-5b95-4ff7-8a09-76ae19d02fc6,57f94b5c-676a-4d05-8a99-c6f96c2d929e,assigned,2026-01-01T19:49:00,b00deb46-3313-4939-aac7-8e195ac8d589
90fd43da-1b32-4c6e-a7da-9c7d227834a7,84296b56-6a3a-4ceb-a194-949a7a8c28f0,created,2026-07-20T16:37:57,
695091dd-e65a-4073-afbd-05bfff12b646,84296b56-6a3a-4ceb-a194-949a7a8c28f0,assigned,2026-07-20T20:26:20,8ae11eaa-8f00-40e3-b3e3-b30d399db61c
6332e02f-702b-4c7c-98ec-b164ed2efdc4,84296b56-6a3a-4ceb-a194-949a7a8c28f0,resolved,2026-07-23T08:34:23,
adf570b1-e36b-423f-a810-0aae0c3061f6,c84ffe66-de00-43e3-9df0-ce1b8b148514,created,2026-05-24T16:37:57,
b09381f8-86cd-413a-8137-72c5235a1f87,c84ffe66-de00-43e3-9df0-ce1b8b148514,assigned,2026-05-24T22:08:50,63d29a06-4a0f-4f21-9b3c-0ca917190a59
7fe970d5-43f4-4dfc-a553-d8177775a5be,c84ffe66-de00-43e3-9df0-ce1b8b148514,resolved,2026-05-27T21:54:32,
a49a6b51-0efe-49ea-b6b8-1ca74ec8a12a,485f0729-fd03-4647-ab61-51561be5624e,created,2026-03-09T16:37:57,
5096c3a0-6b8d-4301-b07d-0447fe720d13,485f0729-fd03-4647-ab61-51561be5624e,assigned,2026-03-09T19:39:12,febe248a-e430-40d5-84d7-fc06d8b408dc
c11240da-4fe7-4441-94e9-b4e6335d7c2d,38328d63-9d26-411e-b531-1862a7131ec8,created,2026-05-28T16:37:57,
dfc7a8c1-4b12-457d-bc83-bab434a3c996,38328d63-9d26-411e-b531-1862a7131ec8,assigned,2026-05-28T21:53:35,d8626458-40a4-4749-8828-09916a7365e6
923caa75-9b6c-485e-ad54-3d0efb227807,61372d5c-f6b1-4024-84eb-b5dc2def40c9,created,2025-11-07T16:37:57,
8500c5e6-3428-4e05-bcae-2b34e07e8d12,61372d5c-f6b1-4024-84eb-b5dc2def40c9,assigned,2025-11-08T01:41:57,b00deb46-3313-4939-aac7-8e195ac8d589
f2276c7e-e682-472c-a4d7-2a6586394dff,21c40221-f42e-4597-adf4-6c5f0dce44f3,created,2026-04-25T16:37:57,
774e1e4e-04ef-41be-ac16-2d47a56c7737,21c40221-f42e-4597-adf4-6c5f0dce44f3,assigned,2026-04-26T02:22:24,d8626458-40a4-4749-8828-09916a7365e6
0ed28d5c-9ac7-4ee2-98ae-732b39a17fa8,21c40221-f42e-4597-adf4-6c5f0dce44f3,resolved,2026-04-28T20:11:07,
f72a83a1-e646-443d-a49f-a8f8be9efb93,ec97443d-bb6c-4caa-a37a-08df38b86b26,created,2025-12-02T16:37:57,
146d4ad5-20bb-47dd-a6a5-8fa89b46712d,ec97443d-bb6c-4caa-a37a-08df38b86b26,assigned,2025-12-02T20:09:13,90f96181-8123-4add-8fe8-938102416710
d98316d8-3df6-4ebd-ab9d-243965688149,ec97443d-bb6c-4caa-a37a-08df38b86b26,resolved,2025-12-04T09:34:30,
663a4731-e3db-414e-b12d-f8d72aaa8b94,6f168554-8546-47a3-b014-ab072b4c3a55,created,2025-12-17T16:37:57,
2406e60a-8eb4-480e-8d00-6dd1213927fa,232b9c2a-48c3-4fef-94ec-d12a47722be5,created,2026-08-15T16:37:57,
3efbe98b-2b0c-4314-99c1-2248902e95a4,232b9c2a-48c3-4fef-94ec-d12a47722be5,assigned,2026-08-15T21:35:48,b00deb46-3313-4939-aac7-8e195ac8d589
3c5915ab-9c9e-443d-8acb-a60d945f1bc9,232b9c2a-48c3-4fef-94ec-d12a47722be5,resolved,2026-08-16T11:32:27,
f54878e5-8057-4395-95a6-bf0af34b319e,58c5bbc3-8485-499e-8d8c-09e3fa644497,created,2026-05-13T16:37:57,
fe6f808b-fa69-41d8-bce0-e2907b489563,58c5bbc3-8485-499e-8d8c-09e3fa644497,assigned,2026-05-14T02:02:52,b00deb46-3313-4939-aac7-8e195ac8d589
84f69996-4330-4677-974a-5aaa16e02679,58c5bbc3-8485-499e-8d8c-09e3fa644497,resolved,2026-05-17T17:37:33,
29e09f6b-2fea-440b-a2a3-93633010c182,200edf09-7668-4b0f-baf2-5d452b0e5507,created,2026-02-25T16:37:57,
e4ec2623-662f-486f-84c0-33adbedacb70,200edf09-7668-4b0f-baf2-5d452b0e5507,assigned,2026-02-25T18:55:37,38003235-c133-4913-a560-05ab3f945523
38d8e093-9f8e-426b-8f24-b5ea2271c105,f1930c23-ce54-47da-a009-fa22ec0fbae6,created,2026-07-10T16:37:57,
58653956-e1b2-4229-9c23-f6f048aa2698,f1930c23-ce54-47da-a009-fa22ec0fbae6,assigned,2026-07-11T03:35:43,d8626458-40a4-4749-8828-09916a7365e6
f9bc0f6f-3a4d-4fd5-995c-7a3c3ef6e589,f1930c23-ce54-47da-a009-fa22ec0fbae6,resolved,2026-07-14T16:15:28,
302396d3-5176-483a-b7a9-1920fe5e64b1,4fc0acc3-69cd-4b04-bce4-d3c4057b94b5,created,2026-01-03T16:37:57,
7b637a75-65a9-4937-afe7-1a542a5feb32,4fc0acc3-69cd-4b04-bce4-d3c4057b94b5,assigned,2026-01-04T01:23:37,5ddbd80d-f370-4fa7-bd64-5eec9c2f37bc
9ffc786b-b92d-46a5-b347-aca9879bf9c2,4fc0acc3-69cd-4b04-bce4-d3c4057b94b5,resolved,2026-01-06T17:51:28,
5d8be85d-850d-4f4d-9aa8-23b5a8677bba,fef4e042-b566-4a5d-9542-f7e1b06b111e,created,2026-05-29T16:37:57,
a5cdc378-e172-46b0-a206-a62165414d57,fef4e042-b566-4a5d-9542-f7e1b06b111e,assigned,2026-05-30T02:43:37,38003235-c133-4913-a560-05ab3f945523
f76f745a-afc3-4c4a-8bf0-234f4ebd9029,fef4e042-b566-4a5d-9542-f7e1b06b111e,resolved,2026-06-01T07:43:59,
169cfdf9-6ad6-4312-83ad-a36d7e169d7c,c156492f-bc91-494b-ba34-1aa02a8b057d,created,2026-04-22T16:37:57,
e90abb31-c9dd-48c0-acb1-7ed20e88fd7c,c156492f-bc91-494b-ba34-1aa02a8b057d,assigned,2026-04-23T02:12:02,8ae11eaa-8f00-40e3-b3e3-b30d399db61c
fd775554-bdb1-4d12-b14e-bbee358b276c,c875971b-9a76-4a37-9673-3f2041dd66d7,created,2025-10-25T16:37:57,
66b7750d-9103-4472-b5d1-8da30c31cc53,c875971b-9a76-4a37-9673-3f2041dd66d7,assigned,2025-10-25T19:20:44,8ae11eaa-8f00-40e3-b3e3-b30d399db61c
4c2e064b-976b-487b-8440-1fab38392926,74eade96-d66b-494d-bbf0-d34d6d44eaed,created,2025-12-31T16:37:57,
626c692c-b422-4e59-be0d-09216554c9f0,74eade96-d66b-494d-bbf0-d34d6d44eaed,assigned,2025-12-31T23:52:05,5ddbd80d-f370-4fa7-bd64-5eec9c2f37bc
697862a8-442a-47af-810b-8797dc2add24,74eade96-d66b-494d-bbf0-d34d6d44eaed,resolved,2026-01-04T09:46:12,
262231f0-f825-400f-93cb-7dd0c28d1e2e,7162c8ec-284d-4eee-8e92-110f6e7d2f18,created,2026-08-01T16:37:57,
12308dc2-46af-4cdd-bb3a-72c478c8fc58,7162c8ec-284d-4eee-8e92-110f6e7d2f18,assigned,2026-08-02T02:24:32,5ddbd80d-f370-4fa7-bd64-5eec9c2f37bc
0128221c-322f-4c83-b00b-ffe77509dbfa,7162c8ec-284d-4eee-8e92-110f6e7d2f18,resolved,2026-08-03T10:13:42,
4cb015cf-498f-47a5-9e84-6d2372cd6d9a,ed4f19c8-f5fd-40cd-808d-8d67b4ca1806,created,2026-06-13T16:37:57,
f3ad5e5d-3596-4634-8482-9b96f959631d,ed4f19c8-f5fd-40cd-808d-8d67b4ca1806,assigned,2026-06-14T00:29:40,38003235-c133-4913-a560-05ab3f945523
31fd74bb-f269-4dbb-adf9-cb56e121bed9,ed4f19c8-f5fd-40cd-808d-8d67b4ca1806,resolved,2026-06-15T14:08:41,
9955ddb7-a083-4e53-98a6-c8f60b12d60f,d24729c7-d1c3-4b2a-8ca5-886fd9bba6d7,created,2026-02-03T16:37:57,
e9909b7e-e64d-439f-ac73-faa9bf2b3ca9,d24729c7-d1c3-4b2a-8ca5-886fd9bba6d7,assigned,2026-02-04T01:07:45,8ae11eaa-8f00-40e3-b3e3-b30d399db61c
0696c9d4-0441-483a-838b-b476db084f4d,d24729c7-d1c3-4b2a-8ca5-886fd9bba6d7,resolved,2026-02-04T23:46:47,
4aff104e-9330-4df2-a2ae-99d69c76f3ee,eced2cf7-732c-492f-8ff4-58baacddbd82,created,2026-05-04T16:37:57,
13b2780f-8042-4461-a366-922d6c97eba9,eced2cf7-732c-492f-8ff4-58baacddbd82,assigned,2026-05-05T04:37:49,90f96181-8123-4add-8fe8-938102416710
dd3ae578-ae40-4cfb-a122-c467950e3319,eced2cf7-732c-492f-8ff4-58baacddbd82,resolved,2026-05-08T05:05:08,
626fa76b-2f28-499c-ac16-6f8e3b391637,3a41ae13-42ba-4a5c-a781-c2f30b84e579,created,2026-05-14T16:37:57,
a067e0d5-cc1f-4395-b4c3-19853ccb2fc9,3a41ae13-42ba-4a5c-a781-c2f30b84e579,assigned,2026-05-15T00:17:12,8ae11eaa-8f00-40e3-b3e3-b30d399db61c
4a547736-378f-4609-81c4-d996a5375448,3a41ae13-42ba-4a5c-a781-c2f30b84e579,resolved,2026-05-18T21:01:56,
a839e746-22ce-4e62-a1d3-ab7103a9805f,32854f05-16e9-47d2-8013-1c01e63b3ccc,created,2026-01-28T16:37:57,
5e7d2e04-e9f3-4c8d-ae8b-832821bbd6ae,61d46626-8c5d-4eca-bbb0-fac42ca226d3,created,2026-03-31T16:37:57,
19d57b7a-f879-487b-a354-4c9f5c073e69,61d46626-8c5d-4eca-bbb0-fac42ca226d3,assigned,2026-03-31T23:39:48,8ae11eaa-8f00-40e3-b3e3-b30d399db61c
aeae5dbf-0127-4e20-871d-457914aaee0e,b839856e-b522-4bc8-b02e-27a359a6f93d,created,2026-07-03T16:37:57,
69bcaa80-5ed8-403c-90f2-4261938385d7,b839856e-b522-4bc8-b02e-27a359a6f93d,assigned,2026-07-03T20:24:39,b00deb46-3313-4939-aac7-8e195ac8d589
be30acb1-c00e-434e-8e6d-ad596f70c6ba,b839856e-b522-4bc8-b02e-27a359a6f93d,resolved,2026-07-04T22:12:44,
0f22f4fc-a4c0-4712-bd30-6e7476625bd6,3b5efebc-b375-41cd-9a08-37f228687208,created,2026-06-02T16:37:57,
39f73622-c7fb-48b3-82ca-0975599b3111,3b5efebc-b375-41cd-9a08-37f228687208,assigned,2026-06-02T23:26:35,febe248a-e430-40d5-84d7-fc06d8b408dc
85638dcf-6261-4972-98ce-eea1ffc24d16,3b5efebc-b375-41cd-9a08-37f228687208,resolved,2026-06-06T03:04:03,
15b2f509-59ef-433d-b34f-10fcad3f2fd0,48b74717-3950-4b19-a5aa-0d07e76d6161,created,2026-05-05T16:37:57,
6d2bd19e-b7ec-4cf6-9bc9-6bcc32bb57e6,48b74717-3950-4b19-a5aa-0d07e76d6161,assigned,2026-05-05T21:39:13,8ae11eaa-8f00-40e3-b3e3-b30d399db61c
5eab77fe-4f95-487c-9299-101a74f3c1d4,48b74717-3950-4b19-a5aa-0d07e76d6161,resolved,2026-05-07T21:10:25,
63f80820-cdf0-4c65-81e0-41712281bff3,3636b2d6-b25c-4534-a4b2-a583c6ce351c,created,2026-04-30T16:37:57,
e812a004-77af-463d-97f5-7a094c3d2cd5,3636b2d6-b25c-4534-a4b2-a583c6ce351c,assigned,2026-04-30T23:02:14,63d29a06-4a0f-4f21-9b3c-0ca917190a59
85f2a37d-ca4d-431c-b45f-0b3cdb1f956b,3636b2d6-b25c-4534-a4b2-a583c6ce351c,resolved,2026-05-01T19:59:13,
215cf3c5-8a9e-46d6-b94c-7935bfc7b3ce,b0659f84-f7d7-4179-bb39-324efe40dd55,created,2026-01-27T16:37:57,
5ce3b03a-2089-4bae-b79c-e76f078bd0a6,b0659f84-f7d7-4179-bb39-324efe40dd55,assigned,2026-01-27T19:02:52,8ae11eaa-8f00-40e3-b3e3-b30d399db61c
d50e2908-97ed-43eb-8ec8-b1cbd1266f3d,b0659f84-f7d7-4179-bb39-324efe40dd55,resolved,2026-01-29T06:20:33,
fb43f2a0-ebd4-48b3-a2df-108fc7a3bd6d,5df50437-ec3c-4b96-9f34-ffd2b93992d5,created,2026-05-14T16:37:57,
2b860f14-dedd-48d7-863e-97d38ca96e3b,5df50437-ec3c-4b96-9f34-ffd2b93992d5,assigned,2026-05-14T20:19:59,d8626458-40a4-4749-8828-09916a7365e6
de53a5d7-2daf-4e3c-978a-c6bdbb0b1d06,3d79ead7-c274-4023-a435-49700a7437c3,created,2026-01-30T16:37:57,
3c4a28d7-d53d-4c5f-9a22-20e3bdf4da8b,3d79ead7-c274-4023-a435-49700a7437c3,assigned,2026-01-30T18:26:35,febe248a-e430-40d5-84d7-fc06d8b408dc
de2d3e47-9e11-4823-a9ee-5fd09e505c00,2c254416-7ec2-4175-8093-8241d3940668,created,2026-05-05T16:37:57,
149ca5f2-fa36-4ead-9267-652c3dc90668,2c254416-7ec2-4175-8093-8241d3940668,assigned,2026-05-06T02:08:25,90f96181-8123-4add-8fe8-938102416710
be16d115-a9aa-435a-8151-4baa7c3c5016,2c254416-7ec2-4175-8093-8241d3940668,resolved,2026-05-07T14:17:59,
925ed4d4-d933-4f06-8ee3-264bd72b43f7,636d0810-3d33-4008-bc73-a7de48e8041e,created,2026-07-30T16:37:57,
bb38080b-eca6-4fba-a842-57f76a3b27f3,636d0810-3d33-4008-bc73-a7de48e8041e,assigned,2026-07-30T18:47:33,d8626458-40a4-4749-8828-09916a7365e6
f9d8fc81-bd20-4530-82d1-5b03b1813dbc,636d0810-3d33-4008-bc73-a7de48e8041e,resolved,2026-08-02T16:04:11,
a2fae20f-53d8-4088-9bf0-d4a1b6d7a331,7dd33101-adbb-4a2f-83f4-da95fbfdcb99,created,2025-11-18T16:37:57,
cda8c499-3b26-4e37-b96b-b26b8add7e21,7dd33101-adbb-4a2f-83f4-da95fbfdcb99,assigned,2025-11-19T01:53:41,5ddbd80d-f370-4fa7-bd64-5eec9c2f37bc
c28c680e-59d6-4467-96e7-a73a6c3d0ce0,3c467f99-a543-4c8a-bb4e-b089ea6c9185,created,2026-08-06T16:37:57,
105b7c96-9069-473c-95f5-af3aec101964,3c467f99-a543-4c8a-bb4e-b089ea6c9185,assigned,2026-08-07T02:44:48,63d29a06-4a0f-4f21-9b3c-0ca917190a59
7e81c96f-71d7-420b-bf46-186676597d27,3c467f99-a543-4c8a-bb4e-b089ea6c9185,resolved,2026-08-10T04:06:23,
5a0941ad-313f-4b9e-a5c3-4f74f10a9ef9,d2323db4-1430-41c7-a9f9-aaf2235fd745,created,2026-06-03T16:37:57,
6a53496e-edb0-49b4-85d4-2164127e3db3,d2323db4-1430-41c7-a9f9-aaf2235fd745,assigned,2026-06-03T20:20:05,38003235-c133-4913-a560-05ab3f945523
95302c91-448a-4ce5-9112-99f39a526cf3,d2323db4-1430-41c7-a9f9-aaf2235fd745,resolved,2026-06-04T20:15:15,
d4e73de0-4260-4ecd-9d6b-a0ab2d973346,f59a8e39-74e1-4016-9293-0ccdd76f3042,created,2026-07-14T16:37:57,
9a2f1de6-0776-48ea-a978-11968a03a1be,f59a8e39-74e1-4016-9293-0ccdd76f3042,assigned,2026-07-14T22:11:45,b00deb46-3313-4939-aac7-8e195ac8d589
002eb859-4ba1-48e9-84a1-d0bbb1404967,f59a8e39-74e1-4016-9293-0ccdd76f3042,resolved,2026-07-16T04:41:32,
ccfaf5f1-f2a6-4695-9b3f-7c8e0dcffa73,98f42143-7431-4831-b70c-8575dd326903,created,2026-06-28T16:37:57,
87245d00-e7db-488b-93c2-a75fbc4499be,98f42143-7431-4831-b70c-8575dd326903,assigned,2026-06-28T17:37:04,5ddbd80d-f370-4fa7-bd64-5eec9c2f37bc
60d1c3a9-90f7-43b4-ae62-68e07d3a6e10,98f42143-7431-4831-b70c-8575dd326903,resolved,2026-07-02T00:27:27,
d42dfb9e-268f-4cd5-9b0a-e2067e5c183e,ec5ddfe7-d4c8-4108-b03c-0857e39ce4c0,created,2025-12-17T16:37:57,
9e9bf703-0eed-4eba-8308-eab5c88dadd4,ec5ddfe7-d4c8-4108-b03c-0857e39ce4c0,assigned,2025-12-17T17:59:55,63d29a06-4a0f-4f21-9b3c-0ca917190a59
bbfc9f28-7f17-4ceb-88f8-6d89044eeb86,ec5ddfe7-d4c8-4108-b03c-0857e39ce4c0,resolved,2025-12-19T10:36:29,
5e3cbcac-d73c-404c-a1e3-02a00ff70cf6,95efbf17-4c88-49d4-b376-3de70e648ea2,created,2026-03-20T16:37:57,
6e643c4d-ac1e-4a47-aba7-e5f28eb32493,95efbf17-4c88-49d4-b376-3de70e648ea2,assigned,2026-03-20T19:05:09,5ddbd80d-f370-4fa7-bd64-5eec9c2f37bc
c7226ca1-9f88-404c-9a9d-b624d8377619,95efbf17-4c88-49d4-b376-3de70e648ea2,resolved,2026-03-22T02:57:37,
ab9d3f58-2215-4a1a-94fb-d52ac25f45d4,ed2d8999-877b-4ab3-9ef3-85d6a65cff32,created,2026-01-27T16:37:57,
b85df5ad-3499-472f-a710-2cc400db8717,ebeec74b-9df3-4582-b632-4da1ff5fa0fb,created,2026-03-25T16:37:57,
c56bfd5a-391f-4eaa-9b27-ae7490b8e157,ebeec74b-9df3-4582-b632-4da1ff5fa0fb,assigned,2026-03-25T17:38:28,d8626458-40a4-4749-8828-09916a7365e6
1c6d713c-69c2-4195-a563-620490ea7fdd,ebeec74b-9df3-4582-b632-4da1ff5fa0fb,resolved,2026-03-27T10:37:38,
b1f92d93-cb75-46dd-9618-764186499887,f3f2dde5-7de0-4542-a5a9-aae0d7aea4f5,created,2026-04-27T16:37:57,
9779c5ad-bffb-4b22-98a8-746754e466a7,f3f2dde5-7de0-4542-a5a9-aae0d7aea4f5,assigned,2026-04-27T19:39:18,38003235-c133-4913-a560-05ab3f945523
3aea5bc7-02db-48c8-ac79-28228e423415,f3f2dde5-7de0-4542-a5a9-aae0d7aea4f5,resolved,2026-05-01T14:06:09,
4d3d7edb-e272-4cc2-84d3-3269376ad3e6,77272cb6-afd3-4c3c-a344-afdc2d04f2f7,created,2026-04-02T16:37:57,
a90a80f0-9346-464d-b76b-4605fc3be7e3,77272cb6-afd3-4c3c-a344-afdc2d04f2f7,assigned,2026-04-02T19:42:37,febe248a-e430-40d5-84d7-fc06d8b408dc
dd0902c3-3d61-4103-913f-62edc1599b83,77272cb6-afd3-4c3c-a344-afdc2d04f2f7,resolved,2026-04-04T06:46:31,
63ee512a-82df-4e3b-922e-804dd435bd13,d12aeb40-c28c-4cb0-b29b-39b15104dad3,created,2026-03-23T16:37:57,
2a0684e0-4468-42d7-b21d-e681c5820097,d12aeb40-c28c-4cb0-b29b-39b15104dad3,assigned,2026-03-23T22:45:56,8ae11eaa-8f00-40e3-b3e3-b30d399db61c
67d7b47e-b6aa-4806-8ed2-9bf20aaeb5eb,d12aeb40-c28c-4cb0-b29b-39b15104dad3,resolved,2026-03-25T07:04:08,
7d2aec05-6316-4813-a281-d33587b2d0de,02b7a67e-96e7-46b4-90ff-285e1f1f9878,created,2026-02-26T16:37:57,
0c835d45-8e01-41eb-a218-8a9abe1592d4,02b7a67e-96e7-46b4-90ff-285e1f1f9878,assigned,2026-02-27T02:01:28,5ddbd80d-f370-4fa7-bd64-5eec9c2f37bc
deef4c8f-1864-47fb-a40f-176e593ac048,02b7a67e-96e7-46b4-90ff-285e1f1f9878,resolved,2026-03-02T13:42:12,
0344c48d-3615-4910-adc5-22d6e688ae52,a3329d1c-d5f1-4538-a04f-df7cc2a43cc8,created,2026-02-03T16:37:57,
5d53756d-335e-4018-b94b-371eee6d0cff,a3329d1c-d5f1-4538-a04f-df7cc2a43cc8,assigned,2026-02-04T00:20:27,b00deb46-3313-4939-aac7-8e195ac8d589
5b7952fc-99b6-4331-8e5f-39ec49c32f09,71234a47-100c-4a23-b2e3-74b1bfe3632b,created,2026-01-06T16:37:57,
bd7ecd51-0d26-4633-a0f9-eba71797d75a,71234a47-100c-4a23-b2e3-74b1bfe3632b,assigned,2026-01-07T03:00:47,d8626458-40a4-4749-8828-09916a7365e6
6bb946e4-3ffa-483a-b29d-aa67fa1cda0c,1a9109f6-bf90-4cd2-b6c6-cdbced723394,created,2026-01-09T16:37:57,
c2e17429-ad39-4535-a552-b66e2a3b1883,1a9109f6-bf90-4cd2-b6c6-cdbced723394,assigned,2026-01-09T21:48:37,5ddbd80d-f370-4fa7-bd64-5eec9c2f37bc
71038384-9385-460e-a57f-f65297f8c7ed,1a9109f6-bf90-4cd2-b6c6-cdbced723394,resolved,2026-01-12T10:58:52,
73552dde-7219-4b7d-8dad-7f2fdcdcfc88,67dc4632-a07b-4424-8919-ea62ec3ab9c1,created,2026-05-23T16:37:57,
f4bb9329-f0c8-4f71-9631-bef459036dfd,67dc4632-a07b-4424-8919-ea62ec3ab9c1,assigned,2026-05-24T00:57:05,5ddbd80d-f370-4fa7-bd64-5eec9c2f37bc
2a754795-a94e-40b7-821d-024c1f6bff11,ce671b8e-dfc9-4961-8c37-06acd2b68252,created,2026-03-21T16:37:57,
4d774844-892f-462a-b18b-1d3adf414a36,ce671b8e-dfc9-4961-8c37-06acd2b68252,assigned,2026-03-22T03:15:04,90f96181-8123-4add-8fe8-938102416710
bdd746be-47ef-4a9d-9544-20463062b6cb,758627fd-9675-4f44-ba3f-ef6438d0d145,created,2026-07-23T16:37:57,
9c0ebcef-f5c2-410f-bc00-7011b033787b,758627fd-9675-4f44-ba3f-ef6438d0d145,assigned,2026-07-24T00:48:11,8ae11eaa-8f00-40e3-b3e3-b30d399db61c
ed1baa31-c9d8-482d-a0d6-1869c1e0b779,758627fd-9675-4f44-ba3f-ef6438d0d145,resolved,2026-07-26T19:33:39,
8786b17e-4ec5-4731-9f05-646ae2bd2d8a,4f7ccf95-1fb3-48c8-bac7-483c619d5260,created,2026-05-23T16:37:57,
3afbb55f-bec1-459c-8bfd-3b623b9822f8,4f7ccf95-1fb3-48c8-bac7-483c619d5260,assigned,2026-05-23T20:37:21,febe248a-e430-40d5-84d7-fc06d8b408dc
9122c4d6-19ce-4c56-b18e-2a223f5347b7,4f7ccf95-1fb3-48c8-bac7-483c619d5260,resolved,2026-05-25T16:02:43,
d65baa96-3435-44a9-a507-b4732cae2eda,c9bca938-2a16-49f8-846e-bf8ba6c652c4,created,2026-04-04T16:37:57,
6482714f-de80-42d6-93ca-141562402271,c9bca938-2a16-49f8-846e-bf8ba6c652c4,assigned,2026-04-04T17:36:30,90f96181-8123-4add-8fe8-938102416710
cead85e2-08db-47ae-b143-8c2fe8f9f152,c9bca938-2a16-49f8-846e-bf8ba6c652c4,resolved,2026-04-05T18:54:18,
ca2b60d0-cccd-44e9-b9c3-60366ef2432a,778a108b-4a2e-410b-9afe-08eb55e0bd2b,created,2026-08-08T16:37:57,
7a5624c2-14f3-45fe-8f54-2e20a6f0e246,778a108b-4a2e-410b-9afe-08eb55e0bd2b,assigned,2026-08-08T22:31:51,90f96181-8123-4add-8fe8-938102416710
5f33abae-2501-4e9c-a4b2-2d96329cd11d,778a108b-4a2e-410b-9afe-08eb55e0bd2b,resolved,2026-08-10T19:43:28,
d7bf76dd-feed-4dde-a6db-7e2c4d91575e,948be762-c0df-41f6-bea8-ff623343cf47,created,2026-06-18T16:37:57,
703ffa99-8dd2-4f57-9145-04721f9c2214,948be762-c0df-41f6-bea8-ff623343cf47,assigned,2026-06-18T19:51:18,d8626458-40a4-4749-8828-09916a7365e6
db6555b6-dd6d-46b5-925b-3480fdd4be44,948be762-c0df-41f6-bea8-ff623343cf47,resolved,2026-06-19T16:48:54,
0d25c319-9a0f-4431-a825-a00e913f3b23,d37d87ec-4e43-40dc-a90d-52d8a32a5bc9,created,2026-05-02T16:37:57,
13c7cb69-6bb9-4d16-b71b-abbcd4400148,d37d87ec-4e43-40dc-a90d-52d8a32a5bc9,assigned,2026-05-02T17:41:12,8ae11eaa-8f00-40e3-b3e3-b30d399db61c
690fd72e-7281-4333-9d9d-fdb03fc39af0,d37d87ec-4e43-40dc-a90d-52d8a32a5bc9,resolved,2026-05-03T20:25:39,
73573a1b-8464-4570-b24c-90b0320d0d49,567c352f-3b13-4c87-9b55-1a3eb97c116e,created,2026-06-17T16:37:57,
27d4add3-f7dc-4d01-9233-1b64e4f2e137,567c352f-3b13-4c87-9b55-1a3eb97c116e,assigned,2026-06-17T20:23:30,febe248a-e430-40d5-84d7-fc06d8b408dc
62a9e2d1-3881-49d3-b54e-4c0a592c2676,567c352f-3b13-4c87-9b55-1a3eb97c116e,resolved,2026-06-22T08:07:10,
28cd41f9-720c-41d2-a97c-53d64373ba18,5bb67c0f-2804-41b4-a1e8-9ec2ad9a5af4,created,2025-11-18T16:37:57,
50b94cef-4076-4759-bd67-cfe4dba1b5c9,5bb67c0f-2804-41b4-a1e8-9ec2ad9a5af4,assigned,2025-11-18T23:36:50,63d29a06-4a0f-4f21-9b3c-0ca917190a59
60cf0cf4-838b-443a-9f6c-c32040565550,f0d68d63-5bf4-4624-94fe-fc2d987cb5a6,created,2026-07-04T16:37:57,
5deba7d7-fc20-4b42-826e-956b6330e1db,f0d68d63-5bf4-4624-94fe-fc2d987cb5a6,assigned,2026-07-04T22:45:12,8ae11eaa-8f00-40e3-b3e3-b30d399db61c
01fbbb0e-1c36-45b3-94bc-ff1f55c3122b,f0d68d63-5bf4-4624-94fe-fc2d987cb5a6,resolved,2026-07-05T11:11:43,
5385bbdd-94d3-4365-ac2a-9a94eb1df98c,ba6ecf10-f71c-4b9d-b3c6-f557e57246d8,created,2026-05-22T16:37:57,
24814e24-6fd6-4b5b-8682-a406cfc5b865,ba6ecf10-f71c-4b9d-b3c6-f557e57246d8,assigned,2026-05-22T18:43:24,b00deb46-3313-4939-aac7-8e195ac8d589
c25ecafd-8409-4bd3-bab7-69f909877a24,4ebfb98d-079c-4128-99b0-d6f8f721183b,created,2026-05-06T16:37:57,
e55e4d52-0903-4442-935d-739556a3e108,4ebfb98d-079c-4128-99b0-d6f8f721183b,assigned,2026-05-06T21:29:07,b00deb46-3313-4939-aac7-8e195ac8d589
389d5c9a-312c-4db5-ae0f-b145a1e6f33e,1988ade0-bb0c-4422-a896-29edeb049476,created,2026-08-07T16:37:57,
1285115e-bad4-4e57-8d97-46a832c40700,1988ade0-bb0c-4422-a896-29edeb049476,assigned,2026-08-07T23:12:43,d8626458-40a4-4749-8828-09916a7365e6
dc25aaf8-bda6-46d3-b64a-9f19aa2b0202,1988ade0-bb0c-4422-a896-29edeb049476,resolved,2026-08-13T01:55:32,
b8cc0130-b8ad-4bea-a6f3-237e07ab8750,00826b88-19eb-4d2e-80d8-e855aa9120d5,created,2026-03-20T16:37:57,
2b843b05-c9ff-437d-a985-1808b9bf59fc,00826b88-19eb-4d2e-80d8-e855aa9120d5,assigned,2026-03-20T20:24:33,90f96181-8123-4add-8fe8-938102416710
3779e93d-4a62-4a5f-a3dd-41117aff5ead,8bd17705-0dbe-4c88-b649-6ab58fec9a1c,created,2025-12-02T16:37:57,
2b686f49-982d-40d0-95c9-3fa1430d2cf9,8bd17705-0dbe-4c88-b649-6ab58fec9a1c,assigned,2025-12-02T19:55:45,d8626458-40a4-4749-8828-09916a7365e6
c25d8348-9884-44de-9395-573adaca64e9,8bd17705-0dbe-4c88-b649-6ab58fec9a1c,resolved,2025-12-05T14:36:07,
1d957e5f-a6d1-4759-8caf-2ad01055233e,336a9848-13f0-4e2d-9565-cf70da3bf972,created,2026-08-12T16:37:57,
25268184-9398-4e1f-996e-98db5ec2ffd8,336a9848-13f0-4e2d-9565-cf70da3bf972,assigned,2026-08-12T19:20:39,90f96181-8123-4add-8fe8-938102416710
5206fbf7-bcaf-4d95-bc72-6655e298eb87,336a9848-13f0-4e2d-9565-cf70da3bf972,resolved,2026-08-13T17:45:47,
b2cf7650-8d10-4f75-85ae-027889889735,008114f8-a58f-4e02-91ce-4da69ef96ea6,created,2026-03-20T16:37:57,
e49b7740-7217-4b4b-b0cb-7819a5cfbdf3,008114f8-a58f-4e02-91ce-4da69ef96ea6,assigned,2026-03-21T02:38:23,b00deb46-3313-4939-aac7-8e195ac8d589
7954f5a5-41e4-4b54-9689-ef608c018969,008114f8-a58f-4e02-91ce-4da69ef96ea6,resolved,2026-03-22T12:37:21,
d001336e-1651-4641-a2c6-23212f5ebaa2,6524d892-3380-4dae-91d5-7de57e0540a9,created,2026-07-01T16:37:57,
e6dc9e7e-557c-47cb-9256-84a63ba20f86,6524d892-3380-4dae-91d5-7de57e0540a9,assigned,2026-07-02T04:22:48,b00deb46-3313-4939-aac7-8e195ac8d589
62acd579-ad13-4ca1-9d12-a180b84dec18,6524d892-3380-4dae-91d5-7de57e0540a9,resolved,2026-07-02T14:44:54,
c19938a5-6406-4de7-9a7f-29f7ec1a9cae,e5212ff4-495f-43d0-a352-84dc3eea2ce0,created,2026-01-21T16:37:57,
d9bf7dde-4e7f-47ff-ab87-df9975ce3e18,893f0af6-8deb-4d83-8018-c4b8a9d1926d,created,2026-06-27T16:37:57,
cd8880d1-d3ff-45bb-8889-4bbbf259f14a,893f0af6-8deb-4d83-8018-c4b8a9d1926d,assigned,2026-06-27T21:44:13,63d29a06-4a0f-4f21-9b3c-0ca917190a59
ddc93d9e-39c6-4f91-b083-5e0b65c09ec0,f28cd46c-ada6-4616-9c8c-a7de49afc5ad,created,2026-01-25T16:37:57,
190962bd-db73-4dad-abc6-0a81f490a232,f28cd46c-ada6-4616-9c8c-a7de49afc5ad,assigned,2026-01-25T21:22:10,63d29a06-4a0f-4f21-9b3c-0ca917190a59
e48cb4f7-24cf-4fc9-ae72-7e8102a0e3c2,189d8b55-84a3-4353-aa40-b9e1f23882e0,created,2026-04-01T16:37:57,
491f0a38-adb3-435c-9a93-ed32200f8eb9,189d8b55-84a3-4353-aa40-b9e1f23882e0,assigned,2026-04-01T21:38:24,b00deb46-3313-4939-aac7-8e195ac8d589
f35babbd-b626-4c9d-bae9-0fd3a13c072c,189d8b55-84a3-4353-aa40-b9e1f23882e0,resolved,2026-04-04T16:09:34,
86f67d43-0ab8-4e6c-b970-bb914d2e144c,895ffa6b-49e1-46e5-adda-bcefab13e550,created,2026-04-12T16:37:57,
ab6d9614-1a02-43f3-ad96-8943a8cb46eb,895ffa6b-49e1-46e5-adda-bcefab13e550,assigned,2026-04-13T02:53:07,90f96181-8123-4add-8fe8-938102416710
4de9524d-8f3d-4d38-bda0-d667efe670ff,146ef7a7-386e-48c2-b03d-3e10d7aafdeb,created,2026-07-14T16:37:57,
18a10840-4f75-457d-9ae3-3c0fbdec7356,146ef7a7-386e-48c2-b03d-3e10d7aafdeb,assigned,2026-07-15T02:12:17,63d29a06-4a0f-4f21-9b3c-0ca917190a59
1049d8f9-199c-402a-aa0b-1871d6f2fe94,146ef7a7-386e-48c2-b03d-3e10d7aafdeb,resolved,2026-07-17T10:22:46,
843dc247-21c2-4807-81d9-f114f116cd9a,80dc9f0f-a455-4770-adc8-5c1a79d03c24,created,2025-10-31T16:37:57,
d1d84195-8de3-432f-9670-c62851add766,80dc9f0f-a455-4770-adc8-5c1a79d03c24,assigned,2025-10-31T17:34:59,90f96181-8123-4add-8fe8-938102416710
94f69adc-e352-4afc-9004-da9a7e0709c6,80dc9f0f-a455-4770-adc8-5c1a79d03c24,resolved,2025-11-05T00:38:56,
93ab62b2-aedb-4048-92ed-56e860b7126d,80dc9f0f-a455-4770-adc8-5c1a79d03c24,reopened,2025-11-10T00:38:56,
e2f9e209-2479-4b40-976a-2653d9ab03f7,d2c073ed-bad9-48c3-9d09-30a7f5ba92ef,created,2025-12-26T16:37:57,
cdb68e27-7580-46a5-a043-57664c22bde5,d2c073ed-bad9-48c3-9d09-30a7f5ba92ef,assigned,2025-12-26T21:54:24,38003235-c133-4913-a560-05ab3f945523
43d3fa78-981a-4bf5-bb0a-23e04228dfda,d2c073ed-bad9-48c3-9d09-30a7f5ba92ef,resolved,2025-12-30T21:34:24,
158a8c91-610d-43de-9791-07eeb20e2443,199e7cad-6378-4a4c-93fd-c76b24be523d,created,2026-06-17T16:37:57,
09303430-2588-4b3d-8237-e92240d16fac,199e7cad-6378-4a4c-93fd-c76b24be523d,assigned,2026-06-17T21:02:11,38003235-c133-4913-a560-05ab3f945523
9cf948f5-08dc-4723-aeac-ae65c2d654ab,50235dd8-2f41-4929-a4b8-51a60f16fbab,created,2026-05-06T16:37:57,
812074a0-2c73-4afe-a1eb-4218bf13f80c,50235dd8-2f41-4929-a4b8-51a60f16fbab,assigned,2026-05-06T21:15:41,5ddbd80d-f370-4fa7-bd64-5eec9c2f37bc
06544850-3a4b-4e99-94e3-65d84c661b48,809a006f-c08e-4e9b-ae5a-43c76280ed21,created,2026-01-22T16:37:57,
59d49259-8159-4521-b470-8d01ab26d610,809a006f-c08e-4e9b-ae5a-43c76280ed21,assigned,2026-01-23T02:45:36,febe248a-e430-40d5-84d7-fc06d8b408dc
28e54e02-a319-42a4-a704-08c1d7258eb0,809a006f-c08e-4e9b-ae5a-43c76280ed21,resolved,2026-01-26T00:34:57,
db40f967-4a2d-4ae4-9d5a-02bbf3a49c01,2cb27500-8cc3-453b-b7bf-44b0f3ef5f90,created,2026-01-13T16:37:57,
961e75f3-74ea-4a06-9da6-4869e4de1c81,2cb27500-8cc3-453b-b7bf-44b0f3ef5f90,assigned,2026-01-13T18:28:10,8ae11eaa-8f00-40e3-b3e3-b30d399db61c
e2d054dd-d6be-408a-b259-e421826c2842,2cb27500-8cc3-453b-b7bf-44b0f3ef5f90,resolved,2026-01-16T01:08:32,
c31c63fb-cf59-4f77-b906-5a2a34c76245,d7b14a9d-449b-4c9f-8501-c5002902b3c4,created,2026-08-02T16:37:57,
527048ba-d09f-4771-a1d4-3417481555a0,d7b14a9d-449b-4c9f-8501-c5002902b3c4,assigned,2026-08-02T19:08:01,5ddbd80d-f370-4fa7-bd64-5eec9c2f37bc
da5bca91-da35-446e-96aa-bbea9171d5b8,d7b14a9d-449b-4c9f-8501-c5002902b3c4,resolved,2026-08-04T15:34:33,
da1227a2-d6ed-4b46-9be0-3b9ff551d41e,d7b14a9d-449b-4c9f-8501-c5002902b3c4,reopened,2026-08-07T15:34:33,
7cf84e35-59aa-4543-bd7d-7c5ce9e04ae2,09dd203a-3a71-4bd0-ab46-7c99f12a291a,created,2026-04-08T16:37:57,
4025a31d-0cef-4679-8232-18c6241080fd,09dd203a-3a71-4bd0-ab46-7c99f12a291a,assigned,2026-04-09T04:35:38,d8626458-40a4-4749-8828-09916a7365e6
adc036d5-dd33-439b-9ca0-2c15a87b3878,09dd203a-3a71-4bd0-ab46-7c99f12a291a,resolved,2026-04-12T02:03:19,
8cca41f1-f74e-4c38-97e8-2b952e80b867,a91cc3a3-e6b7-4c5d-b813-66f5df127e29,created,2026-07-02T16:37:57,
33475779-267f-4f20-a246-55968f4d241e,a91cc3a3-e6b7-4c5d-b813-66f5df127e29,assigned,2026-07-02T21:56:48,38003235-c133-4913-a560-05ab3f945523
6c8a02d1-50d4-4db7-b69f-30cd2e51e192,a91cc3a3-e6b7-4c5d-b813-66f5df127e29,resolved,2026-07-05T14:30:35,
a783a432-2c56-435c-8b43-6b092f8ef49e,0ad0b233-0be5-4f29-b576-57910b30c379,created,2026-01-06T16:37:57,
9f9241d4-5bcc-4bde-aceb-14917253a176,0ad0b233-0be5-4f29-b576-57910b30c379,assigned,2026-01-07T02:35:17,5ddbd80d-f370-4fa7-bd64-5eec9c2f37bc
f65f910f-1799-4d03-935a-5568e3f8a2db,0ad0b233-0be5-4f29-b576-57910b30c379,resolved,2026-01-07T19:24:22,
7249040d-205d-4d3d-a0fc-0abb7713646d,d4b78488-40a8-434b-bed8-5e3778ba9171,created,2026-08-10T16:37:57,
a71e6977-55d5-4f6c-bf6b-a24b70062cc2,d4b78488-40a8-434b-bed8-5e3778ba9171,assigned,2026-08-11T00:41:43,90f96181-8123-4add-8fe8-938102416710
dde91957-def0-4a8c-b078-587be6f93462,ae940661-7c23-405e-9374-322e518956ae,created,2026-07-15T16:37:57,
39ad6f3a-5a4e-41f2-ac8f-a5bf675bc170,ae940661-7c23-405e-9374-322e518956ae,assigned,2026-07-15T22:34:50,5ddbd80d-f370-4fa7-bd64-5eec9c2f37bc
0d4c6bae-76a8-4e54-a6c8-3e559b2027d7,ae940661-7c23-405e-9374-322e518956ae,resolved,2026-07-18T14:45:20,
14b6bb25-a541-499d-aed2-9afaf07e6b5a,13bffb50-c746-4fb6-a141-3231e91b4a82,created,2025-10-26T16:37:57,
2a9534e6-6dd9-4204-b335-d42bd48df9c7,13bffb50-c746-4fb6-a141-3231e91b4a82,assigned,2025-10-26T20:56:08,63d29a06-4a0f-4f21-9b3c-0ca917190a59
3ea7930b-ac25-4422-88cd-aa7e6c24cfce,13bffb50-c746-4fb6-a141-3231e91b4a82,resolved,2025-10-27T13:06:15,
3f0ca62e-8b6d-4832-8f60-6a41848fbac0,456c57d6-b474-40cd-a363-32d9bf234caf,created,2026-05-10T16:37:57,
355104b4-c09d-49b3-ab90-a2ad4c50b7a9,456c57d6-b474-40cd-a363-32d9bf234caf,assigned,2026-05-11T00:09:27,febe248a-e430-40d5-84d7-fc06d8b408dc
22d374c5-c8c9-4dd7-bbfa-099fd45a29ce,456c57d6-b474-40cd-a363-32d9bf234caf,resolved,2026-05-12T11:33:15,
25480c17-dda8-4ffa-a040-3694d2636c8d,456c57d6-b474-40cd-a363-32d9bf234caf,reopened,2026-05-15T11:33:15,
051f35eb-a1f2-44b5-aa1f-de7851f994ff,2174e128-4386-474c-b8df-5af9076d30cc,created,2026-02-23T16:37:57,
fc50754f-b0fa-4b4a-a85a-ded2d618957a,2174e128-4386-474c-b8df-5af9076d30cc,assigned,2026-02-23T18:03:13,febe248a-e430-40d5-84d7-fc06d8b408dc
2e3e8e41-1f96-443d-9429-759df6e84e65,2174e128-4386-474c-b8df-5af9076d30cc,resolved,2026-02-25T09:05:04,
01e3b8a9-6031-4f7c-b6b3-e1345456bae8,7ed4f4e4-538c-4e73-9842-399510f5e80c,created,2026-02-22T16:37:57,
88bb1ebb-3d96-4fd0-ae38-02fd4baed22a,7ed4f4e4-538c-4e73-9842-399510f5e80c,assigned,2026-02-22T22:33:01,8ae11eaa-8f00-40e3-b3e3-b30d399db61c
bb10c614-44ad-4b1c-acf0-a8ed4d08de6d,7ed4f4e4-538c-4e73-9842-399510f5e80c,resolved,2026-02-23T23:17:41,
acf42126-0789-4e10-aa17-6e4851da7034,6acfbf2e-b9df-4778-96da-fa9c31bc5120,created,2026-06-08T16:37:57,
f5bf53f0-054a-44cf-aa82-6bbd6697befd,6acfbf2e-b9df-4778-96da-fa9c31bc5120,assigned,2026-06-08T18:58:42,38003235-c133-4913-a560-05ab3f945523
f04b24aa-3161-4b9e-961f-172e884f218f,6acfbf2e-b9df-4778-96da-fa9c31bc5120,resolved,2026-06-10T06:44:24,
d6f15877-3f8f-4035-bc9d-645a8559a46d,0a162ea1-bb25-48f9-ab22-c33f12539cb1,created,2026-01-13T16:37:57,
57dd63ea-2db9-4153-9a86-c1ab50ec0052,0a162ea1-bb25-48f9-ab22-c33f12539cb1,assigned,2026-01-13T18:23:58,38003235-c133-4913-a560-05ab3f945523
f81b3f47-723c-4297-869a-dcf2988f789a,cc64d91c-0128-48c2-8054-c0287ec78864,created,2026-08-01T16:37:57,
ef531e1c-cebd-48ff-b862-6ba9a373a2b5,92e9f8fa-c22e-4003-b2e7-d1238c23d18d,created,2026-07-09T16:37:57,
10502633-7698-427f-b294-2707c3637c88,92e9f8fa-c22e-4003-b2e7-d1238c23d18d,assigned,2026-07-10T02:52:43,63d29a06-4a0f-4f21-9b3c-0ca917190a59
98cbd753-eeb0-4234-a5e8-db8ff3013494,92e9f8fa-c22e-4003-b2e7-d1238c23d18d,resolved,2026-07-13T17:42:17,
b8b78ece-c81b-41e6-a47e-2fb4dca9eeff,f24d9fd4-dedc-47b9-93a4-3de40bada662,created,2026-04-04T16:37:57,
8a2cf594-9cac-4e67-a26f-0e52c70bad5d,f24d9fd4-dedc-47b9-93a4-3de40bada662,assigned,2026-04-05T03:53:45,5ddbd80d-f370-4fa7-bd64-5eec9c2f37bc
ab027b16-2f7e-4eb7-ba03-4ff7dbcd3db6,f24d9fd4-dedc-47b9-93a4-3de40bada662,resolved,2026-04-06T00:51:56,
72620871-d367-419a-8eda-309b94356685,3554f565-6838-4e23-878f-bd0419ee7362,created,2026-03-04T16:37:57,
4dba3232-9164-4662-8280-b317ca3013ec,3554f565-6838-4e23-878f-bd0419ee7362,assigned,2026-03-04T21:37:14,90f96181-8123-4add-8fe8-938102416710
c2d4a9ab-eff4-4321-875d-3c7a5196d050,3554f565-6838-4e23-878f-bd0419ee7362,resolved,2026-03-07T17:48:19,
129ad965-1504-4980-8690-94830c7efbf7,2deca5d2-22ba-42e9-90bf-a7d995707651,created,2026-07-23T16:37:57,
90bc2e10-0809-49cf-a347-b4c4693a69d3,2deca5d2-22ba-42e9-90bf-a7d995707651,assigned,2026-07-23T21:43:43,8ae11eaa-8f00-40e3-b3e3-b30d399db61c
e2483490-8acb-4fb5-9c9e-5a120145d765,2deca5d2-22ba-42e9-90bf-a7d995707651,resolved,2026-07-25T10:20:13,
b0a612c0-8c38-4373-8867-6694cce2a6ce,0db2c789-1f96-4420-a38d-466052babdb4,created,2026-03-28T16:37:57,
0dc3da63-776d-47f3-ba9f-3022cb00a2b6,0db2c789-1f96-4420-a38d-466052babdb4,assigned,2026-03-28T20:41:32,febe248a-e430-40d5-84d7-fc06d8b408dc
ab4d4e13-e259-4ec6-a982-a2361a3775d3,c59f3bb5-e501-444b-83c5-95d952412359,created,2025-12-06T16:37:57,
c9c46ac6-c3d1-4865-bad0-e18af6894a2f,c59f3bb5-e501-444b-83c5-95d952412359,assigned,2025-12-06T22:46:11,5ddbd80d-f370-4fa7-bd64-5eec9c2f37bc
af4ae240-a7a7-4825-80ca-4624e7eaf335,c59f3bb5-e501-444b-83c5-95d952412359,resolved,2025-12-08T08:18:44,
0cf21ab9-000e-4d6a-bc19-57cb335aa74b,9d431c16-31ba-4d0b-b159-c7d965e03ff6,created,2026-02-02T16:37:57,
387bd1e5-08c9-4563-a881-19a8cfa963b8,9d431c16-31ba-4d0b-b159-c7d965e03ff6,assigned,2026-02-02T18:03:22,38003235-c133-4913-a560-05ab3f945523
631fc282-c07f-4518-842b-f570e066797c,9d431c16-31ba-4d0b-b159-c7d965e03ff6,resolved,2026-02-05T06:07:18,
6c2c4e22-5983-4d87-ac42-0f5867776a1f,738346e3-7043-424a-a070-b49b234c05d3,created,2026-08-07T16:37:57,
a4c86dbb-63f0-4443-9ad3-43ab3e36c17a,738346e3-7043-424a-a070-b49b234c05d3,assigned,2026-08-07T20:07:38,d8626458-40a4-4749-8828-09916a7365e6
719b0545-5f9b-4f7a-9ff3-f20ee05b5b26,738346e3-7043-424a-a070-b49b234c05d3,resolved,2026-08-08T09:13:17,
4c3ce40c-6468-4b3a-bb67-25d620b26796,a6cdfce7-661c-460d-80dd-1581a93521b5,created,2026-06-01T16:37:57,
4004cf35-402f-411a-ae7f-65a77003caca,a6cdfce7-661c-460d-80dd-1581a93521b5,assigned,2026-06-01T19:22:15,5ddbd80d-f370-4fa7-bd64-5eec9c2f37bc
212dc414-f283-4711-b46c-a56303c6c14b,6d83a922-d58f-4ed4-a813-51bd1c8704d7,created,2026-01-31T16:37:57,
9485ed4f-7e29-44f8-8386-ad0941312370,6d83a922-d58f-4ed4-a813-51bd1c8704d7,assigned,2026-02-01T03:22:16,8ae11eaa-8f00-40e3-b3e3-b30d399db61c
4ae30509-e2f3-4cf9-944f-919d59d13c83,6d83a922-d58f-4ed4-a813-51bd1c8704d7,resolved,2026-02-04T11:56:59,
1bc26d02-4af2-4941-abe3-43412f33a76b,93584dbc-83ea-462d-979a-b056d9b6f7c6,created,2026-01-04T16:37:57,
4ba43d30-0cdc-4044-a6af-7d8727b4355c,93584dbc-83ea-462d-979a-b056d9b6f7c6,assigned,2026-01-05T02:41:25,5ddbd80d-f370-4fa7-bd64-5eec9c2f37bc
f2ec2479-0643-41e5-9e56-c9479ac9d372,f5191293-d23d-4c47-8f27-e68dffb15c8c,created,2026-02-16T16:37:57,
e3f521c5-367a-4d75-bdf2-0924cdc875a8,f5191293-d23d-4c47-8f27-e68dffb15c8c,assigned,2026-02-17T03:06:46,8ae11eaa-8f00-40e3-b3e3-b30d399db61c
2619662a-306e-4456-a775-0d4205660e95,f5191293-d23d-4c47-8f27-e68dffb15c8c,resolved,2026-02-18T15:28:54,
abe57397-0d90-4bef-972e-29314c484d23,1f93b116-74f8-4e5d-8a19-f0c4fa9c8e6f,created,2026-06-09T16:37:57,
185eacd5-feac-4522-8ada-9770629edfb0,1f93b116-74f8-4e5d-8a19-f0c4fa9c8e6f,assigned,2026-06-09T20:44:10,b00deb46-3313-4939-aac7-8e195ac8d589
16b3c0c7-c2d0-47ed-be43-bec1ccdce9da,bf9aa230-1a7f-4711-a33b-16be66f9c5a1,created,2026-07-14T16:37:57,
a9d023f2-437e-4566-b661-88d0f30510f4,bf9aa230-1a7f-4711-a33b-16be66f9c5a1,assigned,2026-07-15T01:52:59,febe248a-e430-40d5-84d7-fc06d8b408dc
22de0b10-f0d1-487e-b6af-ebaa74abb88b,bf9aa230-1a7f-4711-a33b-16be66f9c5a1,resolved,2026-07-18T12:00:14,
7dc405f2-615f-42a7-aad6-9a510846f8a0,d7ce3dc4-9da6-4012-b629-41568d4516d7,created,2026-07-18T16:37:57,
362f134b-d844-4859-ad90-3222a6107478,d7ce3dc4-9da6-4012-b629-41568d4516d7,assigned,2026-07-18T23:48:19,b00deb46-3313-4939-aac7-8e195ac8d589
4dddb57c-c95b-45e8-8971-36b716b7fd79,d7ce3dc4-9da6-4012-b629-41568d4516d7,resolved,2026-07-21T15:20:53,
228909ed-1d5b-4b09-99b3-d53b7a98a9da,d7ce3dc4-9da6-4012-b629-41568d4516d7,reopened,2026-07-26T15:20:53,
6ebc7fbd-005b-40f2-960e-6e93db14e359,ec6be2b2-3bdb-4a86-bfcf-30baa633929f,created,2026-07-13T16:37:57,
0532143a-5cf6-4b6c-a293-f580ce4d6b1b,ec6be2b2-3bdb-4a86-bfcf-30baa633929f,assigned,2026-07-13T21:02:15,5ddbd80d-f370-4fa7-bd64-5eec9c2f37bc
e940dc63-1f96-4f9a-be86-d2a96399ec2e,ec6be2b2-3bdb-4a86-bfcf-30baa633929f,resolved,2026-07-17T10:07:57,
0202eb6a-eaf8-464b-a3e6-19a8ac19d8f2,7fa0910f-0598-4807-aeaa-43cb12eb2323,created,2026-06-07T16:37:57,
a553d288-8f5d-4025-bda1-228d3369684c,7fa0910f-0598-4807-aeaa-43cb12eb2323,assigned,2026-06-08T03:23:25,5ddbd80d-f370-4fa7-bd64-5eec9c2f37bc
