id,warehouse_id,sku,checkout_id,quantity,reserved_at,released_at,status
11c26287-83d6-4c07-96d0-82692ed9d115,WH-EAST,JAF-001,7adc6c35-419e-4962-a6bd-0d25bf258982,1,2026-05-29T16:27:38,,committed
d362fd2b-7e52-442b-b6dc-f6673dbf772f,WH-EAST,JAF-005,7adc6c35-419e-4962-a6bd-0d25bf258982,1,2026-05-29T16:27:38,,committed
ac0e3d38-7d62-4098-b477-144fc568b3c1,WH-EAST,JAF-002,7d059853-49cc-415e-8c19-42343f6a22b1,3,2026-04-27T21:41:12,,committed
aac4f981-a92d-4151-8963-194a7be93a31,WH-EAST,JAF-003,7d059853-49cc-415e-8c19-42343f6a22b1,1,2026-04-27T21:41:12,,committed
a463f2f6-437b-485f-b036-8bb2192ffac7,WH-WEST,BEV-003,6cca5067-15de-48c2-ac97-6d9c62d2969f,1,2026-06-22T08:37:50,,committed
56e39f1c-c442-4d8f-80a3-22a9c3f25f74,WH-WEST,JAF-005,f19fe4f5-af76-4118-90cb-6b1dc963d231,3,2026-05-04T15:27:08,,committed
06a773f4-721d-4db4-861a-ede9550a17ad,WH-EAST,BEV-005,754de991-f08e-4c2e-ab8c-b4799701e228,1,2026-08-01T14:00:57,,committed
985c888e-99bf-44e8-b16b-add3aa0c5fe2,WH-EAST,JAF-003,754de991-f08e-4c2e-ab8c-b4799701e228,1,2026-08-01T14:00:57,,committed
685bb5d6-8e01-49ff-b91b-c111956e6d64,WH-EAST,BEV-001,754de991-f08e-4c2e-ab8c-b4799701e228,2,2026-08-01T14:00:57,,committed
2e9cea95-4b1f-478a-83ff-a25f86a08f27,WH-EAST,JAF-003,754de991-f08e-4c2e-ab8c-b4799701e228,1,2026-08-01T14:00:57,,committed
af5f098b-774c-438a-9be5-fb97276e8f69,WH-WEST,BEV-002,c8a58826-5158-45da-b981-711ded39b675,1,2026-02-26T08:48:48,2026-02-26T09:06:48,expired
790627c3-17ad-4efc-8255-8678250d8b31,WH-EAST,JAF-003,c879e41e-4fee-40fb-96dc-96ff51b49004,3,2026-07-15T11:38:43,,committed
d7be37fc-a090-4b9c-9a0a-cca45fcc9121,WH-EAST,JAF-003,c879e41e-4fee-40fb-96dc-96ff51b49004,1,2026-07-15T11:38:43,,committed
e2faa410-0b43-4c6c-8c16-377396e570a0,WH-EAST,BEV-002,c879e41e-4fee-40fb-96dc-96ff51b49004,2,2026-07-15T11:38:43,,committed
6751bed9-f16a-4f7d-b5a9-eb49d5ca2e91,WH-WEST,BEV-005,f384b88d-3200-41ff-ab91-9ba1304d6c62,2,2026-05-20T16:34:54,,committed
c45c8b54-92e8-4495-b64b-808f95012c40,WH-WEST,BEV-003,7602e90c-6ebe-4c70-81e6-6290637dd557,1,2026-03-22T05:45:59,,committed
619e709e-479b-486e-8a9e-784fe243f508,WH-WEST,JAF-002,7602e90c-6ebe-4c70-81e6-6290637dd557,1,2026-03-22T05:45:59,,committed
e3ff4106-c051-4ffe-be66-1530481c12d6,WH-EAST,JAF-002,dd28601c-560f-4cf3-9944-cd6fd5d87340,1,2026-07-28T14:52:31,2026-07-28T14:59:31,released
86ae7431-b8de-498f-a44f-e2bf99c5dc61,WH-EAST,BEV-003,dd28601c-560f-4cf3-9944-cd6fd5d87340,1,2026-07-28T14:52:31,2026-07-28T14:54:31,released
ee61026c-70d1-4687-9bf8-60f27e7c33eb,WH-EAST,BEV-002,dd28601c-560f-4cf3-9944-cd6fd5d87340,2,2026-07-28T14:52:31,2026-07-28T14:55:31,released
cb326033-a669-4a44-97ee-ee655d4063e0,WH-WEST,BEV-001,be7d8abd-c505-4deb-9e69-4791363d906d,1,2026-05-05T22:11:05,2026-05-05T23:05:05,released
12b43e5c-a0c8-4bde-a873-772f1684ef46,WH-WEST,JAF-005,9ac05cc6-169b-4b69-9f49-991a4773ca6f,1,2026-03-19T15:46:13,,committed
cccc2ed3-7ba2-489f-8403-56cd897de5a6,WH-WEST,JAF-005,79b440a6-f65b-4cee-b158-d01384b9d87d,2,2026-07-25T06:11:59,2026-07-25T06:17:59,released
0fa4671f-44bb-458e-a8ff-375d03e2970f,WH-WEST,JAF-001,79b440a6-f65b-4cee-b158-d01384b9d87d,1,2026-07-25T06:11:59,2026-07-25T06:17:59,released
428c178f-45e2-4df2-883f-275047f31041,WH-EAST,JAF-001,0126f30f-f68a-4dc6-8bed-56fdde5b943a,1,2026-05-16T01:23:18,,committed
47e55fa5-62d5-4e43-8a86-60b2e43ece1f,WH-EAST,JAF-004,0126f30f-f68a-4dc6-8bed-56fdde5b943a,2,2026-05-16T01:23:18,,committed
8836f27f-7794-4efe-821a-791a1da0cee1,WH-EAST,JAF-005,8f8d7c25-f4eb-42f0-9012-61460c190e2d,1,2026-07-23T11:22:19,,committed
0de34d27-c45a-474b-be8a-444f887acc99,WH-EAST,JAF-004,8f8d7c25-f4eb-42f0-9012-61460c190e2d,1,2026-07-23T11:22:19,,committed
37376fc0-87f7-409f-b1fe-dec88dc37280,WH-EAST,BEV-005,8f8d7c25-f4eb-42f0-9012-61460c190e2d,1,2026-07-23T11:22:19,,committed
037da427-31c8-408a-ab82-2210605e918f,WH-WEST,BEV-004,12d98fd6-40b2-4719-a477-3f1474a7638d,3,2026-05-27T08:56:40,,committed
c349cbb2-061a-4278-b257-2db95c89f61c,WH-EAST,BEV-004,b37b879c-b3b8-41b5-9f1b-13de6bcf1a82,1,2026-08-09T06:11:16,,committed
eff3a97c-c95e-423a-ac85-6c2e539cbe26,WH-EAST,JAF-003,b37b879c-b3b8-41b5-9f1b-13de6bcf1a82,1,2026-08-09T06:11:16,,committed
64e70b74-3d6a-4c74-b3c9-7e15ec051ef6,WH-EAST,JAF-005,b37b879c-b3b8-41b5-9f1b-13de6bcf1a82,3,2026-08-09T06:11:16,,committed
73c2df36-1571-46f4-99d5-5a36be15a660,WH-EAST,BEV-001,b37b879c-b3b8-41b5-9f1b-13de6bcf1a82,1,2026-08-09T06:11:16,,committed
58cbd74f-99c0-4bed-bb8a-8b5254d9f701,WH-EAST,JAF-004,a42d0b85-b47c-497e-b5b5-e568f846f52e,1,2026-04-21T20:56:05,,committed
947cee70-4854-4340-8c8e-c56811f2c1e9,WH-EAST,JAF-001,a42d0b85-b47c-497e-b5b5-e568f846f52e,2,2026-04-21T20:56:05,,committed
43ea0891-35cc-4a29-bc82-f3a0a5b27dad,WH-WEST,JAF-004,33839eaa-89ff-43fb-85cf-a3a7d48c8bc6,2,2026-07-19T15:24:21,,committed
7dfc332a-f478-423b-a73b-34d8d07bd4f7,WH-WEST,JAF-004,e007877c-46ac-4105-b001-36d888cf7a3c,1,2026-06-05T17:37:34,,committed
da32095d-9b09-478b-bea8-e69cd9abbffe,WH-WEST,JAF-001,d45d0d92-d717-4d9e-80af-5abc582cae97,3,2026-05-23T23:05:33,,committed
834c263f-f670-4265-bae4-23e4f12b01cb,WH-WEST,BEV-003,a541ad93-67d5-42c4-b806-3bb109d27d48,3,2026-03-23T20:07:11,,committed
202731be-433c-4d1e-a53c-b6a9bda8ed36,WH-WEST,BEV-001,a541ad93-67d5-42c4-b806-3bb109d27d48,1,2026-03-23T20:07:11,,committed
aedda02e-5bf2-4929-837f-8cec0c26cf57,WH-WEST,JAF-005,a541ad93-67d5-42c4-b806-3bb109d27d48,1,2026-03-23T20:07:11,,committed
96f2c506-f3d5-44cd-a99e-e65476e75ca1,WH-WEST,JAF-001,a541ad93-67d5-42c4-b806-3bb109d27d48,1,2026-03-23T20:07:11,,committed
d720a697-fdce-4aa2-bed7-b5c738a2afef,WH-EAST,BEV-004,0e1b7071-6f6c-44fb-8f7a-6e73da639393,2,2026-03-14T12:32:06,,committed
b9a8a424-ec06-4dd2-b08c-c701caac022d,WH-EAST,JAF-005,abb786fa-90b0-4ac2-8ccc-29f2b67381ef,1,2026-02-20T21:53:37,,committed
ee028927-368f-4085-9aaf-ec9f63fde348,WH-WEST,JAF-003,33e8813c-d800-47d4-adc7-631be1831933,2,2026-06-28T07:19:57,2026-06-28T07:47:57,expired
b436cc60-473a-4a41-9ab7-7fc14cc88460,WH-WEST,JAF-002,33e8813c-d800-47d4-adc7-631be1831933,3,2026-06-28T07:19:57,2026-06-28T07:45:57,released
a545ee0c-fde6-4e1e-9a94-c9e39ab2df7f,WH-WEST,BEV-001,52000ed8-b0eb-4e2f-a09e-35ae002af898,1,2026-04-06T09:31:53,,committed
d91a2416-7f54-4f15-9509-21df351ea33d,WH-EAST,BEV-005,cb4755b2-19a3-43d4-a783-ff2104eeefb6,1,2026-04-24T00:08:37,,committed
932f49d9-8079-43c6-8774-7914d21105d3,WH-EAST,BEV-004,cb4755b2-19a3-43d4-a783-ff2104eeefb6,2,2026-04-24T00:08:37,,committed
c6bbdd1a-ec83-497f-bcc8-e90c56af364c,WH-WEST,JAF-002,5329f02c-22fc-471d-a723-71aa054de7d0,1,2026-07-22T18:33:35,2026-07-22T18:52:35,released
7234daf2-3405-41c4-99f8-6951273b9a1f,WH-WEST,JAF-003,5329f02c-22fc-471d-a723-71aa054de7d0,1,2026-07-22T18:33:35,2026-07-22T19:02:35,expired
59225449-1043-4fc3-92c3-7cf1f043cfc9,WH-WEST,JAF-003,5329f02c-22fc-471d-a723-71aa054de7d0,2,2026-07-22T18:33:35,2026-07-22T19:12:35,released
fe782973-08d7-48d9-8d5b-d218e4252e90,WH-WEST,BEV-001,cfaf022a-33e4-4df6-b42a-61cf37804734,3,2026-02-27T08:16:45,2026-02-27T09:14:45,expired
e040bae3-4598-4ce4-94d3-ee9ba67a10c7,WH-WEST,BEV-004,24c8bebb-d0e7-4c13-97c7-b22b3b06779c,1,2026-06-01T23:09:50,,committed
b8b90dfe-509c-4c96-82c3-329169c91704,WH-WEST,JAF-003,8f5e6f2f-15f5-4766-be37-a390c1a0a6ed,1,2026-08-04T08:02:16,,committed
a475156a-d694-4adc-8f0e-fce5da2abe21,WH-EAST,JAF-003,563eda74-21cb-4c18-8540-3bad33c13a8e,1,2026-04-02T03:55:29,,committed
2fa1d758-b2e0-4225-9faa-d19baae3ca16,WH-EAST,JAF-003,0486bd6e-0223-45e8-8b72-dcda0c462c2b,1,2026-07-18T10:25:59,,committed
abd084a6-6826-4bef-88c9-fb2e9e346397,WH-EAST,JAF-004,0486bd6e-0223-45e8-8b72-dcda0c462c2b,1,2026-07-18T10:25:59,,committed
c10c83f6-f72f-4d32-ab84-415b142d83e5,WH-EAST,JAF-004,0486bd6e-0223-45e8-8b72-dcda0c462c2b,1,2026-07-18T10:25:59,,committed
a1446159-74c1-485f-ac88-4c62d40f1029,WH-EAST,JAF-001,0486bd6e-0223-45e8-8b72-dcda0c462c2b,1,2026-07-18T10:25:59,,committed
85960f44-9691-4543-aea0-9d833a608dc7,WH-WEST,BEV-004,d091f526-a1df-4047-9949-2704dad874d7,1,2026-04-03T04:14:21,2026-04-03T05:13:21,expired
741da5cb-cfde-4c3a-9ae1-f3659c48bb9d,WH-WEST,JAF-003,d091f526-a1df-4047-9949-2704dad874d7,1,2026-04-03T04:14:21,2026-04-03T04:37:21,released
896cb3fd-b674-411f-b0cc-d94236e3cf03,WH-WEST,JAF-001,8b94c4b7-6cca-4321-bf97-d1b058dabcc4,1,2026-04-07T04:14:04,,committed
dfda030e-7bbd-477b-be7c-1414a7d2b0b2,WH-WEST,JAF-004,8b94c4b7-6cca-4321-bf97-d1b058dabcc4,1,2026-04-07T04:14:04,,committed
04c0c89c-4741-4bc9-b9f7-ff7204589b31,WH-WEST,JAF-004,8b94c4b7-6cca-4321-bf97-d1b058dabcc4,1,2026-04-07T04:14:04,,committed
7f4ab09b-1d72-4b66-b229-70134f1f94fe,WH-WEST,JAF-005,a9c0dbe6-195e-4b5c-b353-d2f8cea32154,1,2026-08-06T21:39:48,,committed
749ffcd9-1963-418a-b56f-cfcb843e0314,WH-WEST,BEV-002,a9c0dbe6-195e-4b5c-b353-d2f8cea32154,1,2026-08-06T21:39:48,,committed
aa986406-4e03-4443-8ed9-131daab3b82a,WH-EAST,BEV-005,91ec046d-5772-406e-b174-a9f47fead344,1,2026-04-05T04:49:54,2026-04-05T05:28:54,expired
d9cd077c-21ae-4846-814a-64bab19f2027,WH-WEST,BEV-005,b72cbcc0-c3b0-4d1e-825e-605e4a2e696e,2,2026-05-20T18:30:22,,committed
c4c79eba-f7e6-43c2-b6d1-c1a96d7cd5e5,WH-WEST,BEV-005,b72cbcc0-c3b0-4d1e-825e-605e4a2e696e,1,2026-05-20T18:30:22,,committed
ba6afeef-71c0-4574-8232-7b923f88088c,WH-EAST,BEV-004,35998918-883e-43b5-9369-eb57c8f8b69a,1,2026-05-17T22:00:56,,committed
00090c8e-6003-4feb-9866-df9017382c2d,WH-EAST,BEV-001,35998918-883e-43b5-9369-eb57c8f8b69a,1,2026-05-17T22:00:56,,committed
33888a23-b55f-4c44-84f6-2f856a11dcf6,WH-EAST,BEV-001,35998918-883e-43b5-9369-eb57c8f8b69a,1,2026-05-17T22:00:56,,committed
266884ca-fbe4-41ad-8cd3-21aff96c9944,WH-EAST,BEV-001,35998918-883e-43b5-9369-eb57c8f8b69a,2,2026-05-17T22:00:56,,committed
7f9b95fe-54eb-4b0b-8f9c-1d4b4cee253f,WH-EAST,BEV-004,fe05dd37-55ed-4ad7-a396-2cea4d9e3d34,1,2026-04-05T18:14:57,,committed
029b4da5-8233-4223-822b-c0f2055a0b07,WH-EAST,BEV-005,e3e17d84-0b49-42f0-94d4-c3ee5c918f7d,1,2026-05-29T21:30:04,2026-05-29T21:45:04,released
25995129-14d5-4caf-910f-7e44943e5314,WH-WEST,JAF-002,2979126e-fe61-487f-be0f-51d346cfc954,2,2026-07-12T12:51:52,,committed
9dc2f369-5d62-4eb3-9553-33c6de3b6313,WH-WEST,JAF-003,8dfe4a7e-d409-4ebf-aa5d-14ef8ec9e8da,1,2026-08-08T21:30:54,,committed
fd9df70b-dd88-4c28-b6d2-808d1ee0bd31,WH-WEST,JAF-005,8dfe4a7e-d409-4ebf-aa5d-14ef8ec9e8da,1,2026-08-08T21:30:54,,committed
920eb11c-b170-43bb-8ee1-14761786fbbd,WH-EAST,JAF-001,a4668297-073b-4a24-9bb3-8ccd89527647,1,2026-03-12T00:01:13,2026-03-12T00:27:13,released
b90eaa12-7508-4d4c-b42c-0d06bae78171,WH-EAST,BEV-001,a4668297-073b-4a24-9bb3-8ccd89527647,1,2026-03-12T00:01:13,2026-03-12T00:35:13,released
db99435b-0e9f-48e7-8806-6066aaff5393,WH-WEST,BEV-002,cda4c6a8-9fef-44b4-b6c4-f3fb8dcec15d,1,2026-05-16T03:26:04,,committed
8c6d9dc6-c99d-4d7d-9ea8-3a9d38e20f75,WH-WEST,BEV-003,cda4c6a8-9fef-44b4-b6c4-f3fb8dcec15d,1,2026-05-16T03:26:04,,committed
dd475ab4-a970-4130-9c82-cc36a973829b,WH-WEST,JAF-004,c559b52d-8fb4-4591-92b7-59fe381e6e50,1,2026-04-24T04:13:06,,committed
42dea36f-7c09-465a-941e-b377e89e986a,WH-WEST,JAF-003,c559b52d-8fb4-4591-92b7-59fe381e6e50,1,2026-04-24T04:13:06,,committed
adeadb0b-3418-4716-9142-6a0bc3e49d62,WH-WEST,JAF-004,c559b52d-8fb4-4591-92b7-59fe381e6e50,1,2026-04-24T04:13:06,,committed
72cae127-2af0-4f70-b81c-ba419b2f97f8,WH-EAST,JAF-005,10c7e0b5-4c90-4554-8aba-adc027a5145b,1,2026-06-12T09:45:11,2026-06-12T09:55:11,released
7c0fe54e-3132-4b84-917f-34cb6ca59893,WH-EAST,BEV-003,10c7e0b5-4c90-4554-8aba-adc027a5145b,1,2026-06-12T09:45:11,2026-06-12T09:49:11,released
85a196c0-78ae-4657-bb42-76654ceaa690,WH-WEST,BEV-003,9915c523-e847-4642-99ae-8d21d912b4c9,3,2026-08-11T04:33:25,,committed
d7d92d07-5f14-46fb-8c09-5732c92aa36d,WH-WEST,JAF-005,7460f697-1dd6-41d4-8be7-8c13157090ce,3,2026-03-21T13:30:49,,committed
410f5be3-e3be-46e9-bc75-a5d61342d722,WH-WEST,JAF-004,7460f697-1dd6-41d4-8be7-8c13157090ce,1,2026-03-21T13:30:49,,committed
e0c0f5bc-b66a-4771-8b01-cab8e3a8a2ef,WH-EAST,JAF-005,0f61e28e-7a75-4a43-9adb-42c84c77d741,1,2026-04-07T01:46:10,,committed
252dd093-0a5b-4c4e-9901-0eabfda5dfe9,WH-EAST,JAF-005,0f61e28e-7a75-4a43-9adb-42c84c77d741,1,2026-04-07T01:46:10,,committed
4a19ff1a-ebf8-4bbc-8406-3afeb83c7d3a,WH-EAST,JAF-001,4801882b-10bf-4e47-a62e-6c8e63f6018f,1,2026-04-20T01:56:33,2026-04-20T02:00:33,released
45bf7b65-2b6f-4a94-8475-232193d4e9f4,WH-WEST,JAF-004,ce99ecb8-a883-4816-9a66-435aa072f2f8,1,2026-04-05T05:39:32,,committed
2e4c2592-77bb-46a2-9646-c14e037c26c9,WH-WEST,BEV-004,14b9de07-e85d-41a8-af17-7bc91649dea2,2,2026-07-10T13:01:57,,committed
df962320-4df4-447c-8bab-9e10c79f5ca4,WH-WEST,JAF-005,00f771f2-d1c2-46bf-90f9-4f7c1bcf2090,1,2026-07-14T04:26:00,,committed
988f84bb-a625-4580-9cef-4809a065f255,WH-EAST,JAF-004,9204eef5-a92b-4c47-9d34-3cbbf1842398,2,2026-05-05T20:09:01,,committed
0039138d-e0ca-4bfb-8f55-397c05835640,WH-WEST,BEV-002,80658fd7-2c3d-4f43-b96a-adadf0fee152,2,2026-05-15T06:46:00,,committed
f3bcf147-450e-48de-825a-130fd17478a6,WH-WEST,JAF-004,80658fd7-2c3d-4f43-b96a-adadf0fee152,1,2026-05-15T06:46:00,,committed
10fa69d5-8dc9-400e-b64a-73cbe2618c93,WH-WEST,JAF-003,80658fd7-2c3d-4f43-b96a-adadf0fee152,1,2026-05-15T06:46:00,,committed
c84b9bfa-0f6b-47aa-8221-44aadcace4e5,WH-WEST,BEV-003,80658fd7-2c3d-4f43-b96a-adadf0fee152,1,2026-05-15T06:46:00,,committed
eca41459-2895-454c-b417-ab4853b3b391,WH-EAST,BEV-002,542f1a8b-738a-4299-a3f8-4699f670ceb9,1,2026-06-17T18:01:16,2026-06-17T18:25:16,released
7656009d-321b-4201-88b3-1a4b56dcb798,WH-EAST,BEV-002,5b54d0b6-85c2-4522-afd0-61a79227a851,3,2026-03-13T04:25:05,2026-03-13T05:13:05,released
10912c59-a8c5-47df-955b-dab91ebc3883,WH-EAST,BEV-001,5b54d0b6-85c2-4522-afd0-61a79227a851,1,2026-03-13T04:25:05,2026-03-13T05:07:05,expired
933f13b3-516a-4dee-909f-87525e058d7d,WH-EAST,BEV-002,5b54d0b6-85c2-4522-afd0-61a79227a851,2,2026-03-13T04:25:05,2026-03-13T04:36:05,expired
53e1679a-3bae-455c-a56c-833cce7a8ac2,WH-WEST,JAF-001,9f479218-b1e8-4555-8ea9-15e5625e85dd,1,2026-04-08T23:11:31,,committed
1114ad53-05bd-423d-8d7b-e1156bf56906,WH-WEST,BEV-005,9f479218-b1e8-4555-8ea9-15e5625e85dd,1,2026-04-08T23:11:31,,committed
20e4632e-38bc-4974-a3f8-86bed0782823,WH-WEST,JAF-003,9f479218-b1e8-4555-8ea9-15e5625e85dd,1,2026-04-08T23:11:31,,committed
916f5521-f554-453b-a698-0dc4d427f65c,WH-WEST,BEV-002,9f479218-b1e8-4555-8ea9-15e5625e85dd,1,2026-04-08T23:11:31,,committed
491c8ca5-448d-4926-b4c1-c187554f0880,WH-EAST,JAF-002,dd04b6ee-6ef0-4970-9991-87351b7c94ca,-1,2026-05-23T08:21:15,2026-05-23T08:26:15,released
33bac425-a737-4d54-b29e-3993d54b63f6,WH-EAST,BEV-004,dd04b6ee-6ef0-4970-9991-87351b7c94ca,2,2026-05-23T08:21:15,2026-05-23T08:30:15,released
f3695591-b3b3-46b1-a73a-e97e45fbbba9,WH-EAST,BEV-005,dd04b6ee-6ef0-4970-9991-87351b7c94ca,1,2026-05-23T08:21:15,2026-05-23T08:24:15,released
1a474439-8caf-4884-b202-254b43ebaf16,WH-WEST,JAF-001,cd5401f1-b46e-4f21-84c9-577016773cf2,1,2026-06-26T20:51:15,2026-06-26T21:01:15,released
f293354a-eb5a-43cb-8ac5-2ddbe9106e7e,WH-EAST,BEV-005,6098ea5f-46dc-4d20-9743-535f86eed2bf,2,2026-08-01T21:44:55,,committed
638f6b8c-2cd1-4c76-9d61-0f5be156d113,WH-EAST,JAF-003,6098ea5f-46dc-4d20-9743-535f86eed2bf,1,2026-08-01T21:44:55,,committed
f77c4ec2-288d-4af4-94db-6289bed65799,WH-EAST,JAF-005,6098ea5f-46dc-4d20-9743-535f86eed2bf,1,2026-08-01T21:44:55,,committed
bd9d1b5c-325b-4ce7-bd82-27a9b742c130,WH-EAST,JAF-003,0c5b4cc9-002e-4f0b-832e-e211529a0273,2,2026-06-30T12:23:59,,committed
088f3421-eafd-467c-b5db-2c3fa7dd4fcf,WH-EAST,JAF-004,0c5b4cc9-002e-4f0b-832e-e211529a0273,1,2026-06-30T12:23:59,,committed
a3bb1c5b-529d-40d5-b181-bea67077c173,WH-EAST,JAF-002,d0af6f43-e827-4e8b-9f0c-da4c29a37d07,2,2026-04-28T19:13:07,,committed
5de1b1d0-c58d-4c0a-8273-a66cf593c7e2,WH-EAST,JAF-001,d0af6f43-e827-4e8b-9f0c-da4c29a37d07,1,2026-04-28T19:13:07,,committed
14d61383-911e-48d0-936e-ed07dddd41a9,WH-EAST,BEV-005,d0af6f43-e827-4e8b-9f0c-da4c29a37d07,2,2026-04-28T19:13:07,,committed
522df883-bdd3-47ff-9d9b-508afd6b3301,WH-WEST,JAF-005,d2a9859e-eed1-41f8-902b-b5ed6b6d8147,3,2026-08-07T21:47:38,,committed
4e230e97-6f27-4052-b0e2-dd85bc60a53c,WH-WEST,JAF-001,d2a9859e-eed1-41f8-902b-b5ed6b6d8147,1,2026-08-07T21:47:38,,committed
56ad3822-25cc-4f02-b8be-c33623539a83,WH-WEST,JAF-001,c9c307e7-73df-46a4-85fc-2fd5b2483a37,1,2026-03-01T19:52:08,,committed
77165bc6-4475-498d-a025-5f34a053ac22,WH-EAST,JAF-001,1d8384a7-24f6-44e8-ae01-2f1560de8918,1,2026-05-08T02:44:58,,committed
3aa49ae1-ec1f-4985-985f-b4a7e79f23ff,WH-EAST,JAF-003,79c5a5e2-35d6-43db-bd4f-d7fb6bcb32e8,1,2026-08-05T17:49:14,2026-08-05T17:59:14,released
dc652c50-afe3-4a44-8f21-2799e3224faf,WH-WEST,BEV-004,f3dd4e24-d3b2-48b9-ace9-cfdcd0379884,1,2026-08-09T00:41:33,,committed
d9c9e2bf-267e-4bcb-82d8-da480f9fed6f,WH-WEST,BEV-003,f3dd4e24-d3b2-48b9-ace9-cfdcd0379884,1,2026-08-09T00:41:33,,committed
97a63c32-c0b9-4f40-b0e2-406d77236b94,WH-WEST,BEV-005,f3dd4e24-d3b2-48b9-ace9-cfdcd0379884,3,2026-08-09T00:41:33,,committed
bebbc30f-a491-48a3-a627-e6fef7367a9c,WH-WEST,JAF-004,d9daec39-2504-48af-928c-c77e26bb73c1,2,2026-08-14T21:44:01,2026-08-14T22:09:01,released
a9bc1738-d6f4-4c82-ba53-e0863f43ef97,WH-WEST,JAF-004,9d7dea03-72cf-4913-a3ef-6579fe6d7253,2,2026-02-22T11:20:42,,committed
6674865f-001e-4adf-ad6b-291d2e44d1f3,WH-WEST,BEV-005,1e521731-b87b-4dec-b87c-d4e1a17a7623,1,2026-03-18T04:02:45,2026-03-18T04:28:45,expired
ccbb6dbe-ef46-44f8-bea8-bc74bdc547d5,WH-WEST,JAF-005,1e521731-b87b-4dec-b87c-d4e1a17a7623,-1,2026-03-18T04:02:45,2026-03-18T04:15:45,released
124b6ae6-5de7-4d28-830e-5ea34bee5cb5,WH-WEST,JAF-003,1e521731-b87b-4dec-b87c-d4e1a17a7623,2,2026-03-18T04:02:45,2026-03-18T04:26:45,released
6bf75ac8-7239-43aa-92ee-dd45f72d9aef,WH-EAST,JAF-002,f41c0386-5952-43b8-ad5c-3a317d992a0b,1,2026-03-03T07:11:25,,committed
6eb872a8-5bf7-4861-848f-1f952e8eb14b,WH-EAST,BEV-004,f41c0386-5952-43b8-ad5c-3a317d992a0b,1,2026-03-03T07:11:25,,committed
cf8671a7-369a-4152-8b03-66a74549e9e5,WH-EAST,BEV-003,f41c0386-5952-43b8-ad5c-3a317d992a0b,1,2026-03-03T07:11:25,,committed
9ce9d124-1488-4494-8303-945b88eb2d29,WH-WEST,BEV-004,f74a0cf5-670b-4f5c-a663-abe3c9ef7705,1,2026-08-03T21:29:08,2026-08-03T21:34:08,released
360ee96b-ae9c-4072-80c2-69d05fd90425,WH-WEST,BEV-001,f74a0cf5-670b-4f5c-a663-abe3c9ef7705,1,2026-08-03T21:29:08,2026-08-03T21:31:08,released
90e5de5a-1c35-4f00-9f97-b95f2b989013,WH-WEST,JAF-001,f74a0cf5-670b-4f5c-a663-abe3c9ef7705,1,2026-08-03T21:29:08,2026-08-03T21:35:08,released
a8360ab3-8e1c-4beb-8614-8e2fdd28c76e,WH-WEST,JAF-001,2e01b80f-3f11-4c87-b897-fda00e7f02fd,1,2026-04-08T16:31:00,,committed
d0201dac-0198-4ffa-8943-30f7984b173b,WH-WEST,BEV-001,2e01b80f-3f11-4c87-b897-fda00e7f02fd,1,2026-04-08T16:31:00,,committed
5584134b-33ab-4eac-a9d5-85f16748593e,WH-WEST,JAF-002,2e01b80f-3f11-4c87-b897-fda00e7f02fd,1,2026-04-08T16:31:00,,committed
7022db8f-349c-48b5-968a-b98f31197beb,WH-WEST,JAF-002,90fe9d55-3a62-4e3c-b9e5-fa7c6ca62305,1,2026-07-14T15:01:36,,committed
b72d44fd-7eaa-456c-87ac-5ac649716a79,WH-WEST,JAF-004,58da401e-9e8c-42c3-b22c-5e4e80d05671,1,2026-05-18T06:07:58,,committed
49fb49a5-92d6-427b-8c10-1572bd18d625,WH-WEST,JAF-001,b3b702ed-6251-42ad-b8b0-d129109c7ea0,2,2026-02-20T23:39:16,2026-02-21T00:39:16,expired
f9a7f491-7a44-4ce5-8a04-a5e86cd9c617,WH-EAST,BEV-002,0e48c2cb-a7ca-46c9-9a57-4534ed34838b,3,2026-03-07T02:50:15,,committed
aab7d79b-ae24-4e61-8a1a-006d51ed3e32,WH-WEST,JAF-004,62b50ee7-3964-4752-8226-2d6511224c88,1,2026-02-18T23:16:10,,committed
fb1b7e23-6b8a-4184-b6c8-2a1b30fe2085,WH-WEST,JAF-002,62b50ee7-3964-4752-8226-2d6511224c88,1,2026-02-18T23:16:10,,committed
9fe1c75b-7e55-48bd-a1e9-a2041c2d9d66,WH-WEST,JAF-004,62b50ee7-3964-4752-8226-2d6511224c88,1,2026-02-18T23:16:10,,committed
5964833d-9f46-4d7c-ae6b-98d9614c5876,WH-WEST,JAF-005,62b50ee7-3964-4752-8226-2d6511224c88,1,2026-02-18T23:16:10,,committed
50e2f6d6-54c5-40e0-90ca-32e88786a978,WH-EAST,BEV-002,0b2ee4e7-13bd-4dc2-a38d-689f2bafd1dc,1,2026-08-02T14:13:17,2026-08-02T14:19:17,released
2ed0365d-439c-4473-b3ed-bedec0da1c8a,WH-EAST,BEV-002,0b2ee4e7-13bd-4dc2-a38d-689f2bafd1dc,2,2026-08-02T14:13:17,2026-08-02T14:20:17,released
f64b5e0d-8434-42f7-8a85-f31ab1de38aa,WH-EAST,BEV-004,0b2ee4e7-13bd-4dc2-a38d-689f2bafd1dc,1,2026-08-02T14:13:17,2026-08-02T14:23:17,released
ad3fc3bf-fd86-4205-9e0e-81c4cfcc9cc4,WH-WEST,BEV-001,d69dcb1a-bd69-4ea6-bfef-fea0443e1365,1,2026-06-19T22:42:43,2026-06-19T22:46:43,released
01e686ae-220c-4efc-923a-e6ebbd22296c,WH-WEST,JAF-002,d69dcb1a-bd69-4ea6-bfef-fea0443e1365,2,2026-06-19T22:42:43,2026-06-19T22:50:43,released
a484de14-5a37-4b6f-944e-6d16d117f07b,WH-EAST,JAF-004,43b564c5-1735-4e4c-bb18-b5a4834f99cf,2,2026-04-01T15:44:50,,committed
e5dbda5c-889b-4422-afd1-ce72e21188c4,WH-EAST,BEV-004,43b564c5-1735-4e4c-bb18-b5a4834f99cf,1,2026-04-01T15:44:50,,committed
fdb1ca88-4684-40fd-84f9-ced53a9263be,WH-EAST,BEV-005,f6b601ad-1a76-4066-aab2-5d90f10347b3,1,2026-06-19T04:19:58,,committed
4825e64a-10cd-4325-b6ff-c6ad11dee17a,WH-EAST,JAF-003,f6b601ad-1a76-4066-aab2-5d90f10347b3,1,2026-06-19T04:19:58,,committed
40a8d309-5fea-47c2-8a7f-74bd0144154f,WH-EAST,BEV-001,f6b601ad-1a76-4066-aab2-5d90f10347b3,1,2026-06-19T04:19:58,,committed
0c5741c9-dbaf-4058-89bf-118b376201b8,WH-EAST,BEV-005,59a509e1-46c4-41a9-aed8-47e5bf14ae89,1,2026-07-05T07:20:44,,committed
ed4742c3-e425-4cbd-9ef6-5b6847805156,WH-WEST,BEV-004,51c3b093-c793-4fe6-9856-95ea3050953a,1,2026-02-25T15:02:43,,committed
fd43f633-b2da-4c89-b933-fdfca3941ae6,WH-WEST,JAF-004,51c3b093-c793-4fe6-9856-95ea3050953a,3,2026-02-25T15:02:43,,committed
3f9fd824-1a0b-4f61-8164-12e983b01994,WH-WEST,BEV-002,51c3b093-c793-4fe6-9856-95ea3050953a,1,2026-02-25T15:02:43,,committed
c8528c0e-b6fc-418e-bf51-90b2166b9a97,WH-WEST,JAF-003,51c3b093-c793-4fe6-9856-95ea3050953a,1,2026-02-25T15:02:43,,committed
a1f87f46-c475-4489-b1d4-38af7f202895,WH-WEST,BEV-005,1b900645-d1eb-402a-9b4b-cf384c2d5150,1,2026-07-07T22:44:01,,committed
4557614a-de34-4255-a15d-6608d580d2fc,WH-EAST,JAF-003,6867a1ff-4825-442a-b832-5d8c2801e210,3,2026-02-22T08:52:07,2026-02-22T09:34:07,expired
4d7ae11e-4ca5-4f4a-8c77-04936854c9ae,WH-EAST,BEV-001,6867a1ff-4825-442a-b832-5d8c2801e210,2,2026-02-22T08:52:07,2026-02-22T09:03:07,expired
8955037b-713e-4ca9-bab1-5d464e70408a,WH-EAST,JAF-001,f9c5c835-4a98-47c0-8bb5-719f77436bc9,2,2026-07-06T22:12:46,,committed
b7e333d4-a457-4767-a985-32d58d33d0f6,WH-WEST,BEV-004,136a7345-bbb6-49e1-8a87-b8778f2b493e,2,2026-05-17T04:08:12,,committed
cc9460b8-9938-4a2d-9a19-4d15edc10821,WH-WEST,JAF-003,136a7345-bbb6-49e1-8a87-b8778f2b493e,1,2026-05-17T04:08:12,,committed
b2f4f7d2-6bbe-4252-a21f-0080cfcbb3f7,WH-WEST,JAF-001,f69cf207-6184-47a5-b5df-ba3a3d9efd7a,2,2026-07-02T15:39:22,2026-07-02T16:04:22,expired
4410ba20-041e-42b1-9465-84d8ed8a00b6,WH-EAST,JAF-003,cda0d31d-573b-43a2-8dc3-7a131dff2343,1,2026-03-28T00:29:29,,committed
f304b67f-204a-4b61-b088-a3e3b5650ec9,WH-EAST,BEV-005,29a6dfe8-7391-48a2-9074-9bbadba1c225,1,2026-05-22T22:26:04,,committed
77c5c6e7-198d-4edc-93c3-921e1ca9ddd8,WH-EAST,JAF-004,c239366f-2f12-47c8-be98-83258ae7555e,1,2026-04-16T17:48:20,,committed
27984d52-5d10-4cfb-8239-bbd0c2f3cece,WH-EAST,JAF-999-DELISTED,c239366f-2f12-47c8-be98-83258ae7555e,2,2026-04-16T17:48:20,,committed
cbebbc21-8aa5-4861-9dd0-3170aa43c4e1,WH-EAST,BEV-002,2fcd3729-d49e-4a4c-88a1-e46236c18658,2,2026-03-07T05:00:09,2026-03-07T05:33:09,released
f6e0cb9b-6ae1-4897-881f-0c0234b4a4ca,WH-WEST,BEV-004,d8f40a8c-b041-40b7-83b8-8c5982a6261c,1,2026-06-20T11:19:57,,committed
1fcce525-50ff-44ea-8eb5-6637d7d98b58,WH-WEST,BEV-005,d8f40a8c-b041-40b7-83b8-8c5982a6261c,1,2026-06-20T11:19:57,,committed
0fae46e0-056a-490b-a995-3e957eb7c8b5,WH-EAST,BEV-004,3c11c131-881f-4e3c-bed6-5737f9643212,1,2026-03-09T00:45:40,,committed
bfdc2f75-4bd8-4135-95a5-b67baab78bb5,WH-EAST,JAF-004,3c11c131-881f-4e3c-bed6-5737f9643212,1,2026-03-09T00:45:40,,committed
2f672e08-8219-47ae-b811-aed97944d39b,WH-EAST,BEV-004,3c11c131-881f-4e3c-bed6-5737f9643212,1,2026-03-09T00:45:40,,committed
2512fdcf-3b5e-4870-a85d-6466aa0327e7,WH-EAST,JAF-001,3c11c131-881f-4e3c-bed6-5737f9643212,1,2026-03-09T00:45:40,,committed
8e9b5036-e096-4fc7-9753-a5491ca00a23,WH-WEST,BEV-003,1a5c2584-3d55-4295-97fd-256faee5cf43,1,2026-08-14T18:16:43,2026-08-14T18:45:43,released
7d0b1b32-338e-40e3-aca2-e7ab49b41d41,WH-WEST,BEV-001,1a5c2584-3d55-4295-97fd-256faee5cf43,1,2026-08-14T18:16:43,2026-08-14T18:53:43,released
3623e270-f39a-41b6-aa2b-3591bacea009,WH-WEST,BEV-002,1a5c2584-3d55-4295-97fd-256faee5cf43,1,2026-08-14T18:16:43,2026-08-14T18:32:43,expired
bff42d81-9758-4b6a-887f-c4f0a4673eb1,WH-WEST,BEV-002,8ca92c1c-838f-4163-8436-e1706d5d9e49,1,2026-02-22T12:33:30,,committed
c98c5ba5-0d6d-4049-bec1-6347a5b38932,WH-WEST,BEV-004,8ca92c1c-838f-4163-8436-e1706d5d9e49,1,2026-02-22T12:33:30,,committed
56fb6d1f-b8de-4913-9f2a-36316964423f,WH-EAST,JAF-001,11e12029-3d01-4244-89a5-186d87cee1ad,1,2026-07-15T21:32:37,,committed
911fe157-2156-4f87-8479-266a71462728,WH-EAST,JAF-003,a0a9aca5-a2b2-4314-b074-3d4ab437d3f9,1,2026-06-15T17:06:31,,committed
edba26ba-9dbf-442c-b333-4c2f3460fff9,WH-WEST,BEV-005,d0c969f0-efa9-482a-9c67-7c1999a051b1,1,2026-04-07T12:42:18,,committed
bc16cac5-9475-4fde-9e69-754d7dbbeefd,WH-WEST,JAF-002,f6a23028-16bd-4ae3-99f2-e35d8e087f4d,1,2026-07-04T18:55:17,,committed
da5736cc-f720-4ecc-98ae-580d43e3f022,WH-EAST,JAF-001,31fa8b13-4fae-4546-8219-363fd71f126e,2,2026-06-29T00:22:07,2026-06-29T01:00:07,expired
5b70fa65-5f3a-425e-9545-9e12647a7937,WH-EAST,BEV-005,31fa8b13-4fae-4546-8219-363fd71f126e,1,2026-06-29T00:22:07,2026-06-29T01:15:07,released
e0840e97-8c76-4064-867f-97da0d13b80f,WH-EAST,BEV-004,96c00355-cf89-4b6b-b421-01326a6c3ae5,1,2026-06-26T13:01:01,,committed
6cb08956-8ab4-4fb3-bb50-a34f86cebbd9,WH-EAST,JAF-001,96c00355-cf89-4b6b-b421-01326a6c3ae5,2,2026-06-26T13:01:01,,committed
5c44c87f-fd9d-44cb-b634-c39b768fe87e,WH-WEST,BEV-004,02cd5d42-1f0a-4cfa-9ce6-a43e6dbadbf8,1,2026-05-30T18:56:32,2026-05-30T19:00:32,released
cb913a9d-c294-4dc8-8aa4-ee8f9daaefa4,WH-EAST,BEV-003,e5316120-a579-43be-b2d1-a1d90cfa6d06,1,2026-06-07T06:51:58,,committed
bea144c6-7f52-4523-9fa5-11972fbb337f,WH-EAST,JAF-005,e5316120-a579-43be-b2d1-a1d90cfa6d06,1,2026-06-07T06:51:58,,committed
cc0fefd7-fd6f-4afe-b202-30d1e86b85d1,WH-EAST,JAF-005,35b31084-5922-49fa-9ca8-a3b71c6765f0,1,2026-05-19T23:21:39,2026-05-19T23:30:39,released
5eb13ba7-f1ea-4690-84de-849345720111,WH-WEST,BEV-001,6e5d0114-701d-4b00-b1e4-07d2b00826bf,1,2026-06-13T11:45:54,,committed
414266d0-5d9e-475b-bea0-82df98793cf1,WH-EAST,BEV-001,fa1a10e8-e7bc-4e4e-9d4f-2c35fecfad9a,1,2026-05-14T15:37:31,,committed
f7bbac07-21ec-46a0-8c89-6db40f5ac96c,WH-WEST,JAF-003,7e7440aa-96bf-40b2-9d88-db3febb80ce5,1,2026-06-27T20:46:03,,committed
2af8de03-f1e7-4ca8-a5d4-63c01d760514,WH-WEST,BEV-002,7e7440aa-96bf-40b2-9d88-db3febb80ce5,1,2026-06-27T20:46:03,,committed
86768779-5cf2-447f-ace9-f078134c6f87,WH-WEST,JAF-005,7e7440aa-96bf-40b2-9d88-db3febb80ce5,1,2026-06-27T20:46:03,,committed
0cf6d235-35b2-4fd0-8e79-b64d64cfa0d3,WH-WEST,JAF-005,7e7440aa-96bf-40b2-9d88-db3febb80ce5,2,2026-06-27T20:46:03,,committed
3f345349-1dde-4a04-9fbe-cbb73b6e31bf,WH-EAST,JAF-003,8c68ff6e-275f-4db0-9b1b-efdd0b19f6d5,1,2026-03-02T22:49:32,,committed
e852beb5-673a-4399-95b8-c30211848d3d,WH-EAST,JAF-002,8c68ff6e-275f-4db0-9b1b-efdd0b19f6d5,1,2026-03-02T22:49:32,,committed
4cbf60a1-347a-4546-8ffd-6164c9c2447e,WH-EAST,JAF-002,8c68ff6e-275f-4db0-9b1b-efdd0b19f6d5,1,2026-03-02T22:49:32,,committed
8e681fa8-a0c4-452c-90d7-92bd5aab0fde,WH-EAST,JAF-001,8c68ff6e-275f-4db0-9b1b-efdd0b19f6d5,3,2026-03-02T22:49:32,,committed
a4d740dd-7617-48e8-ae9d-5a80d26ff2d3,WH-EAST,BEV-003,5949f203-64f6-4f51-956b-1de19845b7d1,1,2026-05-15T02:34:25,2026-05-15T03:24:25,expired
e575c6c1-608e-44b6-b7c9-f00bbb5ff040,WH-EAST,BEV-001,5949f203-64f6-4f51-956b-1de19845b7d1,2,2026-05-15T02:34:25,2026-05-15T03:12:25,expired
7a32cd53-7243-4037-9a3d-437c360931ed,WH-EAST,BEV-001,5949f203-64f6-4f51-956b-1de19845b7d1,1,2026-05-15T02:34:25,2026-05-15T03:21:25,released
8d23ea0d-c852-4481-8e39-3812a6a619ce,WH-EAST,BEV-005,af26272d-d7e7-4b14-bb0a-3e86dc6fc2fd,1,2026-02-17T16:29:13,,committed
540e6b4e-74e0-456a-8c13-2ac8895b8c67,WH-EAST,JAF-005,af26272d-d7e7-4b14-bb0a-3e86dc6fc2fd,1,2026-02-17T16:29:13,,committed
66447ae0-1436-4799-8211-a04403855b38,WH-WEST,BEV-005,63b34c6c-5627-45ca-9755-20ec5b186896,1,2026-04-19T22:14:20,,committed
7a28eea9-b5fd-4037-89fd-945bb574d066,WH-WEST,BEV-004,22f3f369-c0e7-4646-91a7-f308c385d8a7,2,2026-05-17T11:54:19,,committed
9c7a7687-a19f-4aef-89d6-13b8bee9c11f,WH-WEST,BEV-002,22f3f369-c0e7-4646-91a7-f308c385d8a7,1,2026-05-17T11:54:19,,committed
673d6f97-ff0a-4847-8190-ba9350afd26d,WH-EAST,BEV-003,e757fc80-0354-4bd7-a6bb-9f7a66cdfca0,1,2026-05-27T22:13:12,,committed
6a8aa28f-274f-4424-a9aa-bfb31925c01e,WH-EAST,JAF-004,e757fc80-0354-4bd7-a6bb-9f7a66cdfca0,1,2026-05-27T22:13:12,,committed
1d1492ee-ee69-4f08-acee-079b848c68b7,WH-EAST,BEV-003,be93624f-f891-425e-8013-fa0dbe8dace6,3,2026-03-15T18:55:02,,committed
00862d7b-5dd9-47a1-9cea-f26289debf84,WH-EAST,JAF-003,be93624f-f891-425e-8013-fa0dbe8dace6,2,2026-03-15T18:55:02,,committed
f47401ba-f0f2-486f-b995-5b96b5da8e37,WH-EAST,JAF-004,dd402de5-dd01-4c95-a9a6-ca4f65ece88b,2,2026-08-14T18:14:20,,committed
4791fe5d-3806-4ea8-b676-b70f61a7508d,WH-WEST,BEV-003,bccf365f-8dc9-4581-bb27-52870a6d270c,1,2026-07-22T08:51:00,,committed
2cd93c16-c17e-43bc-8ed1-f208a4114ba0,WH-WEST,BEV-003,e1523113-2408-47fe-b8f4-cb38467b02ed,1,2026-08-11T00:42:03,,committed
580fb040-c3b4-4e6b-8d5b-48b88a34f207,WH-WEST,BEV-001,e9ef0d52-776d-4f5f-b861-79146f7daece,1,2026-06-29T11:12:48,,committed
6840cac7-7a21-4c6f-aee2-55ef26e37e9b,WH-WEST,JAF-003,e9ef0d52-776d-4f5f-b861-79146f7daece,1,2026-06-29T11:12:48,,committed
1c00db85-d6cf-467b-8019-722c148f5830,WH-EAST,JAF-001,48203751-2399-4d8f-98ab-15982a636244,1,2026-07-12T15:54:09,,committed
81add2c9-1fc4-4c3e-a3e6-e0ddc4ca763f,WH-EAST,JAF-005,bde93b24-1692-4f1f-9fd8-4b8207f7168c,1,2026-03-11T04:51:02,2026-03-11T05:04:02,released
ba28d5f3-0620-4805-8761-5d54eede1b34,WH-EAST,BEV-004,bde93b24-1692-4f1f-9fd8-4b8207f7168c,1,2026-03-11T04:51:02,2026-03-11T05:04:02,expired
3bec63ed-45e5-40a4-ae6a-32890d5c2555,WH-WEST,BEV-003,638232fb-36cf-4fab-bf38-fd4ecdd0f183,1,2026-04-26T09:39:54,,committed
ce4d8df9-5f4a-4e52-9af8-86a90d78aa7c,WH-WEST,JAF-002,dff2d262-fbdc-4754-b3bf-85788aaad806,1,2026-07-22T15:30:25,2026-07-22T15:38:25,released
cd4b7974-bdcc-44c8-bc6a-0a1ca766edb2,WH-WEST,JAF-004,dff2d262-fbdc-4754-b3bf-85788aaad806,1,2026-07-22T15:30:25,2026-07-22T15:39:25,released
3758b173-e7ec-433a-9581-fe0ddea63578,WH-EAST,JAF-001,a341a4c6-0cb2-4028-8856-2fed657ee2b8,1,2026-07-17T04:08:33,,committed
9c918f46-4ed0-4a91-9459-df5adeea4c05,WH-EAST,BEV-001,a341a4c6-0cb2-4028-8856-2fed657ee2b8,2,2026-07-17T04:08:33,,committed
ecd1f439-0402-455c-8205-064568d1b211,WH-EAST,JAF-001,7c989325-1b3d-45b5-9ad8-c1f1433447ed,1,2026-03-31T13:01:45,,committed
b8a2be18-be31-45c9-b303-de9e8f6a03c0,WH-EAST,BEV-005,7c989325-1b3d-45b5-9ad8-c1f1433447ed,1,2026-03-31T13:01:45,,committed
63776683-dbb5-426d-9733-e1a8a0245093,WH-EAST,BEV-001,5edaff1f-70fe-4652-a22b-fc03292bd885,3,2026-06-30T01:49:55,2026-06-30T01:58:55,released
1fd171f1-2822-44ed-8dfb-eaa319ab6189,WH-WEST,JAF-001,606fbedf-f840-4729-a0fa-afa9c4707986,3,2026-02-18T07:07:44,,committed
97854edb-3f99-4f0a-b94e-a1e613030a50,WH-WEST,JAF-005,606fbedf-f840-4729-a0fa-afa9c4707986,1,2026-02-18T07:07:44,,committed
a808fb4e-c7a0-42b4-8da8-075154b6a488,WH-WEST,BEV-002,7d4e63a5-f23d-491e-8390-e6dd6c122258,1,2026-02-17T00:53:11,2026-02-17T01:24:11,expired
5ce7356d-05f5-4488-bfef-cf1ddc1ee8c6,WH-WEST,JAF-004,7d4e63a5-f23d-491e-8390-e6dd6c122258,3,2026-02-17T00:53:11,2026-02-17T01:35:11,expired
2bf44156-49eb-4899-91c3-39c8ee612781,WH-EAST,JAF-003,674bca9e-6026-40a2-8e7d-668bbade3633,2,2026-08-07T08:58:46,2026-08-07T09:41:46,released
3ca780e4-797e-49c4-9eba-4dd422f80109,WH-EAST,BEV-002,8e81e7a3-caf4-4738-923b-526e2d4ccbcf,1,2026-06-08T04:42:35,,committed
023ffc24-d4dc-49a6-8ccd-a0867c955887,WH-EAST,BEV-003,060aa6ff-3324-4f18-ba9c-380a4a23d5d0,1,2026-06-20T03:22:07,,committed
b029a685-19f2-4780-bbef-9aa4e8be6cdd,WH-EAST,BEV-001,25024ebd-f65e-48e1-a75d-12d6c5036cd5,1,2026-05-09T07:19:07,2026-05-09T08:00:07,expired
8183accc-9012-43a0-9271-483409d1580b,WH-EAST,BEV-001,df56932f-26f9-4895-93d2-a721a2a2c51c,2,2026-08-08T11:17:16,2026-08-08T11:20:16,released
5523334e-d729-4eb9-bb84-7890bd693223,WH-WEST,JAF-005,7a3eb917-d344-44e0-9da4-995e90d0b878,3,2026-07-05T08:31:16,,committed
856cee2e-0604-400e-b7ab-b53c663f2a3b,WH-WEST,BEV-002,7a3eb917-d344-44e0-9da4-995e90d0b878,1,2026-07-05T08:31:16,,committed
b45497ea-a3a7-4d2f-9a20-87644d4bcd21,WH-WEST,BEV-004,7a3eb917-d344-44e0-9da4-995e90d0b878,1,2026-07-05T08:31:16,,committed
83d41430-a8e1-40f0-a940-be7d64dd5eae,WH-EAST,BEV-003,2515bb39-7d94-4da2-a19f-4382651227d9,1,2026-03-29T09:50:09,2026-03-29T10:00:09,released
ab2b35e5-0c09-4151-b000-75a5b6dd3c96,WH-WEST,JAF-003,75928a6c-c3d1-4a85-937c-11c489c9c921,2,2026-07-02T10:06:19,,committed
7366a5ad-7000-4a81-ae46-735018b123de,WH-WEST,JAF-005,75928a6c-c3d1-4a85-937c-11c489c9c921,1,2026-07-02T10:06:19,,committed
f5a14109-be3d-4ec7-a48e-db22fac9a20d,WH-WEST,BEV-001,86e6e632-857a-4340-a61e-a6f0c6805d5d,1,2026-08-12T17:37:55,,committed
cbb6e90c-16d2-473d-89c5-a60c90064b6f,WH-WEST,BEV-003,86e6e632-857a-4340-a61e-a6f0c6805d5d,1,2026-08-12T17:37:55,,committed
12bf1bd8-c9a9-40d8-afd8-4c5382b57395,WH-WEST,BEV-004,86e6e632-857a-4340-a61e-a6f0c6805d5d,1,2026-08-12T17:37:55,,committed
19a24c8c-558e-46fe-8357-43fbfe7442ca,WH-WEST,JAF-001,86e6e632-857a-4340-a61e-a6f0c6805d5d,2,2026-08-12T17:37:55,,committed
f55548d0-5440-4044-9a2f-d59b12899e1d,WH-WEST,JAF-001,8da6809e-f357-44e9-99f8-570dc6dfdfbb,2,2026-06-28T03:27:09,,committed
c7dd2d85-c2b4-4a6b-addb-f2847e656d0e,WH-WEST,BEV-003,8da6809e-f357-44e9-99f8-570dc6dfdfbb,1,2026-06-28T03:27:09,,committed
c2491ee1-70ab-4b57-bfe3-c5d13f8380c7,WH-WEST,BEV-001,8da6809e-f357-44e9-99f8-570dc6dfdfbb,1,2026-06-28T03:27:09,,committed
e9560de4-7a0c-48fe-8350-7e2ea8b165dc,WH-WEST,JAF-004,5c135492-9767-445e-93c9-4310edc46ee8,1,2026-05-13T22:31:23,,committed
80fb4512-3a10-41c7-889f-4ecd96b8c789,WH-WEST,JAF-004,5c135492-9767-445e-93c9-4310edc46ee8,1,2026-05-13T22:31:23,,committed
6319650e-22b3-4177-b1e8-129d64be2131,WH-EAST,BEV-001,360f4ab9-2206-4667-862f-5f7d0d56c48b,1,2026-04-08T07:07:27,2026-04-08T07:09:27,released
873dbd04-1200-40d2-82ab-a047c688daef,WH-WEST,BEV-001,4f08ac35-c0cc-48b2-a31b-47f1c721c957,1,2026-06-22T13:45:37,,committed
b50330ec-971f-48e1-8605-1a0610023ee5,WH-WEST,JAF-003,475a8ad6-d8aa-4a17-8047-dfbdb3a25822,1,2026-07-10T02:52:37,,committed
35d17eca-603a-4a76-8e79-02ddc696cd9d,WH-EAST,JAF-003,ee223367-93d9-4246-a839-b90a11cb955c,1,2026-04-04T10:14:43,,committed
c58a0cbc-f690-4e6c-a8c6-f49184910441,WH-EAST,JAF-003,d18393e9-fe4a-4487-8c7a-d52deea7f528,1,2026-08-03T23:50:07,,committed
888f0217-fc4c-486c-8527-cfc9d0bd6bc0,WH-EAST,BEV-003,d18393e9-fe4a-4487-8c7a-d52deea7f528,1,2026-08-03T23:50:07,,committed
df7344db-0839-470f-87d2-623305778fb7,WH-EAST,JAF-003,d18393e9-fe4a-4487-8c7a-d52deea7f528,3,2026-08-03T23:50:07,,committed
cb3cd8b7-061e-4183-b3ea-7cf2371e8a51,WH-EAST,JAF-004,5f150015-225a-46fb-9cc6-cf62607d178d,1,2026-06-10T22:23:17,2026-06-10T22:53:17,expired
55f3f14a-687e-487e-88a1-7eba40c5c942,WH-WEST,JAF-003,c51a201f-09e0-48ac-93e0-d1f7145f12df,1,2026-03-02T20:37:29,2026-03-02T20:42:29,released
d7f78fc1-26f1-4f5a-a98c-227268f80d09,WH-WEST,BEV-002,c51a201f-09e0-48ac-93e0-d1f7145f12df,2,2026-03-02T20:37:29,2026-03-02T20:45:29,released
760d2a98-7b01-4940-9732-1cdf8ce5d4c0,WH-WEST,BEV-003,c51a201f-09e0-48ac-93e0-d1f7145f12df,1,2026-03-02T20:37:29,2026-03-02T20:40:29,released
2ac65026-7eba-469e-b87e-80ed7f68e91c,WH-EAST,BEV-005,77fbefc4-134f-47ef-b6b7-6ea73afa5d54,1,2026-07-11T15:46:19,,committed
127448bb-76c4-48a5-9cc6-57fbf32744ee,WH-EAST,JAF-003,77fbefc4-134f-47ef-b6b7-6ea73afa5d54,3,2026-07-11T15:46:19,,committed
ac670283-25f6-42b2-a328-8885317a3fd0,WH-EAST,BEV-001,a7eb73fd-e44e-4cf0-b320-985f6da24df8,2,2026-06-08T09:22:45,,committed
92fe5f04-6cc4-46e5-a0a0-f0fa8b3fcb69,WH-EAST,BEV-004,a7eb73fd-e44e-4cf0-b320-985f6da24df8,1,2026-06-08T09:22:45,,committed
fa17cc46-8d23-43d9-9319-a0b729d03af0,WH-EAST,JAF-002,a7eb73fd-e44e-4cf0-b320-985f6da24df8,1,2026-06-08T09:22:45,,committed
762aebd4-a30e-4797-992e-874d05fd60c1,WH-EAST,JAF-004,277b7eda-a86c-4d76-b444-ef9536e16caf,1,2026-06-22T12:05:36,2026-06-22T12:47:36,expired
67e4d197-8f0d-4460-baa5-ff0e2e8776f6,WH-EAST,JAF-002,277b7eda-a86c-4d76-b444-ef9536e16caf,1,2026-06-22T12:05:36,2026-06-22T12:32:36,expired
e856fd76-cf92-4375-84cc-bd3100acb5e8,WH-WEST,BEV-005,7d2f7fc8-28a5-423d-aa04-1feabd721464,1,2026-03-02T23:50:01,,committed
0f1adec4-d67f-457f-b4eb-fe97fb82b765,WH-WEST,BEV-003,7d2f7fc8-28a5-423d-aa04-1feabd721464,1,2026-03-02T23:50:01,,committed
a6ed0f5f-a693-436b-aac0-e43883ae4b58,WH-WEST,BEV-004,7d2f7fc8-28a5-423d-aa04-1feabd721464,1,2026-03-02T23:50:01,,committed
daa0cc30-4584-48ef-96ec-4a87b769d4b3,WH-WEST,JAF-005,7d2f7fc8-28a5-423d-aa04-1feabd721464,1,2026-03-02T23:50:01,,committed
4b0ca6df-4ba3-4442-b90e-113f503cfeec,WH-WEST,JAF-005,afda4288-304d-4828-acdb-80d4f560bb27,1,2026-05-12T01:57:54,,committed
58e4fe38-9011-4089-a509-e41f93436e25,WH-WEST,JAF-003,b9c567fe-1638-430d-b7b4-148421ba2da4,1,2026-04-01T19:55:49,,committed
4af136b9-34a6-404d-a7d5-7a5b9af1faf1,WH-EAST,BEV-005,12b03779-5564-4672-bc05-ea16b3c139df,1,2026-07-28T02:03:56,,committed
8b6d90b0-b22a-44b0-b21f-516ddf049357,WH-EAST,JAF-001,12b03779-5564-4672-bc05-ea16b3c139df,1,2026-07-28T02:03:56,,committed
56672238-b7ac-4339-af59-99c1a6989963,WH-EAST,BEV-005,12b03779-5564-4672-bc05-ea16b3c139df,0,2026-07-28T02:03:56,,committed
5af6dbfd-555b-4bb8-b67a-c92a2c9b12cf,WH-EAST,JAF-005,12b03779-5564-4672-bc05-ea16b3c139df,1,2026-07-28T02:03:56,,committed
c2d5d709-fdc9-4dbd-9114-7007adaef4e4,WH-EAST,JAF-002,7ea3028b-6aa0-45b6-963b-e4e638ffc3b2,2,2026-05-31T14:03:40,2026-05-31T14:49:40,released
6a2d040f-d6e6-467c-8053-1dafaa68a654,WH-EAST,JAF-001,7ea3028b-6aa0-45b6-963b-e4e638ffc3b2,0,2026-05-31T14:03:40,2026-05-31T15:02:40,expired
e2215206-8f74-4ff3-9f0b-3fd4153a7db0,WH-EAST,BEV-005,7ea3028b-6aa0-45b6-963b-e4e638ffc3b2,1,2026-05-31T14:03:40,2026-05-31T14:27:40,released
09168a47-6d79-4ef4-8d79-393ef5f6be3a,WH-EAST,BEV-001,4c6f812a-9e6c-4051-bb58-de0c8d48b36d,1,2026-06-19T13:12:03,,committed
50f16476-426e-46f2-8eba-0572216f7a2b,WH-WEST,JAF-001,fc707f82-7fdd-4ca1-b6ec-8ae0a0454dc2,0,2026-05-20T10:49:19,,committed
3f576756-f665-464d-a19d-08f79d4f15a3,WH-WEST,JAF-003,fc707f82-7fdd-4ca1-b6ec-8ae0a0454dc2,1,2026-05-20T10:49:19,,committed
b4343ade-d785-4b90-b5a4-929a3deda3e6,WH-WEST,BEV-003,fc707f82-7fdd-4ca1-b6ec-8ae0a0454dc2,1,2026-05-20T10:49:19,,committed
2d706ecd-59d9-41f7-b26c-8a2ceef95b4a,WH-EAST,JAF-001,c1acc31c-43b6-4c7d-a06d-f6591cbe7578,2,2026-07-15T20:23:11,2026-07-15T20:51:11,expired
e7f34175-e629-4c18-9016-d1c8a4e82d4b,WH-WEST,JAF-003,858d1698-fa52-4cdf-903d-2f156ced2832,1,2026-06-11T08:27:17,,committed
5da1012e-0e54-4f0f-94ea-7dd4da39420a,WH-WEST,JAF-005,048d6f6d-ff89-4dde-b6c3-b8c4ceef3b87,2,2026-06-03T04:17:47,,committed
7e122c9a-25f4-4594-bcf8-648531cc33b9,WH-WEST,BEV-001,048d6f6d-ff89-4dde-b6c3-b8c4ceef3b87,1,2026-06-03T04:17:47,,committed
71d2ab0c-1013-4de6-a3cf-6348938ed664,WH-WEST,JAF-003,048d6f6d-ff89-4dde-b6c3-b8c4ceef3b87,1,2026-06-03T04:17:47,,committed
f23b77ce-1af5-4c84-be08-5c2cd5c99107,WH-EAST,BEV-004,6524e0ba-b2ab-43b5-8c04-7393c02b70f6,1,2026-03-20T15:36:41,2026-03-20T16:14:41,released
b452fd9b-f5d3-4d02-aab8-a9cbddd8aa62,WH-EAST,BEV-005,a8f24487-213f-45a8-8bc5-0b6921ee33a2,1,2026-02-19T14:27:33,,committed
da20dc05-24f8-4310-bdf3-2a70ec1e57e8,WH-EAST,JAF-004,a8f24487-213f-45a8-8bc5-0b6921ee33a2,1,2026-02-19T14:27:33,,committed
efd5a14a-3841-4e15-9f65-aa32b58b5503,WH-EAST,BEV-003,dea73aef-b915-4ef4-b6bd-f3f862016447,1,2026-06-06T09:07:21,,committed
25d8bfc0-d7c2-4d6f-aba3-b7df47dd0223,WH-WEST,BEV-002,35615743-1856-47ba-bde8-c5d316d764fe,1,2026-04-02T21:09:20,2026-04-02T21:49:20,expired
97982495-8833-4355-af1b-9989062e95e5,WH-WEST,JAF-004,97a749d2-7850-441e-99be-05d74b5c6955,1,2026-04-02T20:51:45,,committed
e2e4f388-51f2-4e60-baac-c68d81befffe,WH-WEST,JAF-001,97a749d2-7850-441e-99be-05d74b5c6955,3,2026-04-02T20:51:45,,committed
ae6fd2bc-e12b-4c01-a5ff-28a5cd883f7c,WH-WEST,JAF-003,97a749d2-7850-441e-99be-05d74b5c6955,3,2026-04-02T20:51:45,,committed
4c39fe55-415e-4cea-9d5f-f8c011cfa6c5,WH-WEST,JAF-999-DELISTED,97a749d2-7850-441e-99be-05d74b5c6955,1,2026-04-02T20:51:45,,committed
d6afc2a6-5047-4372-b351-88a4a4e120c4,WH-WEST,BEV-005,511fe5f1-0cf5-4526-b667-7688e165292e,0,2026-04-07T16:15:35,,committed
a11982e5-2881-4bb6-a82a-984e089e5763,WH-WEST,JAF-001,dffccb4f-80ed-4f1f-887c-2a3551a5f2f1,3,2026-07-29T13:35:36,2026-07-29T13:38:36,released
a0b6b0e3-89e8-49bb-b926-fcbb92bb8f2b,WH-EAST,BEV-003,dba99e5b-db40-4d92-80c5-25c6a9782915,1,2026-02-24T22:41:57,,committed
7907832a-c350-4ede-97e8-28b57a8d399e,WH-EAST,JAF-001,dba99e5b-db40-4d92-80c5-25c6a9782915,1,2026-02-24T22:41:57,,committed
7b672028-014f-4b85-bac9-c94b6fae1021,WH-WEST,JAF-002,63597562-ff17-4061-b4e4-c98e09674dc9,3,2026-03-06T10:12:15,,committed
5bbf2a7a-a6dc-473b-8ae7-6971e3b32934,WH-WEST,BEV-001,63597562-ff17-4061-b4e4-c98e09674dc9,3,2026-03-06T10:12:15,,committed
b2650af3-91d1-49d8-8370-3f128d5b16a3,WH-WEST,BEV-003,63597562-ff17-4061-b4e4-c98e09674dc9,2,2026-03-06T10:12:15,,committed
70f1f062-669e-43c8-97ff-a419bc49a410,WH-WEST,BEV-004,61b9bb20-e3d1-4ffc-91b8-752c1132bca5,1,2026-04-05T07:54:51,,committed
3f2e4398-36b1-490e-a045-dbfa99c2accb,WH-WEST,BEV-003,61b9bb20-e3d1-4ffc-91b8-752c1132bca5,1,2026-04-05T07:54:51,,committed
ad3d5fa0-fa3d-4972-ba43-8ca3b8dce7af,WH-WEST,BEV-004,61b9bb20-e3d1-4ffc-91b8-752c1132bca5,3,2026-04-05T07:54:51,,committed
04bb36f9-aba2-48ec-a268-59f6d5e3db61,WH-WEST,JAF-002,e48f9f64-adb3-4286-9ade-f4dd8f2abd7c,2,2026-04-08T11:07:14,,committed
8f758477-ae67-4382-9ef4-08f383c7fa5f,WH-WEST,JAF-003,e48f9f64-adb3-4286-9ade-f4dd8f2abd7c,2,2026-04-08T11:07:14,,committed
ea32bbeb-be66-4a1d-952f-7e7d389f3d81,WH-WEST,JAF-004,e48f9f64-adb3-4286-9ade-f4dd8f2abd7c,3,2026-04-08T11:07:14,,committed
42a5f71b-02b8-4c6b-bcc9-4ee6ae07f665,WH-EAST,JAF-004,3c12edf1-cedd-46d1-8c03-6f7b8155947e,2,2026-03-25T00:47:43,2026-03-25T01:20:43,expired
813b210e-c671-4986-b703-cfa33b5e54c5,WH-EAST,BEV-005,3c12edf1-cedd-46d1-8c03-6f7b8155947e,3,2026-03-25T00:47:43,2026-03-25T01:27:43,released
0eae6732-dbf3-4ce0-a5cf-f36440e80e5c,WH-EAST,BEV-005,3c12edf1-cedd-46d1-8c03-6f7b8155947e,2,2026-03-25T00:47:43,2026-03-25T01:31:43,released
4ac2e40d-a7ec-46f7-b7ed-339af25a6949,WH-EAST,JAF-001,7dcf8c42-26cf-4088-bc85-377dcaf22f13,1,2026-02-26T22:20:22,,committed
86a25da2-d396-4abe-9cee-151c249997af,WH-EAST,JAF-003,7dcf8c42-26cf-4088-bc85-377dcaf22f13,1,2026-02-26T22:20:22,,committed
4e12a87d-0633-4ca2-a91b-8c394834ac4f,WH-EAST,JAF-004,7dcf8c42-26cf-4088-bc85-377dcaf22f13,1,2026-02-26T22:20:22,,committed
af6b672d-dea9-4823-9847-74052342c1b7,WH-WEST,BEV-002,f29b41d5-6f17-4304-b0a4-bad544f2a771,0,2026-03-19T21:09:05,,committed
170bc6ec-1bf7-4daf-b610-d0ba2bcd0ac1,WH-EAST,JAF-004,81286eac-b6d2-4ce2-905a-1004b0e5c7a3,3,2026-04-07T19:02:58,,committed
9db656b3-c4a3-4bcf-8b35-954d9cf3baa7,WH-EAST,JAF-005,81286eac-b6d2-4ce2-905a-1004b0e5c7a3,3,2026-04-07T19:02:58,,committed
80373779-954b-4af0-ad38-9400afd08777,WH-WEST,JAF-003,22be12aa-e6df-4f51-9735-031470529c61,2,2026-03-20T07:15:03,,committed
6033eab0-5a5a-44f2-9652-9a6236b25724,WH-WEST,JAF-001,22be12aa-e6df-4f51-9735-031470529c61,1,2026-03-20T07:15:03,,committed
000ff95b-2965-4e61-911d-e1b3bd84629e,WH-WEST,JAF-004,74c91638-bc8e-4bb8-a0df-74b8ec17ab3f,1,2026-06-01T18:47:51,,committed
4412cebc-64ce-4c0f-82f8-2059c8110248,WH-EAST,BEV-003,50d1d686-2262-48cd-98f0-31f6430ffbc5,1,2026-04-13T20:19:10,,committed
4cb6f637-ba95-4023-acc4-e2d28d677d2f,WH-EAST,JAF-002,12fc46bd-0e34-471b-a11f-e0ecadf71fd5,2,2026-02-20T05:50:23,,committed
004e7e6b-264a-41c5-a4a7-1a02c46d727a,WH-EAST,JAF-002,12fc46bd-0e34-471b-a11f-e0ecadf71fd5,1,2026-02-20T05:50:23,,committed
3208954e-b2fc-4cba-a320-df684c8e5c19,WH-EAST,JAF-002,12fc46bd-0e34-471b-a11f-e0ecadf71fd5,1,2026-02-20T05:50:23,,committed
58a144f1-a9aa-4ff8-85a4-6182a1102261,WH-EAST,BEV-004,12fc46bd-0e34-471b-a11f-e0ecadf71fd5,1,2026-02-20T05:50:23,,committed
f773fe8f-b3dd-4bac-b190-7bee3f7344a0,WH-WEST,JAF-001,c511644e-a03f-48d1-beae-4ca909fee59e,1,2026-07-14T23:23:40,,committed
4eea8ce7-96b1-4ea3-afb6-3ff34564094f,WH-WEST,BEV-002,c511644e-a03f-48d1-beae-4ca909fee59e,1,2026-07-14T23:23:40,,committed
1befe7df-a7f5-4fe2-aebf-732d22786cfc,WH-WEST,BEV-001,c511644e-a03f-48d1-beae-4ca909fee59e,1,2026-07-14T23:23:40,,committed
475b20c1-637e-477b-ae4f-1697ddf881fa,WH-WEST,BEV-005,09bc9019-071b-4a16-ba84-807dbc8159dd,1,2026-04-12T19:18:16,2026-04-12T19:56:16,released
9ca49105-9f45-4354-a061-acd04821a275,WH-WEST,JAF-005,09bc9019-071b-4a16-ba84-807dbc8159dd,2,2026-04-12T19:18:16,2026-04-12T20:15:16,released
641919ef-1721-4d51-8a19-b906378d4e82,WH-WEST,JAF-004,8495e4a5-7f30-4ffe-a556-5f0ac879b8eb,1,2026-06-11T11:13:50,2026-06-11T12:09:50,released
4b8c38c2-2426-4c99-9fcd-e2b3f70afc5e,WH-WEST,BEV-005,8495e4a5-7f30-4ffe-a556-5f0ac879b8eb,1,2026-06-11T11:13:50,2026-06-11T11:33:50,expired
b0970d18-4396-46fa-b2df-dc62ef92cbe7,WH-WEST,BEV-004,8495e4a5-7f30-4ffe-a556-5f0ac879b8eb,1,2026-06-11T11:13:50,2026-06-11T11:57:50,released
57038a7a-e56e-47ff-84ea-e963ddaca80d,WH-WEST,JAF-004,304f6312-5b0a-4ab5-af4d-e06de504e54f,1,2026-08-03T02:22:21,2026-08-03T02:35:21,expired
bcc721d7-27c5-42b4-af0a-a610af94a4dd,WH-WEST,BEV-002,304f6312-5b0a-4ab5-af4d-e06de504e54f,2,2026-08-03T02:22:21,2026-08-03T03:21:21,released
17302e5b-26fe-4aab-95b4-5d2d6e2c6d25,WH-EAST,JAF-002,e6aaf002-14e9-49de-96d3-e9046f7ab4d7,2,2026-04-10T14:58:31,2026-04-10T15:06:31,released
52d80425-36ef-415a-8ca0-e564e15bddb3,WH-EAST,JAF-003,e6aaf002-14e9-49de-96d3-e9046f7ab4d7,1,2026-04-10T14:58:31,2026-04-10T15:04:31,released
efd90e0d-3c8f-4b27-93ea-a8e88cd2806c,WH-WEST,BEV-005,2bca818c-1b5d-423b-b541-1edb064d3b61,1,2026-03-13T20:11:01,,committed
04a14fea-cf98-4d5a-8cd1-30c877a663ac,WH-WEST,JAF-003,5d770424-be34-47e1-8da6-0e0e70b5adf8,3,2026-05-12T20:12:45,,committed
11a20d5f-0689-4c6b-a0d7-88eeebb07a1f,WH-WEST,BEV-003,5d770424-be34-47e1-8da6-0e0e70b5adf8,1,2026-05-12T20:12:45,,committed
d8d4f7ec-5298-47c0-8a0f-2c84f5b04935,WH-WEST,BEV-003,5d770424-be34-47e1-8da6-0e0e70b5adf8,1,2026-05-12T20:12:45,,committed
321bf045-1593-4224-bd84-01c67375e042,WH-WEST,JAF-004,5d770424-be34-47e1-8da6-0e0e70b5adf8,1,2026-05-12T20:12:45,,committed
e2e8fcd3-8442-495d-994f-9b3c16f1f15f,WH-EAST,JAF-004,64d12ef5-0732-46e1-a12a-80fbef2e2846,1,2026-07-07T19:53:07,2026-07-07T20:36:07,released
4d961909-113b-4ea8-ae7a-7563a4a6d4d5,WH-EAST,JAF-003,64d12ef5-0732-46e1-a12a-80fbef2e2846,1,2026-07-07T19:53:07,2026-07-07T20:21:07,expired
0b0f5565-9f21-4975-a954-cd25edce8a50,WH-EAST,BEV-003,e34200cb-464e-4a30-8075-e2705b919f52,1,2026-03-05T10:14:09,,committed
3bdbe5dd-04b0-4c5f-a528-5c2ed9bf2971,WH-WEST,BEV-001,6982453b-eea2-4503-93bd-52cffb9c734c,2,2026-04-13T21:20:14,,committed
6506c41c-0c8b-404d-bf23-68edc8dac5f1,WH-WEST,BEV-003,6982453b-eea2-4503-93bd-52cffb9c734c,1,2026-04-13T21:20:14,,committed
1c4b2ec2-d503-48cb-9bbd-8f941483dd07,WH-EAST,BEV-005,0b9dfc8d-dca5-4503-abb7-3721dae9e2b9,1,2026-04-04T21:21:18,,committed
00c581b8-c082-48ff-9ba3-8ee8d169ce4c,WH-EAST,JAF-001,0b9dfc8d-dca5-4503-abb7-3721dae9e2b9,2,2026-04-04T21:21:18,,committed
0b71af51-af33-41d7-b4bd-40c3fc45ca09,WH-WEST,BEV-005,2a601dc3-ec5c-42fb-b3cb-437b5776c7e6,1,2026-04-06T06:05:13,2026-04-06T06:08:13,released
daa4d9a5-883f-432e-9596-4c8144af5dfb,WH-WEST,BEV-002,2a601dc3-ec5c-42fb-b3cb-437b5776c7e6,1,2026-04-06T06:05:13,2026-04-06T06:14:13,released
98bca743-06dc-4a0e-90f6-cbbe5312283b,WH-WEST,JAF-005,ae1531d4-c02e-4db7-a6ed-a0a151ad4818,1,2026-06-06T14:01:35,,committed
37552030-e2b4-4214-848c-c8a116cfb1f8,WH-WEST,BEV-004,ae1531d4-c02e-4db7-a6ed-a0a151ad4818,1,2026-06-06T14:01:35,,committed
bee6ec45-bb68-4a51-a724-d16f5e743cfa,WH-WEST,BEV-004,096aa2ec-2fd3-4ab0-af1c-01e1ce0125e7,1,2026-04-11T11:51:08,,committed
717fea76-fb23-423b-af97-eba4d58ecf51,WH-EAST,JAF-003,4cdcbcc1-ac4d-4f3f-a5a9-e3e1b8f2684d,1,2026-04-01T11:29:59,,committed
c0c2a5f2-6abd-4bfe-8b86-980c8c92c974,WH-EAST,JAF-002,ee979906-a6f7-48a7-b524-ca32084cce94,1,2026-06-16T01:19:53,2026-06-16T01:25:53,released
996ac3fc-9679-4084-bf40-001faf61a89a,WH-EAST,JAF-005,ee979906-a6f7-48a7-b524-ca32084cce94,1,2026-06-16T01:19:53,2026-06-16T01:29:53,released
f9921b0f-478c-4fa3-84ce-6135276c0ded,WH-WEST,BEV-001,2fd3d01f-825a-4129-87b6-b1f916ed7176,3,2026-06-07T09:45:11,,committed
f9ba1b0e-1d85-4bd2-8de4-dbb035d72eb0,WH-WEST,BEV-004,2fd3d01f-825a-4129-87b6-b1f916ed7176,2,2026-06-07T09:45:11,,committed
f9e4e156-35fe-4f9d-9e9c-db6bc0b150ad,WH-WEST,JAF-002,75b3fb9b-8729-4c1a-9370-124e83ba7570,1,2026-04-01T19:06:49,,committed
35d5e392-3332-405d-a0c5-44e24302d173,WH-WEST,BEV-005,75b3fb9b-8729-4c1a-9370-124e83ba7570,1,2026-04-01T19:06:49,,committed
1ee417e8-c762-433e-9814-1fd34af1fb3f,WH-EAST,JAF-003,d031d2c4-0188-4c5e-9aa3-78cfabbb5f2e,1,2026-03-06T14:31:49,,committed
8e90b923-d416-4591-bd6e-5dca17f232ba,WH-EAST,JAF-005,d031d2c4-0188-4c5e-9aa3-78cfabbb5f2e,1,2026-03-06T14:31:49,,committed
d4eebc15-f7d9-418c-8f26-17f28e8f20f6,WH-EAST,BEV-003,d5b53df9-8837-4f8c-b691-5730e6319d0e,1,2026-03-08T16:21:37,,committed
959eea40-844e-4752-91d8-3cb17bb680e8,WH-WEST,BEV-004,11234e0b-1283-4d0a-8a19-f13b8802b460,1,2026-03-09T07:34:02,,committed
3443a01c-3c28-456f-86c4-8d27a1b782d0,WH-WEST,JAF-001,ac5bf1c5-02a7-48f8-b6a5-42f0441bffd6,1,2026-02-28T11:31:17,2026-02-28T11:40:17,released
bf0b99c9-e942-4a00-bafa-b492f7860ee8,WH-WEST,BEV-005,7465ca22-eca4-4a61-ad67-e0fdac2586ef,1,2026-08-03T00:10:57,2026-08-03T00:50:57,expired
43d7fcea-e2c3-4dbf-a476-fce3504e4902,WH-WEST,JAF-002,7465ca22-eca4-4a61-ad67-e0fdac2586ef,3,2026-08-03T00:10:57,2026-08-03T00:36:57,released
89efc40b-8425-459c-b9fc-0e4919ca8ba9,WH-WEST,JAF-004,7465ca22-eca4-4a61-ad67-e0fdac2586ef,1,2026-08-03T00:10:57,2026-08-03T00:34:57,expired
06aa9c97-4274-42b8-9702-8b3a9ddf88e2,WH-WEST,BEV-004,dcff6de2-05fa-4bc4-afd2-a3e47bc96aaa,2,2026-06-12T20:10:02,,committed
dcd564d1-757e-41f9-a1b8-83bcebbc5523,WH-EAST,BEV-004,08aaa4b1-8ef4-4e8d-8f08-b9128dd269b3,1,2026-05-08T16:24:45,,committed
0ce803fa-3105-412d-9cfb-6f16c6bf3d7b,WH-EAST,JAF-001,08aaa4b1-8ef4-4e8d-8f08-b9128dd269b3,1,2026-05-08T16:24:45,,committed
1ef64bad-35b7-44e0-bf61-87dd8fc1a189,WH-WEST,BEV-004,7f246954-e2a6-4799-9c38-208d22895c1c,2,2026-03-28T16:57:37,2026-03-28T17:23:37,released
c50da4e5-b8e3-4185-8f3e-9c2e80b5c815,WH-WEST,JAF-003,5da6d562-c745-4e75-aeb1-328f97c95271,1,2026-02-20T19:58:01,,committed
32715130-3cec-4cef-9536-6b2a4e95d4f3,WH-WEST,JAF-002,5da6d562-c745-4e75-aeb1-328f97c95271,3,2026-02-20T19:58:01,,committed
5d596ddd-adda-465c-88ec-8675a4a9da81,WH-WEST,JAF-004,5da6d562-c745-4e75-aeb1-328f97c95271,1,2026-02-20T19:58:01,,committed
bcb423cc-d1b9-4dc6-a724-eaac0c966ac4,WH-WEST,BEV-004,c2bb61fc-dbbe-41b9-9ed5-0964d211fda8,2,2026-07-12T23:47:39,,committed
a95ab7bb-f8a0-4aea-b441-de1c4095860d,WH-EAST,BEV-002,e2dacf0b-cc9a-488c-8040-68aa828e618a,2,2026-06-25T22:40:17,2026-06-25T23:11:17,expired
845d21a6-644c-4085-91e7-33e241d001e8,WH-WEST,JAF-003,3e64a3ec-f911-4f6e-87b3-1239057d67ba,3,2026-06-17T15:06:24,,committed
11a1f30c-d4be-4606-86b3-3516c153b436,WH-WEST,BEV-002,3e64a3ec-f911-4f6e-87b3-1239057d67ba,1,2026-06-17T15:06:24,,committed
0e926356-bba4-4f99-aa5b-11329f4ca1fe,WH-EAST,JAF-001,e47524a1-2f79-48f1-8777-3de2d88f921c,3,2026-02-17T00:25:10,,committed
d7ed91ac-a030-480f-bc89-e154689acef1,WH-EAST,BEV-002,e47524a1-2f79-48f1-8777-3de2d88f921c,1,2026-02-17T00:25:10,,committed
1aa9ba5f-cc08-43e5-bfb6-925d0fdd780f,WH-EAST,JAF-002,e47524a1-2f79-48f1-8777-3de2d88f921c,2,2026-02-17T00:25:10,,committed
102358fa-da36-479f-b2d3-cd642bae0733,WH-WEST,BEV-005,08a90f41-0175-4d79-855b-9ab1b0738847,1,2026-05-11T04:11:29,,committed
08a0f0c9-f646-419e-aa02-7887d03ff9fe,WH-WEST,BEV-005,08a90f41-0175-4d79-855b-9ab1b0738847,3,2026-05-11T04:11:29,,committed
9fa51fb3-0df5-4684-83e1-a63601f36760,WH-WEST,JAF-002,08a90f41-0175-4d79-855b-9ab1b0738847,1,2026-05-11T04:11:29,,committed
faee7ecc-01cb-4461-8cff-d035528a3856,WH-WEST,JAF-005,5050c77f-07c4-401d-bbb5-92b89d5ceb34,1,2026-07-22T16:43:22,,committed
f7855699-5326-40ec-9340-09005141b076,WH-WEST,JAF-002,55949844-a5d0-4c15-b44c-1619068203f7,1,2026-03-11T16:26:36,2026-03-11T16:46:36,released
6d6906a0-7a98-4fcd-9038-d5c023ca2b12,WH-WEST,JAF-004,55949844-a5d0-4c15-b44c-1619068203f7,2,2026-03-11T16:26:36,2026-03-11T16:47:36,expired
08cc43ea-3229-4b8c-bd54-485723d40d69,WH-WEST,JAF-002,b1cdb79b-fcbb-4471-921d-7dad2e3ff8e1,1,2026-07-08T23:53:58,,committed
0838b422-43c9-4dc6-8a85-f7a5c037f944,WH-EAST,BEV-003,3a6286c7-62e1-431d-b2ac-abfb67cf0b59,2,2026-07-29T19:53:49,,committed
435d094e-72ee-4eaa-b1ed-4ad817b059cf,WH-EAST,JAF-003,3a6286c7-62e1-431d-b2ac-abfb67cf0b59,1,2026-07-29T19:53:49,,committed
84bd4bab-659c-4188-9c11-14e00b195029,WH-EAST,JAF-004,3a6286c7-62e1-431d-b2ac-abfb67cf0b59,1,2026-07-29T19:53:49,,committed
6b65b021-9304-4ea6-895e-27ef545b1e52,WH-WEST,JAF-002,036dfe4f-93eb-4e6d-8f67-0cdfaf3a043f,3,2026-02-20T07:38:37,,committed
8175ed23-bf43-491b-a36d-06f307778074,WH-EAST,JAF-005,c144a978-aee9-4c13-8d33-1461582cf573,3,2026-06-02T05:58:27,,committed
9b815bbf-4ef3-463a-b0e0-75c98e46aace,WH-EAST,JAF-005,c144a978-aee9-4c13-8d33-1461582cf573,1,2026-06-02T05:58:27,,committed
3bfd8b9c-5127-4dc3-923a-279c83c512ba,WH-EAST,JAF-004,c144a978-aee9-4c13-8d33-1461582cf573,1,2026-06-02T05:58:27,,committed
34fabb37-634e-48c4-b419-3f78b324c381,WH-EAST,BEV-004,deb8d72c-f8e7-4882-9aae-bb819e981a7d,1,2026-06-20T15:49:30,,committed
274472db-c4ce-4fbe-98c9-3bf49569e4d9,WH-EAST,BEV-001,6e8a55d7-3cd0-4a85-9534-790f889f76ea,2,2026-07-29T05:00:19,,committed
edd2036f-b3ee-416e-ac47-d647e0b40db4,WH-EAST,JAF-001,6e8a55d7-3cd0-4a85-9534-790f889f76ea,1,2026-07-29T05:00:19,,committed
986c890d-1fb3-4f71-ad14-481341c56c82,WH-EAST,BEV-003,1cf47add-67e3-404b-b25a-33ceeceaec8b,1,2026-07-13T05:11:44,,committed
4338b9a7-f123-447c-92b8-43d7086dbd7f,WH-WEST,JAF-002,87db9d23-204e-4208-8965-5d6cf9508843,1,2026-07-25T11:07:16,,committed
5526d21b-69bf-477d-b49d-f6c039e17eaa,WH-WEST,BEV-004,87db9d23-204e-4208-8965-5d6cf9508843,1,2026-07-25T11:07:16,,committed
b8cf6db7-3237-4ef9-a6a5-647949bab6ae,WH-EAST,JAF-002,2d59f7b6-927c-4004-9de2-495badcfb082,1,2026-05-08T19:48:40,,committed
d30e3768-8da3-462b-8c08-42d2a5a76a4c,WH-EAST,JAF-003,2d59f7b6-927c-4004-9de2-495badcfb082,2,2026-05-08T19:48:40,,committed
ae770090-5eac-45db-9086-fd97064612fe,WH-EAST,JAF-001,2d59f7b6-927c-4004-9de2-495badcfb082,1,2026-05-08T19:48:40,,committed
26241495-ca7d-4564-85ae-4c5560b63081,WH-WEST,JAF-999-DELISTED,85c47c55-a7c6-4127-a4d4-0c48ed0d3e82,1,2026-02-25T16:34:32,,committed
69cd7c15-1e69-4c67-b56c-742e3c10c973,WH-WEST,JAF-001,85c47c55-a7c6-4127-a4d4-0c48ed0d3e82,1,2026-02-25T16:34:32,,committed
3a7e279f-73b2-4363-a0e7-eedc53ed47b5,WH-WEST,JAF-003,bd2fbf5e-fe19-4b24-aa11-bfb3db4c4841,2,2026-02-26T01:47:53,,committed
ce86ba43-69c8-439d-a116-e50cc4390fa3,WH-WEST,BEV-001,bd2fbf5e-fe19-4b24-aa11-bfb3db4c4841,2,2026-02-26T01:47:53,,committed
32598f3e-ecce-4de7-920f-c77aa12a98bf,WH-WEST,JAF-002,8a2b45fd-c09e-4e6f-a89d-f80284072c4e,1,2026-03-13T07:25:13,,committed
e635b800-36b4-4851-a89a-1a9873bafe1c,WH-WEST,BEV-002,8a2b45fd-c09e-4e6f-a89d-f80284072c4e,1,2026-03-13T07:25:13,,committed
c8016816-eaec-424d-b82b-ea847b61a6b0,WH-WEST,BEV-005,8a2b45fd-c09e-4e6f-a89d-f80284072c4e,3,2026-03-13T07:25:13,,committed
9f324133-5a01-4ca7-85f4-23e4052589b2,WH-WEST,JAF-001,8a2b45fd-c09e-4e6f-a89d-f80284072c4e,2,2026-03-13T07:25:13,,committed
3f42bc7d-a489-4f86-add6-89948e844d10,WH-EAST,BEV-005,db93585d-bb3f-437c-a74c-7b275b4bdf58,1,2026-06-23T22:49:24,,committed
4e7bb788-0ab4-4d3e-a751-1c714b941166,WH-EAST,BEV-001,db93585d-bb3f-437c-a74c-7b275b4bdf58,1,2026-06-23T22:49:24,,committed
be1e8b9b-1f06-4aed-8613-cc3c273f4f39,WH-EAST,BEV-005,db93585d-bb3f-437c-a74c-7b275b4bdf58,1,2026-06-23T22:49:24,,committed
74fb2ea5-4bb3-4ded-84c9-9b9369805cee,WH-WEST,JAF-001,0858ca5c-3561-4293-b365-8eb1aaaefd46,1,2026-03-11T12:16:27,,committed
47298db8-6962-4bb4-8518-a1cdce7e583c,WH-WEST,BEV-001,0858ca5c-3561-4293-b365-8eb1aaaefd46,2,2026-03-11T12:16:27,,committed
64e4eb38-8f29-4bc9-96c7-d6a3adaa64cc,WH-WEST,JAF-001,0858ca5c-3561-4293-b365-8eb1aaaefd46,2,2026-03-11T12:16:27,,committed
057ea246-bb33-45c6-97d4-9812d54da3c3,WH-WEST,JAF-002,0858ca5c-3561-4293-b365-8eb1aaaefd46,1,2026-03-11T12:16:27,,committed
20f7f066-1088-4df5-9dc7-ebe7e3ac6150,WH-WEST,BEV-004,9f30001e-546c-4445-b1fd-6c8718388ef0,1,2026-03-04T08:08:56,,committed
aa1ae2d2-5501-438e-a8ed-65c67b0ab928,WH-WEST,BEV-001,debf14ea-c1aa-44d4-89c2-c24fb8204bed,1,2026-06-12T16:28:56,,committed
4fefb6bc-5e10-4039-b8bf-4c7e85ede210,WH-WEST,BEV-004,debf14ea-c1aa-44d4-89c2-c24fb8204bed,1,2026-06-12T16:28:56,,committed
c032c113-4d6d-44cb-b284-9a145b3098ea,WH-EAST,BEV-005,c69dbb95-6574-4632-91a9-87ebcdca6894,2,2026-07-02T16:37:42,,committed
1920d83f-d10b-4d87-a49a-3cd9739906f2,WH-EAST,BEV-001,c69dbb95-6574-4632-91a9-87ebcdca6894,3,2026-07-02T16:37:42,,committed
778852a2-cb16-4195-8c5b-58cd5ba8b6a0,WH-EAST,JAF-004,c69dbb95-6574-4632-91a9-87ebcdca6894,1,2026-07-02T16:37:42,,committed
b3bccc61-6c54-459c-b278-44a5a58d1493,WH-EAST,JAF-004,7bda6d1a-f057-4258-bba6-cb8c70dc2c39,2,2026-02-25T18:01:30,,committed
9c54019a-e6a0-470b-abf8-09acc9095917,WH-EAST,BEV-004,7bda6d1a-f057-4258-bba6-cb8c70dc2c39,2,2026-02-25T18:01:30,,committed
2722b5a6-055b-41a5-92fd-3b5f2a336b51,WH-EAST,BEV-005,d21e4e06-d005-4429-a747-f68748bb0200,1,2026-04-02T20:06:08,,committed
8e8e4c44-c1d1-45f2-9798-c9b86314fd1c,WH-EAST,BEV-004,d21e4e06-d005-4429-a747-f68748bb0200,2,2026-04-02T20:06:08,,committed
25f7dae6-8ea1-4479-8351-826dbe92ca90,WH-EAST,JAF-003,a877d479-9ac2-4720-af7b-0ca4f3c3f20b,1,2026-03-19T12:52:28,2026-03-19T13:48:28,expired
39f8cbea-e7e6-43e7-b3af-edffbbc29b4a,WH-EAST,JAF-005,a877d479-9ac2-4720-af7b-0ca4f3c3f20b,1,2026-03-19T12:52:28,2026-03-19T13:35:28,released
050bb85b-1e54-4020-ace0-3aae4c96251e,WH-EAST,BEV-004,a877d479-9ac2-4720-af7b-0ca4f3c3f20b,1,2026-03-19T12:52:28,2026-03-19T13:46:28,released
733d9d18-f32b-4619-a9d7-2ec0798b0271,WH-WEST,BEV-002,a8d70b24-db60-494c-b793-5fa4c1064acc,1,2026-06-04T11:31:22,,committed
53b497c9-08f4-40b7-aba5-fa72a7eed073,WH-WEST,BEV-005,a93c2669-9c6a-44d9-85ba-3f669fc56a86,0,2026-04-07T05:28:40,,committed
e62de79f-6490-45d1-93ac-3e1c0322df96,WH-WEST,BEV-003,a93c2669-9c6a-44d9-85ba-3f669fc56a86,1,2026-04-07T05:28:40,,committed
4ec21df1-07dd-4501-9d92-c8c0e6bfcb64,WH-EAST,JAF-004,93fc1424-6e1a-45cf-bccb-d0365d1676b3,1,2026-03-29T17:04:28,2026-03-29T17:11:28,released
95a8c1c9-aeb4-4fee-a35c-3f7205ec4434,WH-EAST,JAF-003,93fc1424-6e1a-45cf-bccb-d0365d1676b3,1,2026-03-29T17:04:28,2026-03-29T17:10:28,released
c042d744-89e7-441b-915f-4ffaf37986b1,WH-EAST,JAF-002,93fc1424-6e1a-45cf-bccb-d0365d1676b3,1,2026-03-29T17:04:28,2026-03-29T17:06:28,released
274822f4-d1fe-415b-a7cd-f077e0b3df21,WH-WEST,BEV-003,e91facbd-7b01-473b-bdf6-bf4b374612f1,2,2026-06-24T11:22:42,2026-06-24T11:39:42,expired
807f12c5-4a87-4982-8fe1-b6f534b0f2ca,WH-EAST,BEV-004,e260958a-1980-4f9d-84f4-58b370762770,2,2026-06-26T19:19:53,2026-06-26T19:48:53,released
9d4febf7-a6f2-4bcd-ad8c-62144b060913,WH-WEST,JAF-001,25e9158d-321b-4241-9197-7912db79750d,2,2026-04-01T04:48:15,,committed
36f5aa65-f23e-4c4f-a97d-36edd4309474,WH-EAST,BEV-002,afe9c7c3-d0ae-45f1-b846-f1893b5c645e,1,2026-04-15T01:16:56,2026-04-15T01:58:56,expired
bdda1ddd-1ccb-4ac2-95d6-295aee2a8818,WH-WEST,BEV-005,022b86f0-f76f-4681-b28d-becdfd46f084,1,2026-07-02T04:51:52,,committed
cbad02aa-92b0-441e-b40a-3774f490e913,WH-WEST,BEV-004,022b86f0-f76f-4681-b28d-becdfd46f084,2,2026-07-02T04:51:52,,committed
5a4fc488-248a-4d20-b4d4-88557d3f59f9,WH-WEST,BEV-003,9d27aa72-5967-4f02-9752-212aac033ec9,2,2026-07-21T18:32:04,2026-07-21T19:13:04,expired
fd85f28e-3db0-477e-98da-ac3e97acdc39,WH-WEST,BEV-004,daa94c9c-15b3-4308-81e9-1e31363f880c,2,2026-03-04T08:36:17,2026-03-04T09:31:17,expired
a2c9af65-50ee-4976-9e18-8a1edb1c54ee,WH-WEST,JAF-002,daa94c9c-15b3-4308-81e9-1e31363f880c,1,2026-03-04T08:36:17,2026-03-04T09:04:17,released
995056f6-d326-4591-98fc-6b7b4126f883,WH-WEST,BEV-005,daa94c9c-15b3-4308-81e9-1e31363f880c,2,2026-03-04T08:36:17,2026-03-04T08:53:17,expired
52a48565-87d3-4d8f-9322-669489227810,WH-WEST,BEV-004,daa94c9c-15b3-4308-81e9-1e31363f880c,1,2026-03-04T08:36:17,2026-03-04T09:12:17,released
983c9ffd-12aa-4e58-86bb-76ac7757f27f,WH-WEST,BEV-001,bcf32f46-3b0c-471d-8a30-872f5e7725fd,3,2026-05-28T03:14:21,,committed
8756a539-5055-469a-99ca-d705a24bfc22,WH-WEST,BEV-005,bcf32f46-3b0c-471d-8a30-872f5e7725fd,1,2026-05-28T03:14:21,,committed
921e00f4-5d86-4bf8-a243-ba4035e98642,WH-EAST,JAF-003,5da7ea17-5b73-40de-8519-91e86c8e55fa,2,2026-05-01T12:41:11,2026-05-01T13:26:11,expired
2733569f-8165-4753-b27b-f87ab0373f76,WH-EAST,BEV-003,5da7ea17-5b73-40de-8519-91e86c8e55fa,1,2026-05-01T12:41:11,2026-05-01T13:38:11,expired
a50392a2-63e9-4ec9-99bd-aa25bb1f134d,WH-WEST,JAF-004,79a74e0b-856b-48bc-9c50-17c460cb9650,1,2026-02-25T23:43:26,,committed
dd538850-bba7-4e6d-8c08-da6e008161f3,WH-WEST,BEV-001,79a74e0b-856b-48bc-9c50-17c460cb9650,1,2026-02-25T23:43:26,,committed
3ef5f039-5e4a-423d-a780-94e2e3383bdc,WH-WEST,JAF-004,79a74e0b-856b-48bc-9c50-17c460cb9650,1,2026-02-25T23:43:26,,committed
7ddcaa35-2dab-4406-b3b0-4f823a51cc8f,WH-WEST,JAF-001,79a74e0b-856b-48bc-9c50-17c460cb9650,1,2026-02-25T23:43:26,,committed
fdb0bacb-cf07-4f1b-b991-73430300819c,WH-EAST,JAF-003,af69b295-ae39-487b-b405-1af396f596e4,1,2026-06-11T06:13:16,2026-06-11T07:10:16,released
419088b7-b6ca-470f-87e3-5dee0fd0a8b4,WH-EAST,BEV-002,6d469572-4a94-4377-b1d5-c69c82f89cca,1,2026-06-18T18:15:31,,committed
ad169825-59d4-44f0-9ebe-d3d6986d2053,WH-EAST,BEV-003,97fa50be-01b2-4a4f-9c47-0eeb3e21cd18,1,2026-07-09T22:57:30,,committed
f27b42e8-4a1d-47fd-869d-b88d3d3f52b6,WH-EAST,BEV-001,e1fbf149-6ecc-49d3-a8c7-372de797fd71,2,2026-06-20T06:59:44,2026-06-20T07:29:44,released
7646adef-04fd-484b-8920-58ba9c1e6aa5,WH-EAST,JAF-004,80c232ae-96d2-4f09-93ee-582eba557cc9,1,2026-04-29T08:13:18,,committed
ae4752d3-d089-4c0c-a06a-8e8e12cef343,WH-EAST,BEV-004,80c232ae-96d2-4f09-93ee-582eba557cc9,1,2026-04-29T08:13:18,,committed
79ecb884-c1b4-4d7f-b331-1e75c5c12539,WH-EAST,JAF-005,80c232ae-96d2-4f09-93ee-582eba557cc9,2,2026-04-29T08:13:18,,committed
c7475b92-b1b2-4900-b3c6-0fb7159ecd53,WH-WEST,JAF-004,bbc91b60-90c7-4f3e-a804-32ca876bd9ad,2,2026-03-18T14:59:48,,committed
62a2a132-4b69-4cf6-b6d4-5b10dffcfe99,WH-WEST,BEV-002,b2e7b096-8e44-48fa-96b7-9fa9b062072c,3,2026-04-17T09:05:04,2026-04-17T10:02:04,expired
d1ff5186-a033-4e2d-ad29-587a07f83dae,WH-WEST,BEV-005,b2e7b096-8e44-48fa-96b7-9fa9b062072c,2,2026-04-17T09:05:04,2026-04-17T09:22:04,expired
a3f95304-36d6-431a-a981-82ef02ddea9a,WH-EAST,JAF-003,57949e49-19d6-4de6-a9fe-8a93c1c22b4d,1,2026-06-19T21:39:37,,committed
552876f2-2b70-4444-a6a3-96a357b69fb9,WH-EAST,BEV-004,57949e49-19d6-4de6-a9fe-8a93c1c22b4d,1,2026-06-19T21:39:37,,committed
ce819272-161b-4778-bd2f-7211f118031e,WH-EAST,BEV-005,57949e49-19d6-4de6-a9fe-8a93c1c22b4d,1,2026-06-19T21:39:37,,committed
23e561a8-c745-40e2-aa29-2492de5d5d82,WH-EAST,BEV-002,5f264045-45c5-4532-aebb-1b6eb997500f,1,2026-05-01T07:34:05,,committed
c8572623-fa50-4ecc-844a-cec3c252cb34,WH-EAST,JAF-002,5f264045-45c5-4532-aebb-1b6eb997500f,1,2026-05-01T07:34:05,,committed
9a1f3a02-1729-48ed-a138-cfac3b65b2c0,WH-WEST,BEV-004,c4e03e5e-a541-49b2-9909-4c279c76c16f,2,2026-05-11T13:14:14,,committed
78cadb70-8e19-4750-b291-0893bca0aded,WH-WEST,JAF-004,c4e03e5e-a541-49b2-9909-4c279c76c16f,1,2026-05-11T13:14:14,,committed
42f95c73-12e3-4dae-aa0d-04cc9020ec35,WH-WEST,BEV-005,ee12aecf-b0cc-41b9-a46a-994e7d0aa968,1,2026-05-27T03:52:43,2026-05-27T03:56:43,released
c3ba0f42-c3a7-4204-85de-28bf2b063ae7,WH-WEST,BEV-001,ee12aecf-b0cc-41b9-a46a-994e7d0aa968,1,2026-05-27T03:52:43,2026-05-27T03:58:43,released
68538b7a-3b7d-4e3e-9ec8-f053a41aca2b,WH-WEST,BEV-003,0c1858c3-5ceb-4f6d-b981-311741ca9ed5,1,2026-04-06T07:00:05,,committed
f16f4420-34c3-4338-acff-ad230a37d3eb,WH-EAST,BEV-001,82770870-6e22-4c09-85a2-cef788ead908,1,2026-05-01T11:20:22,,committed
b4d94b10-0cc5-4fb6-bf45-3c37f037b7e1,WH-EAST,BEV-004,82770870-6e22-4c09-85a2-cef788ead908,1,2026-05-01T11:20:22,,committed
b0ae04bf-1c6d-4c0d-bb50-2b028690c349,WH-EAST,BEV-005,82770870-6e22-4c09-85a2-cef788ead908,3,2026-05-01T11:20:22,,committed
554c4756-ce4a-4d5a-8d3e-c672b6f3e4fc,WH-EAST,BEV-004,169e6146-8054-4a64-a17d-b4c46081d30a,2,2026-06-01T01:02:19,,committed
d00a6843-dfe4-4923-8c28-72df05551a95,WH-EAST,JAF-002,29f46b45-2b5b-4890-8ac9-0d9e242095a4,2,2026-07-25T04:01:55,,committed
d91e7cf4-ef19-4d3e-8161-0b4bdb13c244,WH-WEST,BEV-001,93f44239-0645-40ee-a85f-c626346cf3dd,1,2026-03-03T01:25:05,,committed
1bccec88-49d0-4441-9f55-66337fc5b162,WH-WEST,BEV-004,93f44239-0645-40ee-a85f-c626346cf3dd,1,2026-03-03T01:25:05,,committed
4a0bfb74-d337-402e-ab0b-c06fdc568cc7,WH-EAST,BEV-003,9ffc3e91-0b72-4e0a-a484-7a0f8b63ee0e,3,2026-07-25T14:25:06,,committed
ded47668-3726-4bd3-890d-65e274b9301f,WH-EAST,BEV-004,9ffc3e91-0b72-4e0a-a484-7a0f8b63ee0e,-1,2026-07-25T14:25:06,,committed
b91062e7-5349-4199-a8f2-f91af541f7b5,WH-EAST,BEV-005,9ffc3e91-0b72-4e0a-a484-7a0f8b63ee0e,1,2026-07-25T14:25:06,,committed
e94ecb20-b3f8-4e77-afe7-da74b74cb769,WH-EAST,BEV-002,9ffc3e91-0b72-4e0a-a484-7a0f8b63ee0e,1,2026-07-25T14:25:06,,committed
be0e8804-878e-4849-b4f8-9b0f441bfb26,WH-WEST,BEV-003,281941e6-9519-4078-a482-2c8a6a5e6d16,1,2026-05-31T07:32:19,2026-05-31T08:08:19,expired
d4ebfbd3-3445-40ac-93c0-c1baecef14a0,WH-WEST,JAF-001,07da5825-95f9-4e45-b944-9c25c53c5583,1,2026-04-08T02:56:43,,committed
0bf283ae-ea6f-40b7-9149-ff9ef944c197,WH-WEST,BEV-001,07da5825-95f9-4e45-b944-9c25c53c5583,3,2026-04-08T02:56:43,,committed
6f420fac-e420-477e-865d-07d092e39bb5,WH-WEST,JAF-002,1b7c9438-7446-4ad0-829b-9c18405b5cf6,2,2026-05-01T15:27:29,2026-05-01T16:20:29,released
227b2e45-4c84-4b61-ab9e-c0a767df5917,WH-WEST,BEV-001,1b7c9438-7446-4ad0-829b-9c18405b5cf6,3,2026-05-01T15:27:29,2026-05-01T15:48:29,released
2771e778-e407-44bd-ba23-b5a5e55249e1,WH-WEST,BEV-005,5cb92a05-9f3c-4677-b3ce-22fe7f5ed260,3,2026-04-28T03:46:09,2026-04-28T04:22:09,expired
0e82dbd8-9626-4f61-bea6-47435cddac1c,WH-EAST,JAF-005,d6f568e5-f94b-42e6-a94f-4b550be76db6,1,2026-06-20T14:30:30,,committed
34022aed-46cd-42f4-adc3-8e0a8f40744b,WH-EAST,BEV-004,d6f568e5-f94b-42e6-a94f-4b550be76db6,2,2026-06-20T14:30:30,,committed
892f3c0a-bef5-4643-95db-905ce2518796,WH-EAST,BEV-001,9fcc9915-a7ff-44c1-8d0f-59f1a67ca6cb,1,2026-08-09T01:09:58,,committed
ff5f5369-0b10-4ddc-9226-7ecd5e5c514e,WH-EAST,BEV-005,9fcc9915-a7ff-44c1-8d0f-59f1a67ca6cb,1,2026-08-09T01:09:58,,committed
cb726f7d-2ab7-4d18-b00c-1c4bc358077a,WH-EAST,JAF-004,d5a6b890-1834-4f4d-9784-bcc216d04978,1,2026-04-27T03:18:19,,committed
fe390bd4-7958-43cd-beb6-968ce2f85843,WH-EAST,JAF-003,d5a6b890-1834-4f4d-9784-bcc216d04978,3,2026-04-27T03:18:19,,committed
99279659-21d2-4e8d-8086-ab132f7d4598,WH-WEST,BEV-005,87f25195-c22d-4769-be16-ecddcf8373c9,1,2026-05-29T04:16:10,2026-05-29T04:45:10,expired
8945402d-6dfd-4255-91bc-3de6912aef4b,WH-WEST,JAF-005,87f25195-c22d-4769-be16-ecddcf8373c9,2,2026-05-29T04:16:10,2026-05-29T04:27:10,released
2133477e-5668-4386-bb8c-23b514829982,WH-WEST,BEV-003,26e29980-da29-4d5d-bf49-5f5ace4800ea,1,2026-04-13T21:11:30,,committed
eb700b71-8f80-48a5-a386-7cde3f7bbb0c,WH-WEST,JAF-002,26e29980-da29-4d5d-bf49-5f5ace4800ea,2,2026-04-13T21:11:30,,committed
dbab728e-d933-46ac-b0ed-fae9f951c628,WH-WEST,BEV-003,26e29980-da29-4d5d-bf49-5f5ace4800ea,1,2026-04-13T21:11:30,,committed
17263007-476b-4e88-b9be-42a3593314df,WH-WEST,JAF-001,badc4c27-1c4f-4674-bdaa-b2bce42f32fd,1,2026-04-20T10:56:19,,committed
57032faa-2fbe-48ee-b3f9-04f1fa81025e,WH-EAST,BEV-002,bd5a8e5b-a701-485f-87e7-01f9ed4f669e,1,2026-04-30T09:17:38,,committed
f4839605-0192-482f-a50b-99e76f3037c0,WH-EAST,JAF-001,bd5a8e5b-a701-485f-87e7-01f9ed4f669e,3,2026-04-30T09:17:38,,committed
9dbd2168-9a2a-4766-b7ce-ad4590cb8a2e,WH-WEST,JAF-001,6c570515-45b5-4739-9652-58cb5edab474,1,2026-04-14T20:13:15,,committed
1467b050-17c7-43b5-906f-4d027f368456,WH-EAST,JAF-005,71021a79-71f6-4e22-8e68-ee86b007e04f,1,2026-06-21T16:07:22,,committed
da34770f-6cbe-41be-a6e4-3df9c30943c8,WH-EAST,BEV-003,71021a79-71f6-4e22-8e68-ee86b007e04f,1,2026-06-21T16:07:22,,committed
862c0290-f113-456c-85e8-0aa3f39ad25f,WH-WEST,JAF-001,e090bbfa-4d15-4183-a0c1-057dd00189c8,1,2026-02-28T22:01:10,2026-02-28T22:12:10,released
2584be34-7202-430b-ab9f-9014991e1629,WH-WEST,JAF-002,e090bbfa-4d15-4183-a0c1-057dd00189c8,1,2026-02-28T22:01:10,2026-02-28T22:39:10,expired
30d2dfd1-15a0-4168-a682-532365dd5217,WH-WEST,BEV-002,e090bbfa-4d15-4183-a0c1-057dd00189c8,2,2026-02-28T22:01:10,2026-02-28T22:22:10,released
7ca9a997-aa91-414c-aaf9-6e26e55ea070,WH-WEST,BEV-002,e090bbfa-4d15-4183-a0c1-057dd00189c8,2,2026-02-28T22:01:10,2026-02-28T22:53:10,expired
34835df7-b526-47a6-8b71-9917303cfefb,WH-EAST,JAF-004,33d0cab3-4b1f-42ad-8459-07b2404760c3,1,2026-03-02T23:34:26,2026-03-03T00:18:26,expired
5fc640f2-0db2-4e76-88d7-7e701ac88e01,WH-EAST,BEV-003,33d0cab3-4b1f-42ad-8459-07b2404760c3,1,2026-03-02T23:34:26,2026-03-03T00:03:26,released
41970b05-1910-472a-b6e6-ed90241fa217,WH-EAST,BEV-005,33d0cab3-4b1f-42ad-8459-07b2404760c3,2,2026-03-02T23:34:26,2026-03-03T00:28:26,released
0b6482e3-9887-49b9-8946-77d2560d0b38,WH-EAST,BEV-001,db684d16-e410-4625-9625-631d96c9c58d,1,2026-08-02T19:35:12,,committed
60142908-0421-4899-b709-12384a186172,WH-WEST,BEV-001,4da79b72-5228-4e3e-843b-68d1c4a4784b,1,2026-07-01T00:25:39,,committed
08cb6a19-3fb7-4bf4-b53f-110639715ef4,WH-WEST,BEV-005,3f360e04-7613-45d7-8f31-2d5d8725d02d,1,2026-05-31T02:11:10,2026-05-31T02:18:10,released
51b4752e-8486-4191-88c7-333e8428d76d,WH-WEST,BEV-002,5562c740-99d4-4163-a994-440f5789fd24,3,2026-02-21T04:08:46,,committed
70c4aa4b-b98b-4950-ae71-acb0fef3733b,WH-WEST,JAF-002,5562c740-99d4-4163-a994-440f5789fd24,2,2026-02-21T04:08:46,,committed
909b95fe-33a8-4c94-945a-92232fb1c2db,WH-WEST,BEV-001,5562c740-99d4-4163-a994-440f5789fd24,2,2026-02-21T04:08:46,,committed
40e9b2b4-6f04-444f-a7b6-a69e59edfa25,WH-WEST,BEV-003,5562c740-99d4-4163-a994-440f5789fd24,1,2026-02-21T04:08:46,,committed
6a36553e-c8c0-42b3-8fad-a56b342b6fec,WH-EAST,BEV-004,53f26c50-645c-4872-a23d-184d99519531,3,2026-05-10T02:13:01,2026-05-10T03:01:01,expired
1a64152f-eef0-4c61-a725-b33eed33be8d,WH-EAST,BEV-001,53f26c50-645c-4872-a23d-184d99519531,1,2026-05-10T02:13:01,2026-05-10T02:39:01,released
78b0dd4b-5205-45bb-9965-f3392faa3e6f,WH-EAST,JAF-002,53f26c50-645c-4872-a23d-184d99519531,3,2026-05-10T02:13:01,2026-05-10T03:13:01,released
d80a530e-1fb5-4e1c-b8fa-c807acd16327,WH-EAST,JAF-004,53f26c50-645c-4872-a23d-184d99519531,1,2026-05-10T02:13:01,2026-05-10T02:24:01,released
90ab3f77-c259-4052-9409-4d85b2ffcb48,WH-WEST,BEV-001,2219ff42-6b9f-4957-90b4-d639dbe004ff,1,2026-04-05T17:01:17,,committed
b1173f4c-f115-4244-bf1b-f5368e70c8e2,WH-WEST,BEV-003,2219ff42-6b9f-4957-90b4-d639dbe004ff,2,2026-04-05T17:01:17,,committed
fc5da7ae-72d8-49ea-90c6-6946468d9214,WH-WEST,JAF-004,2219ff42-6b9f-4957-90b4-d639dbe004ff,1,2026-04-05T17:01:17,,committed
548e299c-05b2-45ae-83c5-31756c156f91,WH-WEST,JAF-001,627b38c7-aeed-49ac-b4c0-0c7def23ae62,1,2026-03-28T00:21:20,,committed
ec1e7fcc-d61d-4c93-8f35-a8b34f7da7d4,WH-WEST,BEV-001,627b38c7-aeed-49ac-b4c0-0c7def23ae62,1,2026-03-28T00:21:20,,committed
80acffd1-7193-49d5-b2b4-0e50bc3bedf9,WH-EAST,BEV-002,f1b01b3f-35ee-4cb3-b16c-e1ac2270e4e9,1,2026-03-09T13:43:49,,committed
69fdcd0a-2b02-4578-a363-6a6a7cbe514b,WH-EAST,JAF-003,f1b01b3f-35ee-4cb3-b16c-e1ac2270e4e9,1,2026-03-09T13:43:49,,committed
31277623-dcaa-4574-bf24-8850cab2a558,WH-EAST,BEV-002,f1b01b3f-35ee-4cb3-b16c-e1ac2270e4e9,2,2026-03-09T13:43:49,,committed
baff4f0a-7ce5-477a-a604-c9e8162279a3,WH-WEST,BEV-003,6cc60afa-d797-4bda-a376-ad5f9ef414b2,1,2026-05-18T04:02:55,2026-05-18T04:52:55,expired
c5008414-3b8c-43ba-89c1-b182794a758d,WH-WEST,JAF-003,d34eee56-2f3b-48f6-8bb0-79409ae56b1d,3,2026-03-16T10:39:03,2026-03-16T11:12:03,expired
88515f1b-4c14-49e5-8df0-78f9bcc22533,WH-WEST,JAF-004,69d47978-74a6-409f-8507-3c829dc5c98a,1,2026-07-02T00:44:11,,committed
1a5f9667-5e05-408a-9f94-770652e1ed5f,WH-WEST,BEV-002,d7ee0006-0d71-48b0-9340-0e3c0a77e5b2,2,2026-04-01T17:00:29,2026-04-01T17:05:29,released
09f497cd-2390-4f85-95d9-3a196df00416,WH-WEST,JAF-005,d7ee0006-0d71-48b0-9340-0e3c0a77e5b2,2,2026-04-01T17:00:29,2026-04-01T17:06:29,released
78db5403-8b8e-4e8e-9262-3e39f630097c,WH-EAST,JAF-002,174cce56-731a-4a45-9a09-ad8f00ff6689,1,2026-04-29T11:39:27,,committed
35bb9386-a07f-492c-a6a7-812b803f434a,WH-EAST,BEV-005,174cce56-731a-4a45-9a09-ad8f00ff6689,2,2026-04-29T11:39:27,,committed
0c329126-3fb3-40a0-b127-f1758da2ad8f,WH-WEST,JAF-004,69d10d8b-f7dd-4b5a-824b-41adcf01c181,1,2026-06-02T01:18:18,2026-06-02T01:23:18,released
1ab7b946-e3b3-4792-a544-4d6275eeee47,WH-WEST,JAF-002,69d10d8b-f7dd-4b5a-824b-41adcf01c181,1,2026-06-02T01:18:18,2026-06-02T01:22:18,released
5fed2db0-65da-48d4-b21a-c945c6aa36b2,WH-WEST,JAF-004,69d10d8b-f7dd-4b5a-824b-41adcf01c181,0,2026-06-02T01:18:18,2026-06-02T01:25:18,released
e55936a3-7639-4cfa-8d8a-0a256f7baf20,WH-WEST,JAF-005,69d10d8b-f7dd-4b5a-824b-41adcf01c181,1,2026-06-02T01:18:18,2026-06-02T01:20:18,released
80d4337a-39ff-4b90-add4-071d70577478,WH-EAST,BEV-004,e5bb6096-71fa-4032-a95a-1457ed10bad5,2,2026-04-16T19:18:57,,committed
677836a4-53eb-4076-9078-ae49f16906ac,WH-EAST,JAF-005,e5bb6096-71fa-4032-a95a-1457ed10bad5,1,2026-04-16T19:18:57,,committed
e79ae70a-9bd3-4a1b-ad56-b10f10afcfe4,WH-EAST,BEV-001,e5bb6096-71fa-4032-a95a-1457ed10bad5,2,2026-04-16T19:18:57,,committed
a90d2e3a-a8d6-4f7b-9d31-13a9759aca9a,WH-EAST,BEV-003,e5bb6096-71fa-4032-a95a-1457ed10bad5,0,2026-04-16T19:18:57,,committed
cb797baf-2357-4c9c-a7c0-cac99c8ff3f9,WH-EAST,JAF-003,1f615482-9d72-4ed7-814b-e0ee2f5b0f45,3,2026-03-29T06:30:55,,committed
6c3fdb50-576d-4c42-bd55-ebf4b38e9051,WH-EAST,BEV-002,1f615482-9d72-4ed7-814b-e0ee2f5b0f45,1,2026-03-29T06:30:55,,committed
80426177-44c4-4cf0-b1d2-8498b70b766c,WH-EAST,BEV-002,1f615482-9d72-4ed7-814b-e0ee2f5b0f45,1,2026-03-29T06:30:55,,committed
25adde71-79cc-4481-b553-d60a50022660,WH-EAST,BEV-001,8836db09-3528-41b0-8487-1767bc4d8bd9,3,2026-06-13T04:38:45,2026-06-13T05:22:45,expired
f02b4e60-9dc4-4067-a106-292105647932,WH-EAST,JAF-004,8836db09-3528-41b0-8487-1767bc4d8bd9,1,2026-06-13T04:38:45,2026-06-13T05:28:45,expired
7609cc3f-348d-4f1a-8891-1f412b6ebf29,WH-EAST,BEV-003,8836db09-3528-41b0-8487-1767bc4d8bd9,1,2026-06-13T04:38:45,2026-06-13T05:34:45,released
2f387956-9a29-44e5-86f8-eb74635047bf,WH-WEST,JAF-003,ea990970-6cbe-476b-9ce8-2f00874b9d6f,1,2026-07-23T11:35:11,,committed
e628b130-c469-439c-972f-5868c9945758,WH-WEST,BEV-003,ff975f45-0642-4955-b4e3-591efb9ec864,0,2026-06-09T13:31:47,,committed
5b281f84-64ec-40f1-8035-3aeee651270e,WH-WEST,BEV-002,ff975f45-0642-4955-b4e3-591efb9ec864,0,2026-06-09T13:31:47,,committed
0b3103da-efeb-4a8c-9d10-1b6c471f3e5a,WH-WEST,JAF-005,ff975f45-0642-4955-b4e3-591efb9ec864,2,2026-06-09T13:31:47,,committed
312920c2-2b2a-43f9-a905-11511dd215e7,WH-EAST,JAF-003,dd48ff52-5cb0-48b8-b7eb-771120e5c22e,1,2026-07-16T20:54:15,,committed
eececcaa-4d1b-4393-8b53-d4cdc994ab42,WH-EAST,JAF-002,dd48ff52-5cb0-48b8-b7eb-771120e5c22e,1,2026-07-16T20:54:15,,committed
238d71cb-13fd-4dc9-8c6a-6d84ad873823,WH-EAST,JAF-003,dd48ff52-5cb0-48b8-b7eb-771120e5c22e,1,2026-07-16T20:54:15,,committed
36f7c4e8-3765-4eb2-a6b4-4399ce93f0a9,WH-EAST,BEV-005,dd48ff52-5cb0-48b8-b7eb-771120e5c22e,1,2026-07-16T20:54:15,,committed
f0e02db4-1504-44a9-b3b4-a0181ca04808,WH-WEST,BEV-003,c118787e-15d6-4f77-b119-378188976024,1,2026-05-04T07:36:48,2026-05-04T08:29:48,released
9bf3000a-6cb1-4d28-b41a-df6e5ffc6715,WH-WEST,JAF-003,25d36682-893a-40b4-b118-ea290d1142fa,1,2026-02-20T03:49:04,,committed
e0f18949-ad0f-43fa-bace-bf0038e9bc01,WH-WEST,JAF-005,25d36682-893a-40b4-b118-ea290d1142fa,2,2026-02-20T03:49:04,,committed
19658f19-ef1e-4b1e-b10b-d96b975cf821,WH-WEST,BEV-003,dfa88644-5574-4a16-9cfc-40d0cea0d253,1,2026-03-05T13:55:20,2026-03-05T13:58:20,released
aad5611d-e46c-44a5-b389-371c1d9577c2,WH-WEST,JAF-003,2b36f8e1-6afa-4adf-9e1b-2ad6d66a9552,1,2026-07-27T22:55:25,,committed
60c88478-c331-4d5e-b958-b6780bbbbbcd,WH-WEST,JAF-001,2b36f8e1-6afa-4adf-9e1b-2ad6d66a9552,1,2026-07-27T22:55:25,,committed
752ffcd0-20b7-4766-a9a7-71b3bb0f6f50,WH-WEST,JAF-003,2b36f8e1-6afa-4adf-9e1b-2ad6d66a9552,1,2026-07-27T22:55:25,,committed
4c502e7e-1ba1-4461-b45a-4352ce215d12,WH-WEST,BEV-001,2b36f8e1-6afa-4adf-9e1b-2ad6d66a9552,1,2026-07-27T22:55:25,,committed
1453705c-02c2-4aba-aa4b-77c6c075adae,WH-EAST,BEV-002,b6a19b4c-534b-4704-b4f9-37e6ce42ac4c,3,2026-04-24T14:43:44,,committed
d879e525-5106-4fa5-bd09-7a41ea438a9e,WH-EAST,BEV-005,b6a19b4c-534b-4704-b4f9-37e6ce42ac4c,1,2026-04-24T14:43:44,,committed
62a49bcc-4733-483d-89af-5f134794d808,WH-WEST,BEV-002,8c3e7afd-12b6-4427-afd1-80f301ce6362,1,2026-08-02T08:07:12,,committed
d7e3fe45-eba5-40bf-85e0-02e36340f74c,WH-WEST,BEV-004,8c3e7afd-12b6-4427-afd1-80f301ce6362,1,2026-08-02T08:07:12,,committed
0fb1a315-c63f-4f58-8069-d74281d616d8,WH-WEST,BEV-003,a4885651-89d0-4fce-be41-914c6a984a0c,2,2026-05-12T11:38:12,,committed
066073e6-1a41-4c9c-94f5-96e99731166c,WH-WEST,JAF-999-DELISTED,51c8e52d-a43d-449d-b927-deef8853935d,2,2026-04-22T02:06:54,,committed
c55859a8-2a2d-4181-8c36-defae8a1dad4,WH-WEST,JAF-005,51c8e52d-a43d-449d-b927-deef8853935d,1,2026-04-22T02:06:54,,committed
4099bb63-9347-4792-8ded-805f176ba99e,WH-WEST,JAF-999-DELISTED,51c8e52d-a43d-449d-b927-deef8853935d,1,2026-04-22T02:06:54,,committed
9f139202-8baf-4db3-86b4-b6932a3e93f7,WH-WEST,JAF-005,51c8e52d-a43d-449d-b927-deef8853935d,1,2026-04-22T02:06:54,,committed
70214bc9-5f8d-4512-9361-607a84597fbd,WH-WEST,JAF-001,df153bb2-fbba-48b4-81c2-4b6e071e9984,1,2026-05-30T10:42:08,,committed
00a96928-e8de-48a2-a4e7-6bebc8860019,WH-WEST,BEV-002,df153bb2-fbba-48b4-81c2-4b6e071e9984,3,2026-05-30T10:42:08,,committed
aaef1c81-982c-4684-9599-ac5567a0b2da,WH-EAST,BEV-003,27571885-ec10-4b63-9ef6-019a3b9a15d1,1,2026-05-22T02:09:14,,committed
ed4702ee-a514-4b63-878f-2f07046dfab6,WH-EAST,JAF-002,27571885-ec10-4b63-9ef6-019a3b9a15d1,2,2026-05-22T02:09:14,,committed
2e692ac5-2951-4fff-b24d-f561a1b80591,WH-EAST,JAF-002,27571885-ec10-4b63-9ef6-019a3b9a15d1,2,2026-05-22T02:09:14,,committed
083a1061-91de-4ee7-9b51-4d68734ca266,WH-EAST,BEV-005,27571885-ec10-4b63-9ef6-019a3b9a15d1,3,2026-05-22T02:09:14,,committed
7c349ce2-eb36-4e6a-bad2-c8e0bcd894d4,WH-WEST,BEV-004,2b741c83-f498-43bb-b9a3-832d2952682b,2,2026-03-06T12:22:12,2026-03-06T12:37:12,expired
fdb0904c-13d9-4af1-ae90-abd4d18415ac,WH-WEST,JAF-005,2b741c83-f498-43bb-b9a3-832d2952682b,1,2026-03-06T12:22:12,2026-03-06T12:47:12,expired
33f0fb11-d3f6-4bd3-8c0c-c9791dad3c90,WH-WEST,JAF-004,2b741c83-f498-43bb-b9a3-832d2952682b,1,2026-03-06T12:22:12,2026-03-06T12:53:12,expired
2c6ad3f5-d048-46e8-a494-cd3c17cf86b0,WH-WEST,BEV-003,2b741c83-f498-43bb-b9a3-832d2952682b,1,2026-03-06T12:22:12,2026-03-06T12:53:12,expired
45be281f-76a2-4849-9b17-8b5d6ae08b00,WH-EAST,BEV-003,780828f3-69c3-4b1d-a52a-255535c444fa,1,2026-03-12T13:41:59,2026-03-12T14:37:59,expired
4599a914-e4f4-46b5-be1a-7d099d83330a,WH-EAST,BEV-002,42920e51-240c-4a8e-8dba-6c38f8d22aee,1,2026-04-12T09:53:40,,committed
e848ebaa-36ab-43df-a602-e141f58e53bb,WH-EAST,JAF-003,74888b68-e776-4f00-8355-16bb5d30a964,1,2026-04-03T03:15:10,,committed
7dd21e94-78ad-4223-8196-4ed26659bb29,WH-EAST,BEV-004,74888b68-e776-4f00-8355-16bb5d30a964,1,2026-04-03T03:15:10,,committed
d36948ca-8889-40a3-80d6-736218e5587b,WH-EAST,JAF-002,74888b68-e776-4f00-8355-16bb5d30a964,2,2026-04-03T03:15:10,,committed
7029dfd4-65a3-4bda-bc40-691b50984ada,WH-WEST,BEV-004,64628f53-aac7-4a72-8b77-f39e65cb766f,1,2026-06-03T16:57:19,2026-06-03T17:55:19,expired
e174975b-8ac8-48b7-951b-56539c7136b1,WH-WEST,JAF-002,64628f53-aac7-4a72-8b77-f39e65cb766f,1,2026-06-03T16:57:19,2026-06-03T17:55:19,expired
72859e40-0631-4229-8491-2a400896b2e2,WH-WEST,BEV-004,64628f53-aac7-4a72-8b77-f39e65cb766f,2,2026-06-03T16:57:19,2026-06-03T17:48:19,released
cd6bfe2b-3b86-42d0-aa17-e8b9afe45858,WH-WEST,JAF-003,d134b1b2-e34b-4dd6-9974-36d25d522222,1,2026-07-06T14:38:57,2026-07-06T15:35:57,released
7d0b7df5-b7a4-41fc-be0f-86b8a52ea3e4,WH-WEST,JAF-005,d134b1b2-e34b-4dd6-9974-36d25d522222,2,2026-07-06T14:38:57,2026-07-06T15:11:57,expired
ca6fd598-5da6-4d3e-b913-940e7ee13c6c,WH-EAST,JAF-005,855c53f5-a857-4c5b-b9d2-8232b89fad13,1,2026-05-04T14:58:19,2026-05-04T15:29:19,expired
ce768533-b2f5-4139-ac64-ea0183aab5a2,WH-EAST,BEV-003,172de6bb-6150-47cc-87bd-a1995de7b698,1,2026-05-25T02:51:49,2026-05-25T03:01:49,released
368edd66-c355-4f33-9d83-9c87158b1f55,WH-EAST,JAF-002,14a6fa06-c781-4669-83c4-6991ed5d7c25,1,2026-08-07T07:30:02,,committed
ce527151-ef07-4d3c-84ec-c4e65705a311,WH-WEST,JAF-001,2b2b234c-91d7-41a7-b6f7-9d27f8021705,1,2026-03-13T09:15:30,,committed
71ea3b68-d7b0-4df8-9d1a-587010a9a6e2,WH-EAST,BEV-002,b5a27489-6cf6-4a30-b671-e0aab725c04e,1,2026-07-14T14:09:04,,committed
9fdc58c2-e5b5-40b4-a745-e8c9f58831b5,WH-EAST,JAF-005,b5a27489-6cf6-4a30-b671-e0aab725c04e,1,2026-07-14T14:09:04,,committed
41fc82e0-265e-4f57-b62f-fa7302a0a434,WH-EAST,BEV-005,5287e08a-0488-4797-bd4c-e50eae10737e,1,2026-03-22T17:54:02,2026-03-22T17:56:02,released
ce778066-80d7-4181-91fd-9303924aed9f,WH-WEST,JAF-001,21fc58e9-9674-4c1b-bb56-a7ba435e3afe,1,2026-08-15T07:16:12,,committed
aa281fee-d7b4-4bd0-adfd-95519f14c1d6,WH-WEST,JAF-004,21fc58e9-9674-4c1b-bb56-a7ba435e3afe,1,2026-08-15T07:16:12,,committed
58f2cc4e-2422-4467-a5e2-4fd0ad9b9995,WH-WEST,JAF-004,21fc58e9-9674-4c1b-bb56-a7ba435e3afe,1,2026-08-15T07:16:12,,committed
30798032-c3a3-4b28-a8e0-6de1cd06f0a7,WH-EAST,BEV-003,0fd1c945-1394-4215-ab20-cd620f757202,1,2026-07-10T10:41:28,,committed
0057647c-bdf4-42f5-9ede-58b22e5a0ecc,WH-EAST,BEV-005,0fd1c945-1394-4215-ab20-cd620f757202,1,2026-07-10T10:41:28,,committed
5b2338b7-c09b-4190-872b-65c7ec73d5d5,WH-EAST,JAF-003,0fd1c945-1394-4215-ab20-cd620f757202,1,2026-07-10T10:41:28,,committed
38d3a4bd-9731-4687-98d4-ed88f95d9a92,WH-WEST,JAF-005,81f25385-cefb-4d60-aa59-8ce2837620ca,2,2026-06-11T20:24:33,,committed
a1a0fbe4-601a-4f9f-a8a8-bdef75d22240,WH-WEST,BEV-002,81f25385-cefb-4d60-aa59-8ce2837620ca,1,2026-06-11T20:24:33,,committed
7d190f1c-3770-410d-b5b1-85c6891ab3fc,WH-WEST,JAF-003,81f25385-cefb-4d60-aa59-8ce2837620ca,2,2026-06-11T20:24:33,,committed
f0cda14f-989f-4f4f-9f1a-400860bc0f3a,WH-WEST,JAF-001,81f25385-cefb-4d60-aa59-8ce2837620ca,2,2026-06-11T20:24:33,,committed
097d7d15-7d91-459a-bfa8-b5c24057afeb,WH-EAST,JAF-001,a4424dea-5fee-465b-93a4-9cb2817e1f5d,1,2026-04-29T18:06:09,,committed
c3e3667d-da7a-4280-ad2e-89e780754f82,WH-EAST,JAF-004,a4424dea-5fee-465b-93a4-9cb2817e1f5d,2,2026-04-29T18:06:09,,committed
ef4e4347-b269-46b7-9e97-c6ad4345924e,WH-WEST,BEV-003,f138502f-33e3-4507-b6f9-46456e3f29d9,1,2026-08-04T00:49:58,2026-08-04T01:26:58,expired
df16e8e6-a274-43b1-8650-3161da3a1293,WH-EAST,JAF-001,790edfbf-2ec5-4861-96be-07d8d5898aba,1,2026-02-25T18:09:11,,committed
4006caec-bb83-4ea7-9544-84928e2b9d26,WH-EAST,BEV-003,790edfbf-2ec5-4861-96be-07d8d5898aba,1,2026-02-25T18:09:11,,committed
27dc85af-9b4a-4a68-9905-fc87eb93e3f1,WH-EAST,BEV-005,790edfbf-2ec5-4861-96be-07d8d5898aba,1,2026-02-25T18:09:11,,committed
09d4f735-f5f1-49bd-ba1b-3ba2aed675d2,WH-WEST,JAF-005,3a08a221-6907-4df7-8436-135d3351a025,1,2026-04-17T11:03:12,,committed
e707d982-f2d0-457d-8cea-faf37f3c3718,WH-EAST,JAF-002,aa80f285-11da-470d-ad1f-d4e452c2150d,2,2026-07-15T13:07:20,,committed
8127dd8c-0156-4925-adfa-890ef83d9851,WH-EAST,BEV-004,aa80f285-11da-470d-ad1f-d4e452c2150d,1,2026-07-15T13:07:20,,committed
d2c5e086-a05b-455a-8ac0-6bd12f62fcff,WH-EAST,JAF-004,aa80f285-11da-470d-ad1f-d4e452c2150d,0,2026-07-15T13:07:20,,committed
ea36b6ab-c8a6-4346-91be-c26f8913d8bb,WH-EAST,JAF-002,aa80f285-11da-470d-ad1f-d4e452c2150d,1,2026-07-15T13:07:20,,committed
40ddc67e-aedc-4200-8f2b-e11afbb7c67f,WH-WEST,JAF-001,2519bf98-cd79-4cc1-9606-506d46045c2b,1,2026-03-16T05:22:23,,committed
84b8fdad-8373-455b-a0f7-df2bfd4d135e,WH-WEST,JAF-001,2519bf98-cd79-4cc1-9606-506d46045c2b,1,2026-03-16T05:22:23,,committed
5e740a65-92a0-4ae0-b3fc-16b0b4dc4adc,WH-EAST,BEV-001,635ae531-4762-4d80-b75b-a0b46dbd73be,2,2026-03-13T00:11:36,,committed
