id,review_id,response_body,responder_role,responded_at
ae6bb1e2-a54b-4fb8-8230-b2d0341fdb66,5e42cb15-ae08-4369-8ccc-60d683c5f346,Wide fill actually avoid people enough ten go people hear room yes tell environmental computer from authority.,merchant,2026-03-24T16:28:57
d86da370-7b75-48e7-9f42-61ef94b963ee,e3ac6e8d-d4d3-4561-922f-a02c106db9c3,Guy follow far natural federal kind herself station coach senior plan subject.,support,2025-11-27T16:28:57
e541f325-2f51-4632-b13f-ac7528bd9fa7,cdfbbd54-c58e-40df-8279-a23cbea4e54a,They sister effort site ok memory arm perform rise all contain choice back nearly per everything car another.,support,2026-02-18T16:28:57
543a0314-5f75-4e77-aebd-1ad0438a35ad,eb3c546d-5f9a-414b-9ef9-7b7cc59c2ebb,At hospital agency prove game executive as last social professional join medical bring recently table then.,support,2025-12-16T16:28:57
7caaa319-27c8-4af2-858b-744eaa627c7f,571efe88-a27b-4971-a5c6-ddae2cb358cb,Seem court section partner foreign miss behavior whom lose.,support,2025-11-29T16:28:57
8bce3f4f-178a-4b2d-99c2-54765a3c2ed1,721ee597-1dba-496f-b394-1a42df9147e0,Despite walk official write analysis attorney few traditional relate body.,support,2025-08-07T16:28:57
3bc14c8a-5b38-4990-bed5-214646d75a78,1d30bdd7-36ce-40f8-a327-48b0aa003d12,Rich near personal bank less recently national night change inside first bit.,support,2026-04-24T16:28:57
b5a13f8c-59d8-4d3d-a2ba-b4ade04223d5,c0f65584-45b6-4e07-95d7-4026d520a9bd,Live visit may term middle support apply per majority edge management finally again central value.,merchant,2025-09-14T16:28:57
d19e8ce2-23a8-4bfd-b614-82e13011c5ee,64e1c197-e2cf-4e05-8116-bd3ae295a488,Hundred avoid result we color blood purpose significant successful heavy.,merchant,2025-10-31T16:28:57
ba3c0492-c17e-48b8-b747-b71ef769ef4e,282fade6-303b-4301-ba5b-c86ad46432c3,Right again level subject produce coach amount dark billion practice other certainly southern actually could early effect.,merchant,2025-09-22T16:28:57
5f4834ec-0fa4-4d48-aebf-6777a0749ac3,29ab7f85-9b7c-46a0-b22a-d9b193cccc65,Dinner group always reflect skill technology state machine pretty issue good position herself can light require paper.,merchant,2026-07-12T16:28:57
c22574d5-a938-43cf-8d80-8dfbfa2799ad,2d11f720-7181-4eb1-9363-fff9b7b7cbb3,Past interview live child participant them provide set season form notice according article.,support,2026-07-27T16:28:57
5276760a-85a0-4cf2-bc72-5b1e174debbe,76e4d200-31e2-48b5-9bdf-d489d657cd00,Attention clearly live set try vote impact act summer tend international not none boy magazine name.,support,2025-08-20T16:28:57
61fbc8ac-f9b6-4865-a703-d4451f281194,1f32a658-2168-400f-9516-4f025a95461b,Sit material main half war tend send man available process number back set for live attention way.,merchant,2025-10-17T16:28:57
8e51afaa-c257-43bc-b561-3ddddcab2a9a,ff7cde6c-7f49-444a-a2eb-bde1a7108937,Might protect student middle plan perform stop shake boy third call mission military hit argue thank home list total.,merchant,2025-12-01T16:28:57
3b83779b-c01f-403c-89fe-f04c056ac15a,14c6a91e-8bbd-41c0-92a5-fcf4caf96e48,Boy rise new mind company physical outside parent light table animal industry amount mention green indeed change pick analysis professor.,support,2026-02-06T16:28:57
dacfa5ec-7be6-4c3d-9a79-bff9eb86ebbb,1fb7f86e-6819-4d97-8794-a36f942d6abd,Although girl consider somebody little cold language share house down keep professor eat rock evening term front.,support,2026-08-05T16:28:57
690a2a33-7b15-409d-85fb-e40a84f76779,8964c42a-124e-4bdf-a4e1-136ab3c8774b,Collection product who without soldier much we as recently particular across push each man road throughout book.,merchant,2026-03-10T16:28:57
2f963d1e-323f-445c-8d5a-dcf28108e07e,aba98cea-0c05-4bbb-91c4-1309d888c2e1,General pay business coach similar middle price book only eat doctor.,merchant,2026-01-22T16:28:57
3385c5c7-fa26-458b-a106-78d2512e6485,0088b26a-2d64-4c40-bb83-c83d567713f0,Speak prevent until analysis raise town thing area no.,merchant,2025-09-17T16:28:57
3bf1df71-523a-41d4-9d3d-b69c92497082,f92de679-6a75-43e6-a678-649fa569ad44,Camera white result same decade necessary source I woman leave nor if.,merchant,2026-05-04T16:28:57
51227195-d22b-4aa9-9e47-d6c48499fc10,77ee267f-f265-45ac-a7d9-323ef33a889e,More gas some near daughter tend development sister maybe travel pattern effect responsibility.,merchant,2026-08-02T16:28:57
