id,customer_id,method_type,card_brand,last4,expiry_month,expiry_year,is_default,created_at
aec8d508-5423-435d-a8cd-29206ee21d20,0206c59d-8464-4845-9680-9463df25efd9,debit_card,discover,8225,12,2029,True,2025-01-30T15:52:26
8fd76cd6-f659-4816-a00d-6bd6e5d470b3,02c02023-75d2-4ad2-89f6-ed2c2e7ae6f5,apple_pay,,0511,1,2027,True,2025-07-30T15:52:26
fa171907-494d-4ac6-8186-9b933d2d90b9,0313557a-f7d4-4834-be26-3977f30a5235,paypal,,0918,3,2026,True,2025-07-14T15:52:26
a76f8fbb-d784-4d25-a7ca-11b95f26641d,04edb858-b8d9-455a-a1f2-f236df11a91f,debit_card,mastercard,2073,3,2028,True,2025-02-13T15:52:26
e7deedd7-6958-480b-a409-2ac0e317ec07,05e61dfb-4365-41c3-8f86-f9b259998765,paypal,,8381,11,2029,True,2026-05-22T15:52:26
c306db89-dc6c-4059-b275-0de5f37b7edd,05f69a50-2703-4591-a792-14e2e5994b43,debit_card,visa,9060,7,2029,True,2025-04-24T15:52:26
d6d4f2ba-f904-450d-8774-058efee834db,066ca82d-85b8-45e6-b262-bac0bb3c0e21,debit_card,visa,7330,11,2029,True,2025-11-23T15:52:26
80a463fe-3944-4aca-a740-c843067c954e,066ca82d-85b8-45e6-b262-bac0bb3c0e21,paypal,,9702,4,2027,False,2026-04-27T15:52:26
e940c204-64e6-4146-b1dd-cdbe0fd83f60,0688ed48-bbd7-41d6-b5ef-c2cd771f72c2,credit_card,visa,7834,7,2030,True,2025-08-16T15:52:26
027e3433-46b0-4324-9fc1-c32dfcc30a89,0815e683-4b1e-4ea3-b9e8-9d06bbfaedb5,credit_card,discover,6831,3,2027,True,2025-12-26T15:52:26
ef35ed63-e056-4ca8-8a92-dbb9d2d16f8d,0855291e-0a0d-4e17-931b-beabbc173f85,paypal,,5986,11,2027,True,2025-03-19T15:52:26
c1422be7-3151-4d64-bc93-3f7dc97b123d,0855291e-0a0d-4e17-931b-beabbc173f85,debit_card,discover,5758,3,2029,False,2025-12-24T15:52:26
3d5c97d1-16ed-4e55-a6a2-8a88cf3e1e89,0872893c-bf01-4853-b91f-a1cc0263fedf,credit_card,discover,1081,7,2029,True,2026-04-29T15:52:26
16af2a10-655c-4050-87c1-a900045b30d6,090fb913-1317-4169-b150-64e304451d38,apple_pay,,3750,8,2030,True,2025-11-16T15:52:26
43187d32-d259-41a9-91a4-2ded28441aa4,0a34659d-f0b2-4bdb-bf92-759aea838e90,debit_card,mastercard,7688,8,2029,True,2025-11-25T15:52:26
a704ca26-1e78-40cd-a26f-0becff013eed,0a34659d-f0b2-4bdb-bf92-759aea838e90,debit_card,mastercard,9198,6,2027,False,2026-01-14T15:52:26
9142e2af-6844-42ac-9926-602d6e13bf45,0a42e609-2a53-4824-bf02-0088bdb9b149,apple_pay,,5273,12,2029,True,2026-04-10T15:52:26
ba23989e-4122-4bd0-81e5-cbd89ebb5bc6,0abcb3b4-7e1c-4638-a21c-af1df3702f27,credit_card,mastercard,9237,2,2031,True,2024-10-09T15:52:26
da41d79f-1800-43e1-a767-71dc66264676,0abcb3b4-7e1c-4638-a21c-af1df3702f27,gift_card,,6158,6,2028,False,2026-01-04T15:52:26
83f24b45-8f73-41f4-b7c8-50c4434f475c,0c7084bc-19a5-4ad6-bb26-a25f9c09b324,paypal,,9335,10,2029,True,2025-08-09T15:52:26
2cb498c2-8b8f-4889-ae17-584362783b2b,0e4dbbf0-e4a8-4015-9595-c0b9bec0f9e5,debit_card,mastercard,9073,12,2028,True,2026-04-17T15:52:26
6c9e7840-b7d3-4664-bb7b-7af82940bcfb,0edeaba5-35f3-4e68-98ca-f412d9cd14b5,gift_card,,6204,7,2026,True,2025-05-02T15:52:26
0a8e011c-6562-49cb-b43f-250e0cc43cfe,0f1df561-31c0-417e-909b-4b054c45baaf,apple_pay,,7865,3,2031,True,2024-09-30T15:52:26
da8fcf67-de93-4e9a-a703-6a904db160ec,0f1df561-31c0-417e-909b-4b054c45baaf,apple_pay,,3570,10,2028,False,2026-05-24T15:52:26
9b33b9bc-8527-4ec9-a6b9-ec9074d4c8da,0f708081-5838-40db-84a9-ca8b6845336f,apple_pay,,9107,1,2030,True,2024-11-07T15:52:26
09d4bcec-b93c-401b-b1b0-cbf620f8b465,102e02b0-7f44-4058-881f-7896edc964b2,credit_card,amex,4306,2,2029,True,2024-12-03T15:52:26
c544d179-ac1e-48c5-aa43-bd3b9cc15f8b,102e02b0-7f44-4058-881f-7896edc964b2,gift_card,,0796,11,2026,False,2026-06-15T15:52:26
cd69af1d-4a46-41a3-a4b9-c5c941190404,10d7cb3c-5a86-4eae-9da6-611ddf67fdd8,gift_card,,0514,11,2029,True,2025-01-30T15:52:26
21484f3a-367c-408d-9921-6c47639eb397,11498734-cebc-4784-a055-6bd08a18f1dc,gift_card,,1716,7,2029,True,2026-07-13T15:52:26
b1d3c008-9d5a-4b38-8769-0fc636527195,117583ee-3cd8-4690-89c9-d804aedc86a8,gift_card,,0854,7,2030,True,2025-05-19T15:52:26
d9a2d1c3-9fe5-425e-85fc-883a2f5b13b2,117583ee-3cd8-4690-89c9-d804aedc86a8,debit_card,visa,6651,5,2028,False,2025-12-30T15:52:26
ff2fcdad-bc19-4d10-80a5-82c4c20e42c6,117c9a65-4a4c-494f-8a54-64305d57c551,gift_card,,6249,5,2027,True,2025-03-17T15:52:26
0f311da3-0d09-4cf4-bb72-f058fe05e5c8,120d57b9-de14-4717-aefe-ab126645435d,apple_pay,,3839,12,2029,True,2026-06-05T15:52:26
6cfd0f1e-df23-4923-b2b5-e21892f5c478,1233e680-06d7-4b38-8c6e-796ef158556a,apple_pay,,4820,3,2027,True,2025-05-29T15:52:26
2e3acdd9-f9bf-4ba7-b8ae-46a10f45142e,132425e2-d22d-43aa-a372-e3d9bfd77f8c,apple_pay,,5881,12,2031,True,2025-11-09T15:52:26
10ae27c6-5601-4493-a3c5-e9b8a524de44,1380e029-b899-4413-a8da-0741720a6a06,apple_pay,,2140,10,2027,True,2024-11-11T15:52:26
88ca6cd0-37a4-4a7c-911e-da87af00545a,1435b563-f156-4cd8-9f3d-6224260e26a4,debit_card,visa,6077,9,2031,True,2025-03-07T15:52:26
9dec63d0-7170-4fc6-a61e-7ff03ae38e99,1439dc05-4ab9-4995-90c7-d9437ae94f50,debit_card,amex,5301,2,2028,True,2026-02-01T15:52:26
19a09d71-51e1-41ea-97ea-b4c114d29a9b,14dec3ce-7570-4c3f-af8c-e9c0d74cfcd2,paypal,,6599,7,2026,True,2024-10-01T15:52:26
af7975ce-a21f-4e42-9a61-d6cd3d181d27,15aeedcc-eed4-453e-850c-7f876e54c4ab,credit_card,visa,8695,6,2026,True,2025-07-09T15:52:26
2cd4e429-9b22-40c2-bcb5-dbad71a34bc1,17e24a9b-119c-4ea7-a53a-bb757c70ad0a,apple_pay,,9699,3,2027,True,2026-03-13T15:52:26
dd87ca98-230f-407f-942b-3da7b72df58f,187d49e0-634f-4e10-a10c-3b0be7408be0,apple_pay,,6329,10,2028,True,2026-01-21T15:52:26
74b4549e-f77b-4053-8470-ac33e7821bb7,189edb91-3f25-4f32-bfb4-64bd4052cb1c,gift_card,,4962,3,2026,True,2026-03-06T15:52:26
0a8fb50d-a9a7-4fa7-9c9f-b3e1e6f624d4,1922f6f3-ba06-4233-8d88-c1a9303a6a2a,credit_card,visa,5388,5,2028,True,2025-02-08T15:52:26
21e12756-77a1-454e-ae96-b75b1a8c05cc,19a47a26-3ca3-42d2-9e2d-8da79f09b587,credit_card,visa,2263,5,2028,True,2024-11-25T15:52:26
301be7a1-6caa-4e81-a1c6-7380f7255707,19a47a26-3ca3-42d2-9e2d-8da79f09b587,debit_card,discover,7845,8,2029,False,2024-10-27T15:52:26
90fb779e-f874-4fbd-8845-04c4d101a1f7,19a91b0b-51dc-434f-978a-177588409f99,gift_card,,7261,7,2031,True,2026-03-18T15:52:26
e59c8131-faf7-411e-88cb-ce54dcfcb4d1,19fee9df-73a9-41e9-9777-18d2a79ab8b4,gift_card,,0585,2,2030,True,2024-10-06T15:52:26
e5238cd2-e4a9-4954-a783-99ef2eecd414,19fee9df-73a9-41e9-9777-18d2a79ab8b4,debit_card,mastercard,7885,12,2031,False,2025-08-19T15:52:26
4b8df9c7-ed4a-4caf-bba3-06661cfea140,1bcdbd0d-0e2f-4fdf-a8d5-214d3b49c7e2,debit_card,visa,5777,6,2031,True,2026-02-19T15:52:26
0bd2f743-ae2d-4969-beb2-213b9bb7084b,1bcdbd0d-0e2f-4fdf-a8d5-214d3b49c7e2,apple_pay,,2875,8,2028,False,2025-05-29T15:52:26
61d31226-ac80-48f0-ad65-b4c74b2a98f2,1c3dc001-75eb-4fb9-b3ad-59a3be5b31ac,apple_pay,,7099,4,2028,True,2025-11-19T15:52:26
0f0b6da2-4b89-485e-8ce9-874579ca1fa6,21c61b96-d053-45f3-9730-c3483fe288d2,credit_card,visa,6179,2,2028,True,2026-01-12T15:52:26
e0ccf133-d067-4ff0-a828-446fb0e0c4a4,21c61b96-d053-45f3-9730-c3483fe288d2,debit_card,mastercard,5476,2,2027,False,2025-08-11T15:52:26
2364a71a-911b-408e-818e-c50e2a41f94d,2251b079-d6df-4d71-bd74-d2a00e841a9d,paypal,,1999,4,2028,True,2025-08-18T15:52:26
fe3b127b-ac72-43a3-adfa-88542a068b74,2347081e-7ae5-4085-a0d6-d1f551721f69,gift_card,,0115,5,2026,True,2026-07-17T15:52:26
c7de59ac-29c9-4039-9d29-3516fe13d963,2347081e-7ae5-4085-a0d6-d1f551721f69,debit_card,amex,7428,11,2028,False,2025-10-28T15:52:26
de3c2c9b-065d-485c-b0bb-4ac123580fa0,249c5605-e2c1-49de-825b-aeef4ba19a9e,paypal,,8040,5,2030,True,2025-08-29T15:52:26
d85af891-f04e-4dc0-820e-67569d7cc51e,24ea0325-a7d6-4388-b86c-7b51e5805b26,debit_card,amex,7402,1,2030,True,2026-01-26T15:52:26
6b6c26c9-cdfb-4c4d-ac16-521f6d39e603,2661b9e7-3b2c-40ea-b349-251363d10a4e,paypal,,2501,2,2031,True,2026-01-17T15:52:26
be7f5189-9d42-48bc-9ed2-9ee14f70d094,26b9f21d-cabb-40f3-b28e-71549d01a6e1,gift_card,,2757,5,2030,True,2026-02-17T15:52:26
0965a7b8-8c8c-4d80-8f4e-029efda89b1d,26b9f21d-cabb-40f3-b28e-71549d01a6e1,credit_card,discover,6661,1,2027,False,2025-03-15T15:52:26
ee96a790-926e-4352-9589-dd7996679628,26ce484a-a527-4fe1-903f-2809a03fd21a,debit_card,visa,6316,8,2029,True,2025-01-05T15:52:26
7701bd16-b299-43b4-9044-db8a2d511a25,26ce484a-a527-4fe1-903f-2809a03fd21a,gift_card,,3828,12,2026,False,2025-07-30T15:52:26
9b29f231-1fc9-451e-b7c4-f9cfc1be2a85,270b35bf-74ca-4601-91d8-16fe5196ca5a,credit_card,amex,8231,3,2030,True,2024-10-30T15:52:26
efaa6418-54ba-48d8-9f45-a6683738e463,27e89b40-f32c-4604-8a79-6d1613bde382,debit_card,mastercard,7743,6,2028,True,2025-02-23T15:52:26
290615c9-26fb-4c30-a5ef-accde04a1449,27e89b40-f32c-4604-8a79-6d1613bde382,apple_pay,,5112,12,2029,False,2025-07-31T15:52:26
79737d52-025b-4aca-a763-4adca9e3182d,284f711a-5e5a-4929-bb5d-5ddba9a4a773,credit_card,discover,5315,4,2030,True,2025-08-26T15:52:26
2679f66d-71aa-4ce1-979c-99bd96e7f053,298ca377-a08e-4e0d-91d6-b0b5aff14c1b,gift_card,,0546,7,2029,True,2025-05-12T15:52:26
cdc56a16-28e1-49df-aeba-bbfcb5928d42,298ca377-a08e-4e0d-91d6-b0b5aff14c1b,paypal,,2089,5,2031,False,2024-11-22T15:52:26
7fdd7d1b-58ff-4c20-83bf-f61a01163a88,2a26f327-c9ef-40f4-bb8c-c809417caad1,apple_pay,,3799,8,2026,True,2025-08-16T15:52:26
508a111a-5dff-4d1f-9a47-58031471ff51,2a6409ee-29ac-483f-a2a7-9074fcb50191,paypal,,7654,9,2030,True,2024-11-12T15:52:26
0b9e320b-d39a-43a0-973f-3160ae28f3f9,2a6409ee-29ac-483f-a2a7-9074fcb50191,credit_card,discover,2675,3,2030,False,2025-11-30T15:52:26
0b528d2e-384c-4ba0-998f-6380ffe9c5ae,2aaf9fc4-0801-4163-8cc8-39558682f704,gift_card,,7832,12,2027,True,2026-03-19T15:52:26
fe8ee3eb-8bc2-4c06-b392-031fe3bbae1d,2aaf9fc4-0801-4163-8cc8-39558682f704,paypal,,1743,11,2026,False,2024-11-11T15:52:26
38765934-b84c-41af-86dc-1528aca81dfb,2aee3fe5-2eb0-4391-bb79-d4d4ffdd9931,credit_card,mastercard,2190,2,2031,True,2025-01-28T15:52:26
3109bae9-ff40-425d-aa3d-b72300ff9710,2b4b540f-9423-4186-8164-4566e5e908f2,debit_card,visa,2680,7,2030,True,2025-11-20T15:52:26
53617b6b-ff01-411b-8fda-f569489ae2e3,2d4e6ed6-f081-4049-b92a-7792dbe97b89,gift_card,,4176,2,2027,True,2025-12-26T15:52:26
b1e095e2-5c10-41d3-b767-d6c005485f82,2dcc7662-f1ce-442c-b998-bbe351d5e186,apple_pay,,0905,2,2028,True,2026-07-04T15:52:26
9ad29b24-9819-4159-80a5-22e0674d39b7,2dcc7662-f1ce-442c-b998-bbe351d5e186,apple_pay,,8277,5,2029,False,2026-03-19T15:52:26
cd93b405-a30f-4fca-aeeb-83be6072e040,2e0d6ce4-794d-4494-bd1d-f44dbca8683f,paypal,,5421,9,2030,True,2025-04-18T15:52:26
e29bb65e-bd39-46dd-a2b9-b603ae8fbbc9,2e1fd151-264e-4a4a-8584-733dd5da3152,apple_pay,,2860,2,2029,True,2026-01-31T15:52:26
2c24b93e-3761-4851-b1fa-6b0843306b3d,2e2960d6-f2e9-4048-b234-fb21f0f72405,credit_card,discover,0516,6,2030,True,2026-05-10T15:52:26
da0d9b25-a626-4030-be4d-96321126200a,2ef2eede-fcc3-4c79-a843-4f5ae828d591,paypal,,0662,9,2030,True,2025-09-01T15:52:26
fc89fe9e-b80c-46b8-b623-84dcad7d2059,2ef2eede-fcc3-4c79-a843-4f5ae828d591,debit_card,amex,0161,6,2030,False,2024-12-17T15:52:26
e630e490-43e0-480b-80be-b8b579820278,2f76575f-2d85-40ca-8f3b-82b14debc678,credit_card,discover,0504,7,2028,True,2024-10-03T15:52:26
a080f0f2-a248-439c-a61d-8b216dd351f2,2f76575f-2d85-40ca-8f3b-82b14debc678,debit_card,discover,6486,9,2029,False,2024-11-18T15:52:26
dc4dcedf-e619-49f9-b674-f165a7146488,303bc5db-08d0-4431-b6df-29c80d0321da,paypal,,0081,4,2030,True,2025-04-19T15:52:26
d929c550-99e4-45a2-a94c-e0702ed69c70,314d5517-f29b-49b2-a076-3abe12756120,credit_card,amex,9666,4,2026,True,2025-07-18T15:52:26
9848324b-3256-429a-968a-cf6b863d8238,314d5517-f29b-49b2-a076-3abe12756120,paypal,,8392,1,2026,False,2025-01-12T15:52:26
302fd860-b402-438b-9832-61b5abb0ed63,3207b0f3-9af4-4ba4-acb1-6ba8ea25f52e,debit_card,discover,1265,9,2027,True,2025-06-04T15:52:26
d4909f29-dd02-4ffc-9d02-a1fba386edd0,3218db6b-84e5-453d-8de9-a966eecbacc6,credit_card,visa,2664,1,2029,True,2025-08-10T15:52:26
2bd0400b-fcd5-4d51-acd9-bca845478ec3,33326773-e843-48d9-9641-9990733d705a,debit_card,discover,7471,4,2030,True,2026-05-01T15:52:26
4fffa9d8-800f-4abc-acfe-d92c3ff7ee8e,33d208d7-91f2-4d70-9f75-c1bf87481c15,apple_pay,,2815,12,2027,True,2026-01-02T15:52:26
7139a7f2-3087-4749-bdbe-cba17281d3fb,3455f0ff-3219-4cd9-acd8-091f34518293,credit_card,amex,4589,8,2026,True,2024-12-10T15:52:26
a3eaa90d-e38a-4da4-87d4-51b1db09a2b0,35292459-521c-4d3a-a786-3b68116663fc,credit_card,discover,0160,8,2028,True,2025-07-06T15:52:26
423bce20-573a-42cc-86f2-296be2719b4f,355d89d9-bf5a-41df-9382-a5e57cbbbec4,paypal,,8983,2,2030,True,2026-07-17T15:52:26
330cf146-b7d6-4a24-b3b0-4f499a2684df,359c05d0-e19d-463d-b3b4-43a0b4a3810f,gift_card,,7890,8,2029,True,2026-06-30T15:52:26
221a6d24-9a6e-4a6f-82ce-2dacb9c6b7f3,359ce707-dfea-41f8-be3e-8689b460486f,gift_card,,9362,10,2028,True,2026-04-16T15:52:26
ac8c2993-b04a-48e4-add4-a1769d7e1302,37601558-3b79-4200-800f-fc03a28a5ec7,gift_card,,2142,1,2031,True,2025-11-14T15:52:26
86f88720-a791-431c-a7bf-dbed52e38fbe,3785fc7c-35aa-4e40-b620-f54b10e8a832,apple_pay,,8518,5,2026,True,2025-03-27T15:52:26
628a527c-1a6b-4269-a558-f1b80ef5a33d,3785fc7c-35aa-4e40-b620-f54b10e8a832,debit_card,visa,3615,11,2026,False,2025-12-24T15:52:26
d5446a04-0e2b-4090-9d6e-1363300f261b,3870073a-f764-4a2b-bc64-18e4569bf784,apple_pay,,3550,1,2029,True,2024-11-01T15:52:26
aa6d5edf-a8b8-45aa-93bb-3dda6a46d01a,387603c1-d2a6-475e-ab4c-9ba7aa78bb27,credit_card,amex,6109,5,2030,True,2025-07-06T15:52:26
c48f31a3-a856-41ab-9b56-9191760c35df,3934f6b2-65db-491f-93be-76ec718440d9,gift_card,,4617,4,2026,True,2026-05-09T15:52:26
8dcf06b6-5aa0-4ffc-ab58-9e7e66d1f441,3934f6b2-65db-491f-93be-76ec718440d9,gift_card,,8820,9,2030,False,2026-05-11T15:52:26
40071e39-dc19-40ec-abed-64d556d7a8ea,3cec8c73-424f-46c6-a5a7-cb5cd5141538,debit_card,visa,2446,2,2030,True,2026-01-27T15:52:26
115a5e72-4581-4b17-889d-0ec8e7e75382,3d097c4e-dd09-4cfa-8460-39fd4fb8a1cc,apple_pay,,1862,8,2030,True,2026-01-12T15:52:26
cb7e8249-3288-4df7-be7f-14e4a56e0498,3d0fd916-f8d9-4f59-9d2f-75d16ed75c58,credit_card,visa,9193,11,2027,True,2025-07-26T15:52:26
b34e4d93-933f-4ba1-9419-ef2c35a7782e,3d6f18db-a49c-4563-9445-68d4e02bd664,credit_card,discover,6087,5,2027,True,2026-03-06T15:52:26
763c666d-f145-4de7-94f1-63a3e3c30658,3d6f18db-a49c-4563-9445-68d4e02bd664,credit_card,mastercard,1587,7,2030,False,2024-10-16T15:52:26
7aba7275-780f-44c6-aff2-7a26f051b897,3e5dc535-3e67-47d0-8eed-547c7f51e8c9,credit_card,amex,8364,11,2031,True,2026-04-11T15:52:26
8aab89b0-290c-438f-8106-2e783bd00d50,3f3af4f6-a87b-4f03-8669-2e1a8e3c6d8b,debit_card,amex,0511,9,2030,True,2024-11-26T15:52:26
81e2a770-e4ae-485a-b84b-51554de664e2,3f3af4f6-a87b-4f03-8669-2e1a8e3c6d8b,debit_card,amex,8074,11,2028,False,2025-12-07T15:52:26
7725fc9b-fa62-4194-84aa-5111393dada4,3fa371d4-77dd-4e91-9a2f-86801b001903,credit_card,mastercard,7998,2,2031,True,2025-04-18T15:52:26
cadc9a22-99be-43b4-8542-f55fd8fe44ed,4041ba09-7a39-4b37-9e0e-f39a765d9c82,apple_pay,,7801,3,2031,True,2026-04-13T15:52:26
345b1a33-3535-4d46-8109-31aa77f2503e,40c889c0-2020-4661-bb9a-564950b1a262,paypal,,4886,11,2028,True,2025-01-14T15:52:26
57fcf854-68d6-499b-ae06-6e682c0d8328,40c889c0-2020-4661-bb9a-564950b1a262,debit_card,visa,7599,3,2026,False,2025-09-17T15:52:26
7646ba9c-3944-491d-b5bb-1eca0c3358c4,40da201b-b0f6-453a-97ca-b9d61306ad15,debit_card,visa,2336,2,2029,True,2025-08-09T15:52:26
d25a94ef-9d82-4104-bd74-cc9b3e3b4c43,416cd82a-8e13-48b3-a6e1-dadbf5a29d2d,debit_card,mastercard,8279,8,2028,True,2024-10-20T15:52:26
e39ed22a-2ffc-4a30-851b-2053d8404437,41c59ae8-bcd0-4d00-b8e9-bfaa0ce5913b,credit_card,visa,2438,5,2027,True,2024-11-12T15:52:26
6df14bbc-1cab-4a83-add6-b84a4dbdfb26,41c59ae8-bcd0-4d00-b8e9-bfaa0ce5913b,apple_pay,,7569,3,2030,False,2025-02-19T15:52:26
ab1df35c-c01c-450d-84d2-5d036f211a86,43217606-3354-4bb8-b967-c358331d8375,debit_card,discover,8161,1,2026,True,2026-01-27T15:52:26
05ff03aa-2639-42d0-8b0f-bd6cc29abf34,43df30db-068d-40fc-8576-7e2f6e62f2f6,apple_pay,,1328,10,2029,True,2026-03-30T15:52:26
344a449d-ae2a-4fb7-a3c5-91f0877e0467,45ed3c5a-3c94-463b-91d2-73d3333fe5fc,gift_card,,8630,7,2030,True,2025-02-08T15:52:26
37a2e4ab-937b-4ea4-a954-e4864a091628,45ed3c5a-3c94-463b-91d2-73d3333fe5fc,apple_pay,,8334,11,2028,False,2026-04-27T15:52:26
71ad0ba4-7d49-4433-9650-992d03575c3c,4675a031-3216-463d-8c4d-42ea1283bd56,debit_card,discover,1578,10,2029,True,2025-12-06T15:52:26
b0234ab6-1ce8-46eb-b474-e4221833f226,46d34d7f-a3a4-4386-89ba-fa5ac15e5a69,paypal,,7287,6,2026,True,2025-12-23T15:52:26
e76d456c-7dde-4cd9-9cef-82d5b9d8fb70,47e4f30d-f965-45df-8474-93d5aeaf7cb2,debit_card,discover,5149,2,2030,True,2025-05-03T15:52:26
fc7e4790-7690-40a6-9a6e-e5d92bfe65b1,485b6c22-4f0b-4e0f-bfba-0c9d38a0122d,debit_card,discover,6917,3,2031,True,2026-03-21T15:52:26
f3bff204-61e2-4250-951f-7c75e4490dc5,495a6541-1c93-4076-90e3-345d72d9c83c,credit_card,visa,6726,5,2030,True,2024-12-03T15:52:26
7df7d9b4-9c55-4c5f-b059-5d5828fb9fa8,4b14013f-d7e7-44b8-a287-329bf6e298c3,credit_card,discover,8491,3,2031,True,2025-03-20T15:52:26
3825fe94-1588-4b94-b8ca-430b38ab7f4a,4b761c33-8a8a-4dbe-a0d0-fa3261b391ee,apple_pay,,9751,7,2026,True,2026-04-06T15:52:26
91aab7ea-a1c2-4aaa-925d-2b2fe3d70cef,4ba2a669-8d0b-4aef-96c0-aae24b7711ff,paypal,,0789,9,2030,True,2024-12-16T15:52:26
ba19a150-24ee-426a-95ae-90075de41b66,4ba45839-9bf9-4071-b1ca-52719a49c9fa,credit_card,amex,2171,6,2031,True,2025-04-17T15:52:26
72ae768b-6b8e-455a-a09f-d8361d2efb00,4c11a926-7100-4d06-8910-5b0d5f3d7e9a,apple_pay,,3516,10,2030,True,2025-05-25T15:52:26
c01ae16f-7a91-428f-bcba-75e41ccaf998,4cd79f83-9fc7-43e4-a4c1-89402b7124e1,credit_card,mastercard,8621,1,2029,True,2026-02-16T15:52:26
8a16834c-6e13-4fc9-b851-c208bef18920,50e6ae18-ad0a-4f68-bb3d-e1a8b80eb58f,apple_pay,,9025,6,2028,True,2025-03-24T15:52:26
d719f4e1-193f-4c62-8515-af78027bb4d7,50fb8eb8-955f-41ca-ab6a-faaff8141652,credit_card,mastercard,1097,8,2031,True,2025-10-28T15:52:26
d1765801-18f5-4e3f-b137-59a8649ebed3,50fb8eb8-955f-41ca-ab6a-faaff8141652,debit_card,mastercard,3636,6,2029,False,2024-11-15T15:52:26
00f20b46-f8da-4e5a-a3ea-9ab41c679d2a,5261268c-aa94-438a-921a-05efc0d414ac,debit_card,discover,1748,8,2028,True,2025-11-17T15:52:26
8c94e1b5-d648-4e85-bfb1-7c61b85a10ca,529867fe-75f6-4cd9-b913-543b3d6e583c,paypal,,1348,10,2029,True,2026-06-29T15:52:26
4060d906-d6fe-4d8f-8806-8505c6726247,53ed5bac-fa7d-4b1d-a73c-6c2b9845c1d1,gift_card,,1459,2,2029,True,2025-10-23T15:52:26
70028cef-b902-4142-a6a7-e091956bb765,58491188-36e5-4fb3-ab3b-514e78a270a6,credit_card,discover,5142,2,2029,True,2026-06-23T15:52:26
aaa48455-e35d-45d8-ad41-9a3a44e26486,59292cdf-6314-4444-aee9-45a78c76dcbe,gift_card,,0356,1,2031,True,2025-01-30T15:52:26
a42a4a72-5cfc-4778-a3c2-da4dbed12022,5960ff74-c2aa-4a55-9cee-c8f0532e2256,apple_pay,,2240,3,2027,True,2025-06-29T15:52:26
3ee96a9a-2520-4870-af75-964e8678d52a,5960ff74-c2aa-4a55-9cee-c8f0532e2256,gift_card,,6536,8,2031,False,2026-03-18T15:52:26
85877211-4964-45ee-ac5d-e7a41a0a0a5c,5a056723-8fb6-4708-ba04-edc4e2854e74,paypal,,1002,3,2026,True,2024-12-26T15:52:26
4af2d594-a92c-4069-8bd2-bb60017d46fb,5a589b0f-69ac-4256-aea8-df379845f417,credit_card,mastercard,0509,1,2027,True,2024-11-06T15:52:26
a55e04af-e906-461e-9368-34f8fa60386b,5b16d3ac-510a-4143-8a0a-785ce783f3d8,gift_card,,4696,7,2028,True,2024-11-01T15:52:26
64a06574-59bd-4298-96ad-6cdbfcc42df1,5b2179c5-dd1c-45b4-b99c-10f1c7c201f4,debit_card,discover,1875,2,2028,True,2025-02-07T15:52:26
6b5bf511-7165-43c6-accf-e500938961d1,5b2179c5-dd1c-45b4-b99c-10f1c7c201f4,paypal,,4116,1,2030,False,2025-03-14T15:52:26
44e86f78-c591-44a2-8785-8780be9e768e,5d59a09d-7696-4e1b-a171-abe3b79fff2d,paypal,,0823,2,2026,True,2024-10-12T15:52:26
42f29e5c-1049-4c49-af43-85fc5963818b,5d5ea9b6-fefd-4e25-850a-9c2d365e7e27,debit_card,discover,9973,10,2031,True,2025-01-18T15:52:26
3e5508e2-ac5a-497f-bbc3-7e37aa033242,5daa5d95-314b-4f5e-8926-8d61c9d4daa1,apple_pay,,1706,6,2028,True,2024-10-15T15:52:26
609b866f-5987-4a5f-822b-1142a9ea9f37,5ed25035-4723-4154-823d-a8c8b4c02e51,credit_card,amex,7789,11,2026,True,2026-05-18T15:52:26
370ed49e-0db8-4136-98f9-07d237aace5b,612533b6-7eaf-45a2-b9d4-06192ce5620e,debit_card,visa,8915,2,2031,True,2025-03-07T15:52:26
e4895dc1-3eb8-4af9-9f3b-5a49c40298a5,612533b6-7eaf-45a2-b9d4-06192ce5620e,apple_pay,,4638,10,2026,False,2026-01-27T15:52:26
62ed7f34-3e10-40ce-ad9a-212e449ffbc7,628b0262-278b-4522-aa31-ed61da01b78a,credit_card,amex,3042,5,2028,True,2025-11-13T15:52:26
2b01b13c-2bf0-4a3e-af40-56472ce55d2d,62e44a82-c99b-4d04-9abb-f6a2eb97c7ec,paypal,,6930,5,2031,True,2025-02-28T15:52:26
e8a3e19f-5a0e-4405-9abe-3dae3748b4e4,63af441d-70c7-4c4e-b495-80b967849285,credit_card,visa,4279,4,2030,True,2025-03-06T15:52:26
15a1c5c0-53bf-402d-9b00-9c107148399e,63b14504-d172-4e5e-b0fa-abd9cb43352e,paypal,,5858,9,2029,True,2025-03-22T15:52:26
c7369cdf-ee41-43bc-b2cf-8c0517033e20,65dbcba7-fbb7-4837-ace0-5cd3cc5dd4a4,credit_card,visa,8381,2,2027,True,2024-12-26T15:52:26
ec54714f-dfac-4901-85a1-bada9394a4e3,670a79a3-05fc-4a33-8b9d-1b6df80347f4,credit_card,visa,3061,4,2029,True,2026-01-11T15:52:26
24d8fd71-8a44-4451-8224-93afe1488346,672a02fc-236c-4c57-9ef9-218b783ce0e3,apple_pay,,7402,7,2030,True,2024-10-27T15:52:26
349b4b54-93bd-49ee-8e14-8453ab62f545,672a02fc-236c-4c57-9ef9-218b783ce0e3,apple_pay,,9002,9,2026,False,2026-04-23T15:52:26
7b6bce86-6a2e-45d3-a300-0a281dac4057,6939d1d2-fba3-4888-8c53-6898bb73c26f,gift_card,,5563,9,2030,True,2024-10-03T15:52:26
5dc5db10-0a43-4637-8f27-d41bf4a4fc67,69731d27-9caa-46cf-8933-d01e29b20043,credit_card,visa,6105,9,2027,True,2025-02-25T15:52:26
ec4962dc-1739-4bfc-93dd-4111572022c3,6a0e8a99-d39a-4600-9876-1344b693450f,paypal,,3351,11,2026,True,2026-04-10T15:52:26
403f8cfe-a2f3-4c13-a0e7-8d48bf7d95d8,6afcdfd4-7162-4241-9932-0cf1f3a2b6e7,paypal,,9421,1,2029,True,2025-05-21T15:52:26
6202dd9d-2a7e-42ce-a251-d546d6085361,6afcdfd4-7162-4241-9932-0cf1f3a2b6e7,credit_card,visa,0758,12,2030,False,2026-04-12T15:52:26
134d1f29-eedf-4a80-a2a8-4e4e6732a90f,6b991ab8-8048-4161-b67d-7f862b2cc13e,paypal,,8284,6,2031,True,2025-03-18T15:52:26
5225f682-679d-4df8-bce2-e6dfdfaafbab,6b991ab8-8048-4161-b67d-7f862b2cc13e,debit_card,amex,3728,5,2030,False,2025-06-29T15:52:26
29a9bb9e-a25d-4f80-8841-885f3ab0199a,6bb94756-3d64-40f4-9ecb-bc26ede41625,apple_pay,,3955,8,2029,True,2026-04-04T15:52:26
fd7a925f-29f3-415d-b9a8-5abbd0a95512,6d91807a-84e4-47c1-8e47-925d52e0dd48,credit_card,mastercard,2423,10,2030,True,2025-12-08T15:52:26
4a2d43fb-999f-442d-af0c-82da96542507,701ab460-123c-42eb-bae0-fbe7a111ebd7,credit_card,discover,5192,10,2031,True,2026-01-28T15:52:26
a89b5ef0-fb38-4e8e-aae6-a82005e2b815,723f776c-3ad0-4fa2-8177-a80f2cab59d9,credit_card,amex,0397,11,2027,True,2025-10-03T15:52:26
f5331123-cc01-4f38-b7a4-797040f2a0e2,72492cee-bfcb-4501-9a63-5afe45f5215a,credit_card,visa,1171,11,2026,True,2025-12-30T15:52:26
8a2efb35-1c86-4817-a1dc-50109b9ec6be,72874237-a564-45ff-95cf-5fb3ab18e7c8,paypal,,3756,8,2031,True,2025-07-03T15:52:26
ff12bd75-21b8-40ba-9fab-7e766ddf0fbd,72ad36e6-90e5-4d1f-8978-44a18ed7d4e0,gift_card,,7629,2,2028,True,2025-04-08T15:52:26
1c1d4234-c735-402a-819c-d17d4d60c3b3,748db0ca-899a-4da8-8177-2fa1ec2a9302,credit_card,visa,8727,10,2030,True,2025-10-27T15:52:26
aa46cc8f-2cf2-4fbb-b5d3-7d28c552313f,758d0e66-e551-46a4-b8f9-0a98d7161e93,credit_card,amex,0979,11,2027,True,2026-06-26T15:52:26
4e3c7a8e-973f-45bd-becb-549e047389fe,77475cfc-c7a4-44fd-aa82-b68053aa7540,credit_card,mastercard,6855,10,2028,True,2025-09-17T15:52:26
31a016aa-0026-4109-8bc6-ef4f0f5b988a,7767d63a-0293-4866-ae0a-724670463aa1,paypal,,0314,7,2031,True,2026-06-14T15:52:26
48e7f64a-0dc4-4794-9936-a5b0720a339b,77b903b9-c97e-44ae-8274-9dea7b101277,gift_card,,4655,2,2027,True,2025-11-19T15:52:26
52798a77-2b50-4c3b-afc6-3ea45aeb25f5,787f43ea-3f2a-4f90-967d-6479bad4f1a9,credit_card,amex,5288,9,2026,True,2025-03-28T15:52:26
d6e3dc25-27b9-4cee-99e2-885dc370f586,797a1a0b-31a6-4422-af8a-98fd4e5e1114,debit_card,discover,7848,9,2028,True,2026-06-07T15:52:26
508c699d-820a-47ee-84c2-13cbcf335a4a,7aa35447-7686-43f7-bb98-14b1bc5fe250,apple_pay,,8094,6,2026,True,2025-03-21T15:52:26
62c27072-a9c0-4b9e-9007-12f53d40a349,7bb8fda6-2726-4199-a7aa-ed27cdfff312,paypal,,9550,5,2030,True,2025-04-22T15:52:26
d471dca7-0df3-4347-91fc-cbd4cd7e286a,7bb8fda6-2726-4199-a7aa-ed27cdfff312,apple_pay,,6432,10,2028,False,2024-12-31T15:52:26
c5883ce6-dfa9-4f48-80de-9ede915e87fb,7c66bbce-e687-4e15-be85-d960c3de159b,gift_card,,1542,7,2026,True,2024-10-01T15:52:26
6afbb289-a91d-44ea-9262-2d9e970b4424,7c66bbce-e687-4e15-be85-d960c3de159b,debit_card,mastercard,6481,10,2029,False,2026-02-09T15:52:26
b33ee44e-d2e6-4191-8f12-4d7f4cf73752,7eaca096-c253-48ee-936a-8ea930759d59,paypal,,1263,1,2029,True,2024-10-30T15:52:26
9c36fa22-187e-40fa-ad95-b051d01e4cea,7fcd9f31-c0cb-4414-9981-9d014f593081,gift_card,,2678,1,2031,True,2024-11-19T15:52:26
a8c53af1-56c6-4cb1-927d-e53c60234935,80617fda-335d-411d-aed3-ca3917a8cff2,gift_card,,7290,3,2028,True,2025-08-24T15:52:26
41fb1847-fd46-4352-9857-8bd7e585c12e,848485f0-198f-4efa-8335-707db71a7434,paypal,,9674,11,2031,True,2025-03-03T15:52:26
2a5efe62-d09d-44ad-b658-697e0901cdff,848c50eb-5e2a-4b53-b6b9-751bfad107b7,credit_card,visa,4986,11,2027,True,2026-04-26T15:52:26
8fa721f8-5ce5-42f2-8bc7-ad0b4ee4a329,84f7f075-d17e-4662-a11c-bc80e28b12f5,apple_pay,,7669,5,2029,True,2025-08-14T15:52:26
c820b593-1772-491c-ba49-dadafcecdc0b,85e030d5-7bbc-494b-baab-665c95549265,debit_card,visa,4378,6,2031,True,2025-09-11T15:52:26
204068a3-f3c6-4fcf-9c48-c347e9608d8d,8639eac0-9cd8-4fe5-9e10-8526a16018d1,paypal,,9529,3,2028,True,2026-01-25T15:52:26
3b8855ae-798c-408e-ba9e-bc13416b262e,866ec748-2021-45f8-9170-6c393fca1e65,debit_card,amex,5398,7,2028,True,2025-12-25T15:52:26
febccef6-d234-47d6-9a74-321aade1807b,86fb0f27-e52e-40a4-8499-5f1610574213,credit_card,discover,6430,12,2029,True,2026-03-10T15:52:26
8dc0582b-8a6a-4ce0-bab8-e1d58a1cb7fc,87fc5559-9d20-4780-8c0e-b7c248cd6236,credit_card,discover,8915,10,2028,True,2025-04-26T15:52:26
3640147f-208f-415d-a448-07a7ccc95014,8834bd0d-66fc-44cf-83bc-c787f024b078,gift_card,,6134,1,2026,True,2026-05-04T15:52:26
aa724042-6285-4cc7-9c99-8fa1aa6d227f,8834bd0d-66fc-44cf-83bc-c787f024b078,credit_card,discover,7183,6,2030,False,2024-10-27T15:52:26
eb609d17-9bb0-400c-bf57-5910b09efeb1,890861ac-5e77-4568-aaff-807b37e6f872,paypal,,7594,9,2029,True,2024-10-16T15:52:26
c4b0ff0e-125a-4587-96b5-057a8526c6d2,8c5628d0-6d15-4a6d-80f2-9c723e39ba83,paypal,,6577,6,2031,True,2024-11-05T15:52:26
be35774c-5318-4287-a267-7e3e5f0064a4,8cf43099-d49e-4e95-8b08-3d61df8b947f,gift_card,,1623,12,2030,True,2026-04-20T15:52:26
b5c07ece-ba1d-4c92-8dec-1214c7eab5de,8cf43099-d49e-4e95-8b08-3d61df8b947f,credit_card,discover,4013,10,2029,False,2025-07-06T15:52:26
3958e11b-8405-416e-9a41-b4607cbf7458,8e104807-9dc2-4625-a1b7-9d858ddd96de,credit_card,discover,0572,11,2031,True,2025-01-30T15:52:26
4e45f500-a320-4d9d-95c7-9243b6d00ea6,8e5c2f29-44ce-4f60-b818-8b728f60b79b,gift_card,,9847,1,2027,True,2025-08-18T15:52:26
d5c1882e-5aac-422b-92b7-be16b73f3bc9,8e91d584-8798-4b43-a077-64b5334460b3,gift_card,,5751,12,2027,True,2025-05-04T15:52:26
3b9fc757-4cf5-4681-9a71-0bb1de963851,8e91d584-8798-4b43-a077-64b5334460b3,debit_card,visa,5463,10,2028,False,2026-01-23T15:52:26
a1223cfc-8562-4f97-8556-77e88c2cc15f,8f34cf8e-4ab5-436b-b34d-d43e654c8d6b,gift_card,,8918,11,2026,True,2025-05-11T15:52:26
7996b1e6-cd4d-4a4a-a850-af62f4579b96,8f9052f4-d761-416e-8b74-a71f640df0d7,credit_card,discover,2851,10,2028,True,2024-10-18T15:52:26
6cd9ec01-364c-476a-95d9-778f8b369286,8fe1e8f7-9891-4978-ae6c-34234f35c728,gift_card,,6405,1,2028,True,2025-01-30T15:52:26
0249e827-f39c-4f3e-8835-285adabe92e5,902c8ddc-8ba2-42a6-b380-4afc64f50ffc,apple_pay,,4763,11,2031,True,2025-03-01T15:52:26
67e7bb19-4e76-40dd-95e8-d5ae84784b83,91c5349a-5fb8-43b5-8af3-1b0018617bc3,credit_card,amex,0735,6,2027,True,2025-04-10T15:52:26
7d3f9b3c-a3bf-409e-bde3-d4520d57fefc,93c6c6a9-16fb-43ad-bd64-1ee5eccdd750,paypal,,9451,2,2026,True,2025-02-13T15:52:26
f95e80a6-fee1-42e4-92f3-e6ae1f0a8967,93c6c6a9-16fb-43ad-bd64-1ee5eccdd750,debit_card,amex,9926,11,2030,False,2025-06-23T15:52:26
6c3fbce1-af8e-4662-9cc6-2c1f1c967fc8,9400a9f1-7dfe-440e-9992-ce7a2dd5b296,gift_card,,5699,3,2031,True,2024-10-04T15:52:26
b8e24b58-c800-4330-9a32-d213304f4948,943fb486-16d5-4258-99e7-8340b1862e76,credit_card,mastercard,9093,5,2031,True,2025-05-24T15:52:26
a3a3f1fc-ee83-45f8-bf1d-ebf4d7007a5f,9455079c-4344-4995-939d-8184d7eb02e7,paypal,,4873,6,2030,True,2026-01-08T15:52:26
bdd2b750-d283-4f97-98e6-8b2d0f2e6c67,9455079c-4344-4995-939d-8184d7eb02e7,paypal,,5043,11,2031,False,2025-05-25T15:52:26
def587e9-cff9-4885-90f1-cc407ebca30d,94e0e084-e14c-4061-80da-7e6030bf14d5,gift_card,,6486,11,2029,True,2025-06-11T15:52:26
e3b83309-4e4f-4d7b-8a1e-64484fa634d8,94e0e084-e14c-4061-80da-7e6030bf14d5,credit_card,amex,4151,9,2031,False,2025-02-14T15:52:26
3ebe17b0-35db-40b5-af77-da568944f75a,96f4e93c-c759-4fc7-b4a3-c8a153858bea,paypal,,7260,11,2026,True,2026-03-02T15:52:26
11aeddf3-444d-4040-abc2-16eaa36fd45e,97bbee89-2209-4d9a-9f20-d3327baf7efe,paypal,,4823,3,2031,True,2024-12-05T15:52:26
ae046eb8-813b-49b4-bd67-6a82112fcafd,98c7adf1-31bc-45c1-85fb-dbf53b4a53e2,apple_pay,,0249,10,2031,True,2025-09-25T15:52:26
f3ffbb0c-3839-4a07-aa79-5af10d131be6,98c7adf1-31bc-45c1-85fb-dbf53b4a53e2,credit_card,amex,4712,10,2027,False,2026-05-29T15:52:26
92a59d80-e88e-496b-b549-f6844a97062d,9c98b2d4-f4f3-440f-b28d-0e1ca7a152a5,gift_card,,4001,6,2027,True,2025-11-28T15:52:26
1530082a-57c7-4a2c-9783-e02dbaf2071a,9db0e79f-fdea-4290-ba7b-114141f33d1f,gift_card,,5575,4,2029,True,2024-11-25T15:52:26
17dd530c-92bf-4276-89b7-b5779e1a1d0d,9eac28b8-2264-4e48-9c2c-b3f7384bc20a,apple_pay,,6701,11,2029,True,2025-04-08T15:52:26
783dee23-5db3-4dcc-adbf-3cf0f5d6a821,9ede5407-362e-465c-a234-482e1f2411c1,credit_card,discover,1767,2,2026,True,2025-09-03T15:52:26
376ccae3-17ca-4a44-81ff-aa5e75d68dc0,9ede5407-362e-465c-a234-482e1f2411c1,paypal,,2966,12,2028,False,2025-03-04T15:52:26
d9fd4297-2379-438a-8ed1-40ad125acc3d,9f72b282-1f70-450b-988f-9b3029fa121e,credit_card,amex,9490,1,2031,True,2025-03-29T15:52:26
7147a872-e123-40bf-a049-d02903b51725,9f72b282-1f70-450b-988f-9b3029fa121e,debit_card,visa,2740,4,2029,False,2025-03-07T15:52:26
0c2756fd-4b59-4041-af2e-cf3a6fd39734,a054cb90-d7e9-4236-9533-fc7fd2b1fd77,credit_card,visa,5215,2,2031,True,2025-05-20T15:52:26
cfa9ee18-4111-4933-adb3-b92bdad60051,a054cb90-d7e9-4236-9533-fc7fd2b1fd77,debit_card,mastercard,4348,7,2028,False,2025-10-14T15:52:26
beb2cb51-17ff-4d97-9d47-57db0dd4a5f9,a1a72036-c041-4a92-a719-9bbf0e21d53b,debit_card,discover,2544,8,2027,True,2026-04-02T15:52:26
582c6962-be72-4c2a-ae88-cc91da1de060,a2053515-1d0d-41cb-a47d-485aed398e8b,paypal,,6343,1,2030,True,2026-02-20T15:52:26
1f24d9b3-5816-479f-94a4-1a55a1c0a5a3,a2053515-1d0d-41cb-a47d-485aed398e8b,apple_pay,,0189,4,2031,False,2025-07-08T15:52:26
e286c491-cf28-4627-8185-d3aa2a274cdb,a296a891-b126-44e1-a271-9228cc28b3bc,apple_pay,,2292,1,2029,True,2024-12-07T15:52:26
3da85124-ce71-4602-8043-38630704e266,a2effce6-3ad2-4811-940b-bbb5a4ad9b67,apple_pay,,0619,6,2026,True,2025-08-19T15:52:26
51775fd1-ebe3-47e4-945c-eb1edf3ca8d5,a31129ac-6e82-4a23-86f3-3d708e019069,paypal,,9552,1,2031,True,2025-10-23T15:52:26
6e32ef2d-3307-4b12-b41c-abd2e7dc76ab,a3d91be1-b5d9-4d3c-bdd8-ab49cd378f30,gift_card,,7855,10,2028,True,2026-03-08T15:52:26
e0924500-70dc-46e6-a78c-d9c7ae5c11e1,a46b9550-42ae-47e4-9a08-0f32481d5191,apple_pay,,3226,10,2030,True,2025-05-06T15:52:26
d1c42aa3-f495-4510-a9ed-0c6085a5a8f8,a48b7707-e594-444f-854e-67d65eb9105d,gift_card,,0619,1,2027,True,2024-12-21T15:52:26
c6e9bfbd-b792-48ab-9f09-d7f74303d3cf,a792d50a-1570-450f-901a-c26bc3b4a9dd,apple_pay,,7727,3,2027,True,2026-02-17T15:52:26
ecb11c93-fca2-482e-87a1-1d9322e42e53,a792d50a-1570-450f-901a-c26bc3b4a9dd,apple_pay,,7548,3,2027,False,2026-04-09T15:52:26
d647921c-e6af-42b5-9159-184b57ff8186,aa006c1b-6b97-4f02-99a9-57923d13eb8f,gift_card,,2007,12,2029,True,2025-07-27T15:52:26
acb4fa94-34c1-4a0e-a2a9-8e62e40fc792,ab13dd68-d82a-4dbe-b352-0f4df96ff5e3,apple_pay,,5797,11,2028,True,2025-04-21T15:52:26
49a3f667-0f98-4a4b-9640-e398a62bae87,ac4632eb-3a22-4956-896e-0a3899a647f1,debit_card,visa,1969,4,2030,True,2025-12-18T15:52:26
6855d3c2-7116-4d5c-8957-650b94108e88,adc6b3eb-08c6-47a0-a6ce-19384284547a,debit_card,mastercard,3468,4,2030,True,2025-03-18T15:52:26
4c19687a-d8a6-4d4e-b9db-0a7999a98f78,ae6e644d-c310-4f23-84dc-5063fc2e2953,gift_card,,1675,5,2028,True,2026-06-15T15:52:26
b64770ae-bda2-404c-a5e8-1ae6c982629e,ae6e644d-c310-4f23-84dc-5063fc2e2953,credit_card,visa,7810,6,2027,False,2025-08-28T15:52:26
c5317eba-8fc3-4b3f-9e6c-1c4b4d3e3711,afdabd06-a2b4-497a-93b8-7bcf582b5d3b,apple_pay,,2555,7,2029,True,2026-05-01T15:52:26
bd3cfb2e-79c1-4cb7-9e2b-5e40e3411b53,b01b46fd-8f75-4db5-806d-c5c5980008c4,debit_card,amex,2984,6,2027,True,2025-06-27T15:52:26
d671c3ab-f823-46fe-a250-875426e0ac7c,b0382b3d-f5c4-4ecd-9e82-9ec911feb36a,paypal,,0701,6,2030,True,2025-11-02T15:52:26
7252aef4-385d-432c-a520-7eb12f1d3d36,b0fb926f-1c66-426d-b796-e9d801b13122,gift_card,,2695,11,2029,True,2025-07-23T15:52:26
6c49c319-941d-4bf5-b07e-9a99a10817ac,b0fb926f-1c66-426d-b796-e9d801b13122,gift_card,,8861,4,2028,False,2025-08-10T15:52:26
6a73ca43-65aa-4664-832e-437f8b3224f2,b2263d08-d05d-4240-a470-6fe31527b9d2,credit_card,discover,1970,1,2027,True,2025-07-16T15:52:26
7c1988dd-1e56-4900-9b28-775fc2ea2f55,b3f95dcd-caf0-4d0c-8890-a7b8e231c6b7,paypal,,7223,7,2029,True,2025-04-28T15:52:26
ac779d9f-8e2f-4fb5-9873-3820a8b11c37,b43d4e7f-d2c2-4f0e-a706-cfd02d61a398,paypal,,1238,5,2029,True,2025-05-08T15:52:26
f67fd91e-63fd-4e3e-9ea5-d386dfba8b9d,b4413ac0-2fc9-4c91-b188-71c109d9be8f,gift_card,,7208,12,2026,True,2026-04-24T15:52:26
53b39e60-d9fd-4848-8c05-cefda0a65893,b51ad0d8-7b4d-4859-8de9-fd9feb62c888,debit_card,amex,3340,7,2026,True,2024-11-23T15:52:26
58b2de10-dc09-412d-91ab-4773b1368bda,b60e68c2-1b3c-4a8b-a056-a39fb4e6a320,gift_card,,6955,10,2027,True,2025-12-04T15:52:26
4d54bf90-794c-4858-8c8c-c289a69a63e5,b65fff66-1997-4dd8-bc91-1349a415e4a0,credit_card,amex,1826,11,2029,True,2024-09-30T15:52:26
b89822b8-b7db-48e3-83f5-7dfa079feeee,b65fff66-1997-4dd8-bc91-1349a415e4a0,credit_card,amex,6601,5,2026,False,2025-02-17T15:52:26
4e986c1f-db58-4261-9377-4e0d292b7fc3,b66095e0-346f-477d-8c25-3b70d4dfab70,paypal,,8383,7,2029,True,2025-11-10T15:52:26
59fc5c4a-59c2-47e4-a5d4-f1d734993317,b6b6f9ac-f08b-4ef6-8e52-a2c0bb49b17d,gift_card,,7711,3,2031,True,2026-01-29T15:52:26
f2115878-e476-4247-a156-52e3d9672588,b745eacd-b8ee-4507-82ff-98d3c4daffc7,credit_card,discover,8180,10,2031,True,2025-07-06T15:52:26
0ce5dc1e-fbb1-43ea-bb3d-1aced15b1a07,b8cf5c4c-27e2-4106-9058-eb38559661e0,paypal,,6622,6,2027,True,2025-06-03T15:52:26
b3d18133-0b7d-40e4-96e3-829fe58946e7,b8cf5c4c-27e2-4106-9058-eb38559661e0,gift_card,,4299,3,2029,False,2025-10-25T15:52:26
6b59325f-5b33-498e-8c6d-9f1c98a8f371,bab8979a-8cd9-477b-bbd7-2e1dbab88437,debit_card,mastercard,5504,2,2028,True,2026-05-28T15:52:26
3bb758e3-a4af-4d3e-9def-2a3a27709f95,bb35efe0-ac42-4801-bc72-7bea481716da,gift_card,,2204,3,2030,True,2024-11-21T15:52:26
666404b0-cfad-4bc9-beb5-fa5fccdb9ade,bb9bad76-c7ec-4f36-842c-54c3bbb40467,debit_card,visa,7119,8,2030,True,2024-11-28T15:52:26
a6de40b7-ad7d-445f-a208-4e146f2a8bbd,bbffd265-99c5-491d-a03e-fee1fec9e123,gift_card,,2838,7,2028,True,2025-08-05T15:52:26
1c22b901-07e7-40dc-82e9-23f03ab7fbcb,bcff2252-fa4f-4a03-88eb-6ff7b0e010a0,apple_pay,,4274,1,2029,True,2026-01-19T15:52:26
8ea6fa95-0698-41ac-a248-c119d7beb202,be6fcaa5-9911-4bb6-b97c-47eb53c88b32,gift_card,,8126,2,2031,True,2025-10-14T15:52:26
765c9473-e182-4ba6-86fb-35712a167ded,bea5ef1d-43b9-4df5-b3d1-436f675ec066,gift_card,,9823,12,2027,True,2024-11-23T15:52:26
727a455b-89bd-42d3-807e-c60d93781a25,c052cca8-a71b-4e49-b713-c012bcfce146,apple_pay,,7875,2,2030,True,2024-10-10T15:52:26
effbc2cf-5aa0-4139-b20a-a4bfc9b3cc6e,c11308cb-8153-4e7b-9149-9b6b5c0aa137,apple_pay,,0632,5,2030,True,2026-02-04T15:52:26
1695947f-d99e-477a-a10e-231d72308f05,c11308cb-8153-4e7b-9149-9b6b5c0aa137,gift_card,,8890,10,2029,False,2025-05-23T15:52:26
f37a5ad9-58d7-43a6-be8e-138936055098,c401aa52-5d86-4872-a6fc-75f431023457,apple_pay,,0658,6,2026,True,2025-06-14T15:52:26
18554ca6-ab92-4d26-95bd-3596b25589d1,c630fcf6-11c8-465f-9498-0839aee67e55,debit_card,mastercard,3501,12,2031,True,2025-07-08T15:52:26
7ebd7917-840e-44bc-b7f6-56e21150628d,c630fcf6-11c8-465f-9498-0839aee67e55,debit_card,mastercard,9152,2,2029,False,2025-11-10T15:52:26
0f47f0ef-7251-4b54-8c1e-e478bc2c81e0,c6abaffa-11df-4987-9806-71dced92f534,paypal,,7530,10,2026,True,2025-02-25T15:52:26
5162582b-f856-4d6c-9068-135a9a682097,c9276a13-5b0f-4ce9-8802-3e0ead192508,apple_pay,,8533,10,2028,True,2026-04-12T15:52:26
48d2fb06-7ef8-498a-a143-440b840d5d6f,c958448f-45d7-416d-a358-45098ec2a9da,credit_card,visa,1248,10,2028,True,2024-10-24T15:52:26
aada2148-73b1-4c0c-83f4-2b6f907ece76,caa8f40a-63c6-4789-87ad-05b99d694a15,apple_pay,,8041,1,2028,True,2025-03-03T15:52:26
7d9ef70d-bceb-4a78-88e0-c997a69e221b,cb969dd8-a609-4b10-b213-d1011a90ef2b,apple_pay,,0288,10,2027,True,2026-06-22T15:52:26
ac94ca42-f04a-443e-9830-f9f9facd8779,cd67e795-f5fa-470f-9a4f-4060d5951279,debit_card,mastercard,2130,11,2029,True,2025-10-23T15:52:26
40861725-bc97-4262-8fe2-e4c57a246484,cd709ef0-753a-4968-b981-ab264708b37a,apple_pay,,5322,11,2031,True,2024-11-06T15:52:26
eb3c3c10-14c9-4d98-b5da-ad81d5c998b9,ce5679e9-296a-4566-ba46-98a3e0a94136,apple_pay,,0834,1,2030,True,2025-03-25T15:52:26
9ff3d60f-62da-44c3-aa8f-b2557053d17c,ce73a9b8-27f8-4c9f-941c-4b99a646fb32,debit_card,amex,7145,8,2030,True,2025-12-15T15:52:26
9d4bd3be-3586-4896-8a8d-b4adffb44f28,ce8210c0-c537-4fd0-80ef-c3e8063b748a,apple_pay,,8435,5,2028,True,2025-04-13T15:52:26
21881b84-4053-4cb4-95a3-3179a987c092,ce8210c0-c537-4fd0-80ef-c3e8063b748a,apple_pay,,9843,12,2028,False,2025-02-06T15:52:26
b8023b69-49d2-4be1-9286-4d19b5ee0286,cee4269a-3771-43d9-adc4-762ba3bc1782,gift_card,,3317,3,2026,True,2025-10-03T15:52:26
52504616-4fd8-496d-8cee-bed81634ee1f,cee4269a-3771-43d9-adc4-762ba3bc1782,paypal,,0933,3,2030,False,2025-12-19T15:52:26
b34bcfb7-d5d8-4fd3-bb69-2cffdcd5fb97,cfefbf12-9a5a-4d61-a708-d92f785af097,debit_card,visa,3947,9,2028,True,2025-10-31T15:52:26
45908b84-62dd-4837-b5c3-00036d6d3bc4,cfefbf12-9a5a-4d61-a708-d92f785af097,gift_card,,4195,12,2029,False,2025-07-17T15:52:26
28aa6788-29f7-416c-9833-4c41a299a59e,d18e4429-67b8-4ac0-8d74-6c1d026d15a7,gift_card,,6984,6,2026,True,2025-08-29T15:52:26
8ea7424d-a5a8-4503-9220-3f9292079695,d18e4429-67b8-4ac0-8d74-6c1d026d15a7,apple_pay,,8939,3,2028,False,2025-07-14T15:52:26
3d638573-4081-44b2-bbe8-975f5441f0ad,d23755ac-d315-4dfd-ae80-4fa042f7d833,paypal,,3901,4,2026,True,2025-02-15T15:52:26
017f66fd-d805-46a6-9763-0f669b6d050b,d285a28f-6fa3-4c70-9469-73e7fe1787ae,apple_pay,,7541,2,2026,True,2026-04-29T15:52:26
c9d827e8-1f66-4b4a-a8aa-359ae1888fae,d3adc9f1-fd4e-45ad-9d75-0919a6617f7a,apple_pay,,8948,12,2029,True,2025-09-10T15:52:26
b32a266f-55af-41af-93da-5dedbf753e3e,d47a83f3-a765-4a20-b40c-e0993cf00e4f,apple_pay,,3833,6,2029,True,2025-09-01T15:52:26
bbe13a75-6fa4-40b7-acb1-9b045cfa1e34,d4d6c47d-5048-4008-b088-4f13691fbefd,paypal,,0957,8,2026,True,2026-03-05T15:52:26
53f486ac-257c-44c0-a842-50e2e2c49320,d4d6e685-70a2-49ea-b511-383a54d18cfa,paypal,,3752,1,2030,True,2025-12-24T15:52:26
a1b22722-33bf-4930-8d10-ba58d9c32336,d50199e3-7c9b-4921-9920-d234b5fc561a,gift_card,,6629,7,2028,True,2026-03-29T15:52:26
192c6d7e-5a54-45fa-a4ae-73514ee1e11d,d5e5a6a6-cb8d-4d62-8551-298dee7f1f9f,credit_card,discover,3012,9,2027,True,2025-07-22T15:52:26
4a0fbf11-5d9b-454a-a31d-a419673b8ff5,d6914b8f-0d72-4044-a61b-055adb02f005,apple_pay,,6053,5,2028,True,2025-11-20T15:52:26
5ed9941a-e74d-4254-a8fe-dd7c42509aa1,d7290d30-60da-438f-a6f7-99a66828a1ba,paypal,,6990,6,2027,True,2025-03-18T15:52:26
222136f5-cb2b-4f65-96d7-171dec19d16e,d78e6e3f-3ff1-49b6-9dcb-129816aa0ecb,paypal,,2849,11,2031,True,2025-07-07T15:52:26
fb634a7e-da8b-4551-aa5b-d9c30414bbdd,d82c6a2f-7e02-40de-81c3-c42ef14d8460,gift_card,,6525,12,2030,True,2026-06-30T15:52:26
48b6dae4-cea4-4bf1-9ff2-8a8d5dca7f57,d9464bcd-0a19-4058-8fc1-bea843e6c339,paypal,,3904,6,2027,True,2025-10-13T15:52:26
45a0288b-6381-4905-a84a-15b536efaf94,dcddb844-390f-4861-a4ee-0a32b75bb218,paypal,,5311,10,2027,True,2025-02-26T15:52:26
47e8d97f-1161-4423-9f99-86310ec60b38,dcddb844-390f-4861-a4ee-0a32b75bb218,credit_card,discover,1966,12,2031,False,2025-02-08T15:52:26
149eab71-384d-4298-8539-06ad01eaed6a,e0df02ff-f788-4191-9881-df0d6c775206,gift_card,,5713,10,2027,True,2024-10-10T15:52:26
b19d1c6e-c59a-4a85-a5d0-833a151f20c9,e100dd4b-6c96-4036-88a6-8813aa5a718f,debit_card,discover,5987,6,2029,True,2025-11-11T15:52:26
3261ca48-ec66-412c-95dc-1aa0ab187a34,e4adb740-2faa-44fc-bc18-4aa698032414,paypal,,1828,1,2029,True,2025-10-03T15:52:26
c68f50c6-0ad0-42d8-acd7-1b0e89b7ac54,e50d93de-3e78-4f09-8406-df4f27f26c8f,apple_pay,,9285,9,2030,True,2025-03-03T15:52:26
01f2cdb5-106a-46ea-851e-088918e0d4bc,e6e0c2ef-00b6-4d38-a129-32d4aa4e795d,debit_card,visa,5032,5,2030,True,2025-12-09T15:52:26
0bfadb88-8715-488a-8837-b50170cf3ce1,e6ef189a-76de-4ef5-ace2-676d69273e22,gift_card,,0941,1,2028,True,2024-11-02T15:52:26
cd6a7e33-ab47-4c0b-8804-f69943ada482,e77008c8-b7e1-4bb6-93d8-8383d6385531,debit_card,visa,8786,12,2031,True,2025-08-16T15:52:26
7f677cb3-6334-43ee-997a-a06b08ccbf67,e77008c8-b7e1-4bb6-93d8-8383d6385531,gift_card,,4652,10,2028,False,2026-01-31T15:52:26
0928cc0c-0c3b-4b5d-a8c7-43684478a6ef,e94d8a6e-9b23-411a-baf2-75f02c42d8cb,credit_card,discover,3965,6,2029,True,2024-12-28T15:52:26
4abb87c1-c3f2-4df6-a428-50e35087923f,e9647282-4e31-40a7-a07e-5d10cd7e447a,gift_card,,6771,10,2029,True,2025-11-10T15:52:26
f25276b7-2812-4c69-9180-a3e5ac0c771e,e9647282-4e31-40a7-a07e-5d10cd7e447a,credit_card,discover,4760,12,2029,False,2024-12-31T15:52:26
51ff84e9-ef76-487f-a785-8a253667e933,e9f40ffc-bea9-4cc6-abca-7fe897f37903,debit_card,discover,5830,7,2031,True,2025-02-22T15:52:26
3bc6fde8-dc7b-4c69-96b2-d04a2f67fa6b,ead66f31-3437-42c5-9145-8281898ce326,apple_pay,,0726,8,2029,True,2026-03-12T15:52:26
a6d46563-3162-44f1-8ecc-94c7e8e26974,ead66f31-3437-42c5-9145-8281898ce326,apple_pay,,7089,11,2031,False,2025-01-03T15:52:26
4d1ec841-01fb-4c81-af55-96dba539a193,eccb6e23-700f-4b9e-803e-9c681f12dd9e,paypal,,0769,4,2026,True,2026-02-04T15:52:26
cf581a93-6a90-472b-b5ca-fa99a7f09663,eccb6e23-700f-4b9e-803e-9c681f12dd9e,credit_card,discover,6052,11,2026,False,2025-05-07T15:52:26
2a67b9cc-480b-4da3-97dd-d9e02ba33b14,f03fb49f-283d-405e-bf8d-52046ca6e77d,credit_card,mastercard,3406,3,2028,True,2024-12-12T15:52:26
c85332c1-edb5-4243-aca7-cff651f8edc8,f044be50-29c1-40c4-a16c-a1dd1f95d6f3,debit_card,visa,6942,12,2030,True,2025-05-18T15:52:26
b36ed082-e496-40d2-9945-1e71e68fbb3b,f1c35457-d11b-4726-ae58-b98a09167675,debit_card,discover,0105,12,2026,True,2025-04-05T15:52:26
f9f3e252-8009-49db-9daf-f9c6fed6c4de,f24f29fa-33e9-41e2-8965-ac4e39be3919,credit_card,amex,1843,2,2027,True,2026-01-05T15:52:26
df4c16f1-05cc-485e-be18-cf885c7a36c9,f35eb7b6-1b25-433b-90b5-29212b72f6e2,debit_card,discover,6852,6,2030,True,2026-05-08T15:52:26
808a81b4-9aee-43ac-ab86-906e27350248,f35eb7b6-1b25-433b-90b5-29212b72f6e2,paypal,,1013,12,2031,False,2026-01-19T15:52:26
97cf8e00-69f4-44be-a96b-ddd77e5d714d,f3feb7f9-9069-4fd7-be91-3800d1307935,gift_card,,4145,5,2031,True,2026-06-15T15:52:26
2bc91fed-7c36-4c0e-8a71-32bf1125e49e,f4835f98-d82c-487c-8788-26a05c249db0,paypal,,5387,5,2030,True,2025-05-30T15:52:26
ffa34035-26d7-41e9-987d-d6f740214b03,f4c4994a-5a77-4a2f-902b-4f69c22ccee3,debit_card,visa,5036,1,2030,True,2025-06-18T15:52:26
827c0e9b-a4f3-4d53-9419-cc5460fe6e47,f78c30cb-fcda-4209-9aea-0ae7ce4f7b81,paypal,,8180,5,2030,True,2025-09-11T15:52:26
8b9af358-301e-41e8-90e1-eb96150c6ba4,f7d61334-5d22-49f8-a022-903921239047,credit_card,mastercard,7986,2,2030,True,2025-06-16T15:52:26
3ae92bb0-0007-41d8-91ea-9c4e3be90d00,f8486fce-bc07-4a4f-a6e9-ed6a06ba996c,gift_card,,8243,1,2029,True,2025-11-09T15:52:26
3721f7e6-c2a3-4008-b53b-c35f874d43cb,f8b1caa2-10e7-4302-963a-252a15b4a714,apple_pay,,0678,5,2026,True,2025-10-01T15:52:26
b5c56c4b-754e-47e1-9760-846025495aee,f9c2b37f-2e88-4008-a277-99f35c4760bf,gift_card,,3276,6,2026,True,2025-03-11T15:52:26
ff806591-ad58-4ae9-b224-541bf8886d49,f9c2b37f-2e88-4008-a277-99f35c4760bf,credit_card,visa,7468,4,2027,False,2024-11-17T15:52:26
e163b384-9b83-4305-9755-9ee6912eafda,fa2a460e-af12-4197-b38d-d2822d96e879,credit_card,visa,5118,8,2027,True,2026-01-17T15:52:26
cd9749b9-28a0-431a-b756-f1e4570dbbac,faae2750-9c1c-4c70-96ed-e845374e4e5e,apple_pay,,2035,5,2028,True,2025-07-12T15:52:26
0fe0d85b-3147-4f24-9481-f3b39d6e1fa0,fad2c57b-c35e-4270-8d10-2f067a5ee2b7,gift_card,,4925,4,2030,True,2025-12-20T15:52:26
0a4da64e-ad13-44ae-a621-90a8aa6a1418,fe1ef2c8-17e9-4560-bca8-d42ce43d899f,paypal,,0500,6,2026,True,2026-03-03T15:52:26
400eb25c-b676-4d15-a478-56c82ed6ff48,fe2e9f59-c77b-4756-ad2e-fe864a560344,paypal,,6580,5,2029,True,2026-03-05T15:52:26
