id,authorization_id,captured_at,amount_cents
f2fceff1-598d-4615-a028-c30daac90244,82c67b44-3cc5-4221-9896-cb57e66ae0b7,2026-05-12T06:28:51,500
9159b090-3b0d-4713-a8af-2f80c95f8021,7f112b35-58e8-43a7-9645-bbec7b2b89a5,2026-03-09T00:52:00,5100
2ece9c60-28ad-4798-ba70-c78a15524ab8,a7553f4f-f928-4d08-a544-512755f3137d,2026-03-03T23:12:59,600
005fe56b-f111-4e65-805b-8094dc578393,12002731-7df2-4084-b5aa-dc11e70c4a6d,2026-03-18T15:05:46,3336
49947708-538b-46b4-806f-c0020334ebc6,032b7f62-4f34-4654-8aff-5ff007d556b6,2026-07-21T19:14:41,2900
f3e0658d-4567-427e-9822-996b8f68e5de,107213ef-1434-4ee2-8b4e-ad547410201a,2026-06-16T15:29:10,2600
b98cddcc-928a-4027-a00f-b01dc718fe6b,1a273e53-9704-45be-bfc6-79762e25326d,2026-04-09T22:42:19,2700
5dcd4007-0cd8-4533-920b-4f61cb7f0408,3d0a7e16-771f-4ab6-a9fb-2a7a27c2c585,2026-06-07T16:33:05,600
753a7b30-473b-45ea-9abe-5ce992817ade,f9d87ebc-e81e-4880-a5ae-34f95a7540df,2026-06-08T09:24:11,4200
ec10542d-6433-410b-96da-edbc2ffe94c9,facd1c3f-b873-417a-bd8d-236ee9172c9f,2026-06-14T08:02:54,2400
404311e8-4024-4f88-9535-567cea445ffe,1be140e6-f2ef-4ffb-b0ef-72b4f7b36848,2026-08-07T21:53:34,4700
5683451b-9d0f-4d49-a390-614295f3d85c,f2613951-676e-4213-9db5-1a3eea70125c,2026-07-25T14:29:53,2000
84b76633-bf35-4acf-b1e0-021a79fbcf2d,883c52e8-9bcd-4fbf-ada4-ebc55895bf8f,2026-03-26T05:13:41,2000
28c0f266-52e2-43af-9246-507f07b66a05,81f9ca0b-e781-4e73-b39e-ab64ceaf9912,2026-05-27T22:18:48,2000
5b614abb-32a5-471a-912a-117b336a70cf,5190cca5-0779-49bf-ad4c-e4cfee0069a6,2026-03-28T19:46:56,2268
1415043a-badc-4119-89a4-b921fe6cb1dd,37b1464c-d122-48d1-a6de-0aba56430fdf,2026-07-23T11:27:47,2763
c3e9efae-f2c1-481e-8d9c-60636f13cef6,8203a048-e130-4262-8598-ffdacb25a16c,2026-03-01T19:57:08,1100
9a38dc41-144d-48db-b437-3ff0579fbcaf,93b6348d-6d5e-44b6-b7a3-a5fdb3a554d2,2026-07-17T12:02:29,0
871a2b58-00ad-4138-b829-490e66606b79,8893a80e-d1d6-452d-a70f-4ff4aed3abcc,2026-04-02T11:35:49,2800
0b82a151-2f47-42b9-91f1-7cef4816fd4a,a0dd7ebe-113a-40d9-9035-ae18d9c42c38,2026-07-02T00:50:12,2600
26d917c8-2323-4068-b7f1-324cb76108d5,82b779ce-c417-468b-a719-12447337f8fa,2026-07-09T23:02:12,600
9939f27b-86cf-4265-aa64-d7da147f1883,b842088a-e919-474d-853f-a8063b7ea0c3,2026-07-30T12:49:53,4200
6923dc5a-99a5-4af9-941a-489af27953f1,a918a699-ada6-4313-9d08-cf7051b5ef46,2026-02-25T07:07:51,900
59c07e7a-34a5-4456-a3c6-5ec0861d0681,7c24390e-8eb2-4cf5-9e79-14f97c25400e,2026-04-15T10:35:22,1100
1cc77768-be9e-4040-b537-3d6897e7537c,bc312734-8d4b-448e-82a3-967c5d2361c0,2026-03-04T08:11:28,700
ec74fb5b-6058-4c84-8350-5358b05f5af9,78fb32bd-e3e9-4aa3-9a92-a2f32181da66,2026-07-10T02:55:15,1200
68645baa-5a2c-4b1e-8339-85f38a0d9617,5a71c422-3a0e-4fef-be05-b37198fa3857,2026-05-21T12:05:18,5400
db8debf8-442d-40fa-ae89-ee8c3c98067c,64274db2-fff8-42cf-9d07-18a219a51517,2026-02-27T10:33:57,3300
e9d42a85-ed82-4f2e-8908-38d53b6197d7,754d8e59-5006-4bfa-b9bf-89d657e75f74,2026-06-04T07:11:26,1700
bbc681c8-59dd-4195-b303-9e7d026df4f4,7e8b46bb-db04-4c15-8c2e-1fe57a4cab29,2026-06-09T13:34:15,2400
6719b305-1f10-4487-81f4-ce482e249915,8537db61-687a-4536-a10f-fa89a12e818d,2026-07-09T09:24:36,4000
d2c6fef2-9a13-4149-ae69-7e0a61f7588c,10d39948-e7a4-46c5-bf21-e6be888ffa4d,2026-07-02T16:40:32,4000
02b4a96b-7205-4325-b2c9-39f2e9a854a0,aca7ed6b-56e3-474b-9ae6-ff8821640e6b,2026-02-20T21:58:56,1200
8c2ada9c-e675-4f32-be68-ce3cee75ec15,e27c1ec8-11ee-4e1b-9f57-05be4d4988b9,2026-03-03T07:15:02,2400
4dcda437-fb6d-4efc-adee-ff57114605bf,1b6e7795-4fc8-4254-b53f-9e06b3cef7f8,2026-04-19T22:20:28,400
b52a9356-72b2-4ec8-ad0b-7e03968a655a,876ba94c-ae9f-49b9-877a-7e97b2410645,2026-05-10T13:30:47,4000
81310da7-eb08-48ec-830b-f66204e5cf71,33948937-4534-4ffc-a2c3-e830a97dfa7f,2026-05-18T06:10:12,1400
6af866b4-f251-425c-88ac-4ef4c07878ff,0dc11ddb-3b89-4480-940a-d0d3054d61e8,2026-05-25T19:38:47,4200
b74eb5ec-59bd-4032-8011-42e709e05bf6,7797c475-684e-482e-90c2-132929674b8f,2026-04-08T11:10:16,8800
5a08b3b8-9eab-4eb6-a716-cf8f161ad6e1,5058d253-4755-4269-93ed-c3ece0ce9dfb,2026-04-07T01:52:25,2775
2caec183-0b42-4674-84b5-9020a63419da,f0246404-af51-4e1b-a9a0-ef325f5ba045,2026-06-01T18:30:26,1100
9acb4e3a-5e7b-45f4-973c-cb1a197dbc24,301f3ed4-ac18-4918-9fdb-ffc148cd94e9,2026-08-09T01:15:18,2200
cb92801b-f589-4506-86e1-d2a9d9b03ca9,1f0c27f9-21c3-43d6-a06a-863accd31da7,2026-05-17T11:58:00,1900
1d9ec049-550d-43c7-85ff-b43608b48f96,382120c0-50e5-4520-9fad-e16974180607,2026-08-06T11:23:28,2300
7943cc17-019d-4661-8756-ac68b3931524,b6975be9-0419-4a1e-8340-1f29e19e16e0,2026-04-29T08:14:32,4500
237b0d2e-df47-4d8a-98ea-9fa723accb5f,c02bf826-48d3-4bb7-970c-18b6598cdcc0,2026-06-19T04:22:24,2200
423abd16-fe09-40d8-8ad3-0348a35ef49a,fd26c06a-e300-48b5-bf4d-e62adcbfcc09,2026-02-22T11:26:16,2800
01afdc4f-8fe3-4f6e-b42c-f7da0fde998f,6752d6f6-6740-4061-adcc-c8bed9f0fc03,2026-07-14T04:29:29,1200
ecb510cb-db8d-4205-9ae8-f68a007a928e,7057d1ee-8e78-4b87-ae3e-595add0b4800,2026-06-01T01:05:50,1400
75151afa-84e3-421e-b7ac-b6aa5b352f2d,673962d8-85f4-4bcd-b7a5-66b88f2b51a5,2026-03-03T01:29:54,1300
e9a67418-48c7-45e1-90ed-f2f4f9e650ee,9811bc4b-8c0b-45b0-bac4-48b3b473d36f,2026-05-15T06:49:31,5400
4a441b1b-04b9-483c-b37f-9b96dd4aaf89,5af82db9-6904-4cdc-a879-e2a2a28042cd,2026-02-22T12:37:07,786
03c09117-0932-4af3-83c0-7d5eb1916c30,a1a59df9-eb21-4d3d-84ab-9e9ce9fb734e,2026-07-12T23:53:50,1400
451055c9-afc7-49d5-a159-af53dc2ce744,ae8dc154-786e-441b-9807-c71dfa817f61,2026-06-27T07:11:08,0
50e09fd3-df31-493e-a68a-277520a5a4fb,acaa25ad-74f4-405c-ada3-e5bd10317f56,2026-03-11T12:21:13,5600
1e4de771-ecd4-4dc8-92a5-a22806a12e82,6aebb168-0a57-4ac0-93b6-2e1669efe578,2026-05-18T00:18:08,2800
cba74477-1325-4b18-9534-a1ec9a3b7ed0,c02fc4a8-0a69-4499-a51d-08d8a6cc2174,2026-05-11T13:17:58,2800
c30092e4-6ccb-41ad-8b8e-867d1b6e8238,9a119495-8d7a-490c-8574-0b346b1273f5,2026-03-16T21:46:46,700
309f83ba-c1f3-452a-8673-d3e64f3d0fce,157e177b-f70b-43a5-aa66-87e951f845e4,2026-08-03T07:49:48,0
ffedeb83-71e5-442a-88b4-fbc43ff1c51d,68c24373-7b8d-47bd-a03a-63028cedba6d,2026-05-22T22:29:04,400
5afee29f-c442-4ee5-866d-8a93ca44d644,481ea220-a432-4e07-b6ed-b4ef7d8af7b9,2026-02-25T23:48:11,4500
a27a3e76-7e01-4fb8-955f-579a448ddd52,864a22d2-e07f-4647-b262-a0dc849957c4,2026-05-13T22:33:33,2800
3bb6e2d8-858b-4507-b13c-613251654aad,57f74899-f39b-4553-bae8-2599ddec3037,2026-04-22T22:26:46,2800
3d90b8b0-bb4f-42d2-8007-5927aeae8555,3ce62704-913d-4f4f-887e-04e1ca36a9ff,2026-03-13T09:20:56,1100
c9d8abb8-b4b3-43e7-869d-8520c54e9acb,a9909780-26f5-400b-9cf9-49b9c46db477,2026-05-14T15:42:09,600
27049316-31f3-4741-a642-d25007839382,01082b98-a12d-49b4-aeb7-a4a4daadc888,2026-08-11T00:45:47,1800
8c55cf81-5e9e-4cdc-b8ed-329247897925,a667280b-e194-4a69-b8d8-cf39f1aa99f8,2026-04-24T04:15:25,4000
9d671ac5-d25c-44bf-ab96-fc97e7531632,e9706b1e-d9ce-4dc6-94f9-259064bc17bb,2026-03-07T02:51:55,1500
fb76580b-eaed-4f99-9a49-85e5dca741c5,bf88ac56-f24b-46f4-82c6-a416da765c2c,2026-03-11T21:28:56,2400
9d6d2d14-6b5f-4442-be01-f13d7f3fdfc3,cad6d93d-0d17-4d4d-8974-262d900b8e1e,2026-03-08T16:25:50,600
dc5e87fa-b33e-431b-8bbb-1eca7442473f,4abc87f5-c379-43c8-8a08-239f2f19bee8,2026-03-31T01:32:12,0
8b30d452-a46a-4fe9-ad65-86b783044ce6,3d743d60-e475-4ec5-af1a-4c7224c00555,2026-08-08T21:35:52,3600
e6023bd5-593e-4a2c-a6ea-b0585e935dcb,00723968-56ea-4f0d-a25f-bf04c7ceaf39,2026-04-01T11:32:00,1200
5c1b5fff-8300-4053-b00f-9d3f05ccc13c,a793428e-c79b-478a-a155-c944bbc24321,2026-08-14T23:54:24,2100
6608defc-2e47-4eed-9dd7-76aadeafbd75,f86ae794-e007-4729-966b-15368be931d2,2026-07-19T20:11:40,6300
29ec45ea-ad8d-4615-a3ad-9e04d166a4af,73de1691-93da-48a4-9d5b-821c1184d42a,2026-07-11T15:49:53,4000
25a1ea79-f4dd-4a6e-87e8-04f41b6305b9,bb1d78c8-4aa2-4467-9277-9624b99cad39,2026-08-08T16:37:43,400
541d100b-3dc5-4e92-943a-36ceac0f8492,461ac73d-5d72-4d20-91dd-81dff2f7d8bf,2026-06-20T12:41:48,3400
60e2e73f-358b-43a2-9397-ef989dfd82c3,b49257bb-6119-4bc2-9865-c10d8a0aec01,2026-07-31T19:35:41,4300
ef93bd40-9a88-4336-a820-3d6bd528a8c1,c85faca5-3035-4c0c-a9b9-ba835894de76,2026-07-14T11:38:54,1900
7be8ddaf-fa2f-4d6e-9a21-d898c57d7ec8,b24da699-6ce2-4f50-8e82-be2b4157380a,2026-03-29T06:36:07,4600
d7219f08-7a55-4ae0-b717-a60f2ae5de83,054afae2-8beb-4b1d-b8b5-5e41ff18c331,2026-07-29T20:00:01,5000
f8abd219-2b4f-4692-8df5-c10ed84661a6,6a231439-b248-4e44-aaca-0cc59c7a3b88,2026-04-07T04:17:16,5100
3c0409c3-0451-40e3-b761-c30361a94efb,8520b931-014c-4c2c-b78c-be70d59e3c5d,2026-08-06T21:44:49,2900
98f76697-12e1-4b5b-bca7-8d424609139f,13604f51-93ad-48f4-8348-101d9ac48b89,2026-03-18T09:05:37,6100
b3b82ecb-60b9-44ee-a5df-02b124ab0d0e,811822fa-3ca0-40a0-9d3a-11d92dfce412,2026-07-05T08:35:42,4800
18867d46-5b7c-4e65-a66c-da00b2d4240c,bce1bce7-0eb2-46a6-97fc-b3f479159924,2026-05-12T22:48:20,600
028efa2b-164e-4e20-bd14-0bbd6bb83804,4aac36b1-582c-46d4-b9a5-fe9388b62f7e,2026-06-08T04:46:22,500
287b8077-47a9-443e-8dcd-5a68fcaa60f7,74794cd6-c542-4b66-91dc-602398c197c6,2026-05-06T00:42:21,3500
f4188cbf-069d-489a-bb34-5b37fd9506fd,c8463479-eb33-4939-8178-84a0070e8ed2,2026-08-04T08:05:20,2400
fe13a645-9168-4124-a7e8-4dd431dc2845,d68c35f8-7f43-4ca0-b974-308a960336b2,2026-05-13T12:44:47,2800
ea10f3aa-2fc3-4479-aefa-6cedaff18134,e91c0f83-3b21-4ff4-a519-bd4b41eab7ea,2026-04-29T01:06:18,5000
a11d82cf-ebad-4a5d-b3a9-c7ffe3f21954,50784916-36cd-434d-bed1-98b7dd16212b,2026-07-06T23:03:32,2200
752eb494-a7fe-4a66-8860-1c126034bc58,89d21e5c-92a5-446d-8f1f-ec67356c444f,2026-03-09T13:49:47,3900
34c02249-1413-43db-9381-015f3d0c494c,0c94e278-e136-492f-9f5d-24c290089d61,2026-03-05T10:20:05,600
d8fee941-f38d-4371-878b-d2a3a3615657,8a2906df-444b-46af-8081-b414014a2ddd,2026-03-02T23:54:49,2900
e7c8e23f-9803-4842-b945-e9410bf84486,44c7e53a-cfe4-4502-8ea0-239aa480be9e,2026-07-10T13:07:55,2600
e18c4e7f-fa83-485c-a19a-5354228dddc5,e93b217d-6be9-4e14-b032-5bbd723eab86,2026-07-02T10:07:42,3600
f1490c64-995a-480e-af36-1aef96a05d82,0ba1cfcf-ed9b-43aa-a6eb-9d4b1ee228d2,2026-04-11T11:52:44,1900
6801f169-f1de-4334-81f6-df631fb13971,8f2b8196-e902-4788-a08d-c5b6673b8a01,2026-07-10T10:43:19,2200
9ec7d847-cfa1-4af2-ba0b-b5417208f14e,f5c49897-1f71-4393-a537-7d1ef3cc0f3d,2026-02-26T22:25:09,3700
b1b66db3-0ef2-4ce1-a61e-64e9dd8dd9b0,a3612dfe-360d-4aeb-9e15-353f497a5e1f,2026-07-29T05:06:13,3500
85285a62-caa8-4f41-ae1c-d1c8795a1444,f1c8db13-cf74-46cf-9ce1-c75f9665e350,2026-07-06T06:29:53,6800
a796d393-8505-4c5e-a20b-9db27b791468,0116f08e-161a-4865-aa8f-3843c8522e0c,2026-07-05T05:04:30,3600
3ec3bb90-736c-4fcb-a751-663662b5b606,59d85f87-164d-43fc-8d97-b3e56fbcce21,2026-05-28T00:49:34,306
6192a486-0daa-4eab-99bd-7b816b420b22,3632615c-50e6-451a-a5e0-8778c0632c13,2026-02-22T00:28:13,1400
2089bbe9-f7d5-40e2-b31b-ecdd6318e6a3,71a20d91-026f-4ea0-84df-25df8828f210,2026-03-10T16:24:45,2800
e437df5f-c6c4-4504-81e2-1078a0f83212,94a5515d-9872-4557-b9a3-f27a6a07225c,2026-02-17T00:28:21,7200
4f8f814f-e0ed-4cde-8132-5dc64fe9daa2,d6041887-82ed-4bc1-bec4-c49830c90673,2026-03-21T13:33:59,6200
7dc03419-abe8-49f0-ad1f-651afed65525,a01733bf-1217-4fa0-be87-277a39173940,2026-04-08T16:35:15,2800
3ee356b1-6903-416e-8aad-21cd1a8899cd,759349c0-76f4-4b13-b20a-d9c9c377a996,2026-02-25T18:06:54,4200
4aec6f68-e399-410a-b597-e603e1dc3eaa,d0c788b5-ad0c-4ff9-934f-587feb577582,2026-03-16T05:21:17,3200
356bee3a-aa1c-4eb0-ab5c-7e5bc67e4a0f,71b1fbc8-a089-4bba-9587-6136592f209e,2026-04-07T05:34:05,600
2acbc800-b532-4972-bb0a-d6df080d9a26,e327004f-b8d9-444f-bfae-6e4a03f0129d,2026-04-06T06:24:56,1900
8eac0f2e-085e-4d90-bf90-7e63f4469e94,8cc59d4c-95c6-41fa-afcb-cea79a0cf284,2026-02-19T14:31:28,1800
de9fbbe2-372d-41d6-af56-eff219ba4f3d,929c61a6-9e86-4746-9a4d-8d826f08f0f2,2026-04-13T21:21:29,1800
f00ffbb8-8eb7-427c-b5a8-1778a1d03bd0,df7e5bfa-b9ab-4e00-91b8-fc0a347230df,2026-05-13T22:53:15,2500
52ece906-256d-43ea-8701-6cc01f6e61dd,5286b2ca-ac55-4a6e-aa7b-47db935f8e30,2026-06-18T18:21:43,500
87785187-36f1-491d-ad37-c4070472c114,df15814f-8061-43af-a0c5-8edcb81bb373,2026-03-04T21:30:32,585
fc0b5b66-c7d6-45dd-8891-a4079abc0f20,0e97daed-4b32-4769-9fb3-9da10e73bbf6,2026-05-27T09:00:08,3300
ac822f55-e716-431e-a150-fd07f57a3bf1,1f5e0460-9043-4e77-87a0-7cd3ac028772,2026-06-29T17:37:57,0
e3b6b3b1-70ce-41da-85c6-c100f3656982,c51854a4-e328-4485-ae38-08da725ca75c,2026-07-13T05:17:41,600
568e46cf-c5b7-4774-a27f-2a78f4c8c41a,f6af8b01-2efa-43fe-bb44-8da702855456,2026-04-08T23:13:45,4400
38987c64-d932-4a90-ba95-fe70b02b259f,673aece0-5f46-4ae9-a3c6-8d584da7aefc,2026-03-06T10:18:13,6300
ca968e93-a993-4242-816b-321ea444170d,5b8eb2f2-2a2d-4f48-b125-dcaa41150ea0,2026-06-19T13:17:59,600
d06ac380-13a4-4327-849a-040b9fb845f3,4bdd539d-b36b-49e9-9e81-eeab959ba469,2026-03-08T01:24:40,400
2a5e2f97-19d6-41e6-9483-ea932009a4d3,103daec6-10bb-4c87-9183-0b0a8014fbf7,2026-06-14T12:26:01,5100
57040cbd-2fb6-4482-8e4a-c02c31ee177a,784e14cf-8bc5-4098-bc5c-b7d50ea79c23,2026-04-01T19:23:56,1825
1f5caebf-e6d5-46c5-8e1f-956a0e88cbe3,cd8e3e67-f9f5-4dd9-8e56-8ffa2c409816,2026-07-22T16:47:03,1200
784e7e9b-98d9-4376-a1ce-dc044f60a5cc,a19830bd-a648-47a0-9d6f-1defe2b1b567,2026-04-12T02:14:01,4400
6ec1e1fe-a4bc-43ad-9708-c8a1f44934e0,605b31da-c653-4d6e-b51d-4364e25108f9,2026-04-19T12:39:43,3200
057cb794-2cea-4334-bafd-6b9550ab12ba,9e25c5ee-3bab-4cce-aa1e-a381ad436cb1,2026-06-07T06:54:10,1800
b1c5c961-c3a1-4d85-91ac-28d98d3e05f7,bf04f8be-ef2e-4d2d-bae3-cc6c5c709441,2026-03-15T01:26:54,2600
79c7bd4f-2b7a-41b1-8b39-49db261f6ee0,b7dc0eba-2bf8-43c0-a018-19949229c315,2026-05-08T04:12:28,4800
1249a960-c368-4373-aee2-d955f21b411d,e24f5c8f-3c8b-4b59-af73-32eeedd5f68d,2026-05-15T19:07:57,2500
2598d064-6aab-4474-a594-c2ad03e598a3,9b392d7b-20a3-4ed1-ad26-69c990140ef3,2026-06-17T17:51:27,1200
2d28fc96-c55b-4e63-927d-2e40936974c2,28869225-2f04-481d-9ad0-08d1c9c25f9a,2026-05-08T02:48:26,1100
b9d9703e-b3a4-411b-8f17-3381f34ddcef,37f8d952-2058-4645-8d09-a5cd59e3b702,2026-06-03T04:21:23,4200
63c3b83e-9a89-4e2e-9004-e67b39baf69e,fc03bbe4-bad2-479e-9fde-ec3949bc3e9f,2026-06-02T06:02:44,6200
571c1dcd-5275-4bc2-9f42-f30e6b3e3690,faa8b3b5-a899-4d36-90f1-acc317c0e07f,2026-05-04T15:30:44,4800
29f9c74b-2cd7-42e9-9afb-f9030d85cb6d,1f649739-b150-4591-8086-f35422d70f51,2026-08-06T21:51:47,1100
cbc8f3fc-c7c0-4137-8566-eaacd572129a,8638ecf0-e88f-4c28-9574-fc0451ca9f56,2026-06-01T23:14:33,700
e8543648-147f-4711-bcb6-2938361a9d26,2eac43b6-a4e0-4b80-8a18-2f619f2cdb94,2026-06-20T11:23:33,1100
28a6cec6-646a-494b-ac1a-1a8c905c770d,612db836-457a-4517-a40c-c6759c18c1a4,2026-05-16T03:31:59,1100
26cc8183-1338-4a95-b4e7-43a69dacd2ae,d2c75f34-199c-4a46-b17c-fdb7daae00fe,2026-08-11T04:34:57,3000
05abd3bd-99ed-41ee-86ac-3986431d8e0f,2c53d3a0-ba39-4008-ba72-dccb8a7fe25f,2026-08-13T07:03:27,1600
db62a692-4999-4f1f-9752-c3623758bd66,46afde4f-5653-40a1-8214-8159dec05483,2026-02-20T05:52:05,5100
fc45bfc1-c311-4e85-b864-0ea24efe416e,2c7e8f4a-95fa-4bd8-9825-337fcceb9634,2026-06-23T22:50:48,1400
48f8f396-6b6b-4999-a8ce-cc120f46a51f,23786a45-3a4f-4175-b426-065d69799001,2026-02-26T01:54:00,3600
e6c329d5-6bef-4165-b58b-bdaa2fe87c7b,eed79607-f6ea-483a-b909-f9dac52b671c,2026-06-03T00:38:45,700
aef00952-1a38-41fc-b3ea-3cd8435e478a,cbb7b015-1047-4fca-955c-34a339afd103,2026-07-03T08:45:55,2100
06f1d969-ab14-4e92-bdc9-be0e0db17a66,8eb832be-6957-4901-a7db-1af88373d12e,2026-08-09T00:45:42,2500
ae1d5f07-a5b5-4774-8b70-3efbe05072a4,a4c8baef-5f1a-4416-8eea-628af87ba49b,2026-04-11T08:44:24,3000
9265ad06-298d-4106-86d0-f80a3f19d38e,07fd9d48-82fc-44f3-837d-c8c6cc6254d1,2026-05-27T13:53:00,2600
be729ee3-a4b5-4d1a-bab6-72d3393e7b29,51c807fa-b61a-4e48-9deb-6372a0f3ba80,2026-03-13T07:29:12,6200
92d31436-7f28-461c-aaf6-75b6800d5138,77294cef-77b3-4009-825d-bdc72aa332f2,2026-03-09T00:17:49,0
4fdfd4c7-1412-475c-a9e9-8b8e54445245,b5d7cef5-3a2c-4fd7-8de8-67984f1eaebd,2026-02-17T16:34:51,1600
0f4f186e-3623-4619-9651-ee4911a6d461,6b1333e9-10ce-41dd-b6a7-09c724ba4e81,2026-07-06T22:18:41,2200
f6f32f2c-5b47-4372-ba02-f79cc7196265,80790014-770c-4825-b7b6-89aa09cb2ce2,2026-06-28T03:30:56,4600
2d9365f8-e4a8-4089-8a52-bcf14aaeac59,2eb995e3-b0ce-49bc-8f6a-b90850a9682d,2026-06-07T09:49:30,4400
456a35d0-1bbc-454c-837b-75ee8cd84a46,cd6fd056-dceb-49af-b91b-5a1c1761a341,2026-04-12T16:10:23,1900
b6089b8b-e10f-43e7-aacf-cc2845c30f2f,9d288311-57cd-4065-a5f2-a30319f31142,2026-07-14T15:05:35,2300
d35c94d5-5de9-4740-894b-9a9ab469fcd0,d10be25f-d518-4db0-85b3-13502315e759,2026-04-16T17:54:30,3796
4ba85fc1-2212-4d45-8b65-202ec6b49cfb,6e4187b9-763f-41c0-ae4e-0c488caa6de0,2026-04-04T10:19:57,1200
270a3f5f-a2e2-472b-96b3-9b8b7deaea60,6c65dac0-8d35-4741-a5d4-a4dd88d09d6c,2026-07-04T19:00:47,1100
d3350d41-39eb-4743-9383-d72dc51be97f,43ae57c3-e581-40be-aca3-f8be0e66c73c,2026-05-29T16:30:08,2300
952843b8-a111-46c4-9d80-5c4e3ec8615f,cf771d1f-c102-4b6b-ad96-380ac30c77b8,2026-04-29T18:12:20,5100
85359384-0840-47c7-ba0a-140b14fff2db,e52aff78-eba5-4727-bf16-e0ef5fdc8324,2026-03-16T05:23:43,3400
ae87f2ed-d59b-4686-a762-e7579d47076d,74f5936b-fd2c-4b20-bfcc-096a473232e4,2026-05-09T23:07:42,3900
02571aff-36da-44be-a7d6-da2cbd47df17,74d4a4a5-7b6c-48f6-8274-377fbf693ad7,2026-03-23T20:10:20,4700
c6bb614c-5f61-4691-a8d0-b4c4bc89e731,c8acf362-eccc-4c3d-8d7b-6b3f732f5880,2026-03-20T07:19:43,3500
aa03e717-366f-42f8-8871-ebc1a17c214e,aa31defb-7cc2-40e0-88e9-6616be8e99fd,2026-04-06T07:05:02,1800
5eee78ef-0c28-49c4-ab53-d9556ba20155,05c864cd-183c-4256-8e79-b55d135ff3ce,2026-02-25T16:35:58,1800
8ded624b-f654-4344-8d8a-3008eeb3e348,bc02292a-7619-4487-9345-7e41fec387f6,2026-07-17T04:12:43,3500
8232644f-0844-40c2-b194-03a322aaf4d5,ca5c3bdd-2566-4658-b59b-f8a9332d6fe4,2026-04-05T00:46:29,3600
6ed6843d-09f6-4bfb-a12e-4cc74ebb0c5e,db5c98e5-8d55-4a29-b8df-1668f04e05ce,2026-05-23T23:10:11,3300
cfa815c8-2a7d-451d-ab2f-0342637dc248,943212a5-7225-4fd7-a2c0-0f2aeca79337,2026-04-05T17:05:35,3200
42f3d916-3f05-4570-b7fb-f51bc4b6b409,7b15e3a0-02f4-44ee-ac48-81db7251347a,2026-03-13T00:15:54,1200
8581a602-a4f2-407e-bc28-27607219c615,3e6cedc1-a6c9-41db-a87a-1b85c7329241,2026-03-13T20:16:41,400
da7c4f8b-fb02-4a5e-b16d-7f4cc1caedb9,0498a1f8-896a-422b-985f-f41827c364ca,2026-06-05T19:29:09,2400
2d329fa6-0083-4d55-86e8-48a7e50fa4f1,a901771f-6bf2-4302-a5de-acfecab829d4,2026-03-28T12:28:12,4600
366f4455-b7b2-4c8c-ba15-4b1bbdc73487,a23f375e-a27e-4c7c-81b3-753ce71e53bc,2026-04-07T16:19:29,0
7c79cb29-51e3-4b50-9f84-2be49f66c878,95a0b0ed-2865-46c8-8da0-ba94fdf71979,2026-03-02T22:54:17,6700
0d7360c2-1c50-45bd-b97b-20aaf37e4bd6,8e8b8a8c-fb5b-4766-a4f6-eb1c80f37793,2026-02-26T01:05:25,3900
5edc4823-9d3d-4a96-a39c-30a9a03b1b3b,80be8b68-0105-45e7-88d8-f2914f85f444,2026-03-19T21:11:05,1200
18cd5be6-abdb-49c9-8a37-9f28684ba277,ad215214-bd2b-45b7-b7fa-c11c9d9d8632,2026-03-11T12:11:42,4000
79d83deb-bb58-45f9-93f2-85a8faef603a,6f5c6ea6-21ce-4f6f-9b2d-84db7575aeb5,2026-06-30T12:28:14,3800
83bb4b32-6258-482a-8cb4-c8ea4345b172,72d3b0d2-1d1b-4118-8212-3f1c0942b93e,2026-05-22T04:04:43,7000
6ff18007-0e64-4b3b-b63d-9a97dd8a33ea,abdd4a84-98bc-4033-95c1-3cb4a0704b86,2026-05-10T11:16:12,1200
afe67e00-32cb-49ad-9ee3-cd173fd11cba,48242d70-a820-416a-be83-2ce2b7458e39,2026-06-21T18:39:41,2200
d65990c7-a3de-4b98-b87d-8ae6d740711b,542bd058-195d-4acb-8eaf-10579f7bcabe,2026-07-14T14:13:08,2900
c492fea0-4d0b-4579-8096-97bfe4f50fb4,28f3a5e2-39c7-4013-9f5b-8b09d2dffc81,2026-07-19T04:02:01,3500
9503314e-f03b-49e1-915b-371606a2b536,608ce13d-b2fc-45c1-ba26-6fc681b4d024,2026-04-05T05:42:03,1400
98ffc6b6-4895-46e2-bce6-14b2cb642988,592e1bd5-7b5f-47e7-b516-26898ac70639,2026-07-19T14:23:15,1700
060332f5-4133-417e-8e42-c84c1580bcfa,26581347-5dcc-4323-bdee-7fa5abf56c34,2026-05-12T02:00:22,1200
bc31061a-a92d-4c0c-920c-0a69def7fc04,3f561521-1ed8-4de1-be18-b78c7affd07a,2026-03-22T05:48:36,2900
06891c5f-a442-48dc-b11f-f7a9263a6397,a9d5c9a1-d822-4a5a-9ad4-bf2509061a1b,2026-07-13T00:41:42,2400
94ce8bf6-fbb8-481f-8430-abbf05560e2f,7fe7d61a-7c2f-4fe3-bb19-acbe61979d65,2026-07-05T07:22:42,1600
0e10e57d-e585-4dc7-913a-61a4c53d7e5b,2e316a6f-786e-4e04-9258-2b99c8ee34ce,2026-03-23T13:46:02,0
3614721f-9716-4f96-8667-184207d128b2,46b2f799-12b9-4bcb-9c93-e8633292eecf,2026-02-18T07:10:38,5700
663b0bff-760a-43ef-a496-d0bbdc0e9de9,3ae781ec-dfb5-4b4b-b16d-f2b6bf6009a1,2026-06-12T20:12:39,1400
45f7616f-3327-49b3-b46a-aeea339aeffa,8f369ea3-c0fb-471a-9e8f-d74d9c2e5e10,2026-04-26T09:44:44,600
a19af4cc-72f9-438e-b9fc-ca5b8793664d,57f05fbf-5cdd-48b7-ba23-eac2b209110c,2026-03-27T21:35:56,6400
924dfdbe-0548-4c67-98f5-c85a3da5ce87,bf43371b-8282-44a6-a633-20789a7b0887,2026-03-16T02:55:58,1100
e803b5d0-a667-4791-8d55-d229cd85a35f,fd5e661d-0473-47f6-86f6-9cce5ebba365,2026-04-22T02:10:08,6500
2486987a-a04f-4f3a-bc70-e6dbfafe2aec,96724d0d-eb38-42de-8ff9-143e97abb626,2026-07-27T22:57:52,4100
cdf770ff-3eb0-4678-b5eb-e04182695ed6,bc069e4d-7860-44af-a706-463a1f20b4cc,2026-03-14T14:08:19,1200
5b8fb14e-dbb0-4e3c-af48-61b74ebcf8bf,43299ae9-41c9-455a-b7d4-ebd00b1819de,2026-03-13T09:07:11,5700
d2a8d23f-8ed6-4e6f-ad67-068cad90a62b,a5ba9bc0-bfd2-4274-8c8f-eca84d828d7e,2026-03-25T15:47:34,1100
e78a52d1-8b1c-4e3d-8798-ce5259123eb2,2b2df650-66b6-4b5f-8b54-20d75be9e7ae,2026-03-30T09:05:41,1700
6e2690ec-9e19-4151-93d8-07b9001172d6,da42bb79-32f7-4d76-aa2e-3df1e9aa9da3,2026-06-11T03:29:16,2900
a21bc8c2-31f5-4b0a-a05f-aed333cb263e,df8f6699-4fcb-44fd-a396-6c71a2cddb47,2026-02-20T20:01:47,5900
79ea3d1b-8bee-4b80-9c30-d61604ffcf07,77353493-328d-4d49-a9bd-53a807ca6403,2026-02-25T15:07:27,6600
50455bba-ccab-47bf-896a-77a52496dced,77663bd1-34c5-4ec4-abf4-f54c0adeb8b7,2026-04-04T21:22:54,2600
5d9b8696-3616-475e-bc92-66bec249596e,8be45113-01b9-43c5-9466-bbf414bf37e6,2026-04-05T07:57:56,3400
cb24322f-3899-4f9f-9c28-b1589699fdc8,0adc36fa-e5cb-48cf-8858-30e088acafa8,2026-08-14T05:07:47,3200
2f606e70-945f-48a5-84d3-bf1c63e58da5,6930ac4d-86a5-4c23-81e1-35b720517a71,2026-05-12T11:41:37,1200
957e48e3-2aaf-47fb-8d2a-5c6e5cc10ae5,3cbf91af-ba47-494b-bc1f-ceae297ee163,2026-07-10T05:14:23,1000
9a2b3ed9-da90-4864-a7ab-5f16264d8408,6814d882-f1c1-4daa-86da-8ba9182c9dc4,2026-04-02T03:59:20,2400
3a7b0a0e-6add-4053-933f-5a4cea7dd0cd,cad8a57f-d08d-4928-b72c-3a52f73fa049,2026-08-01T14:02:19,4000
025f7b8f-67e1-4f88-b815-52fea95a75ed,b64fbc64-226a-49de-af06-ebf6449cdb70,2026-03-09T07:36:18,700
a6a0729f-d9fa-45b4-a965-6d5bef121855,64127856-f096-4f76-a21f-7ca4bd693fa9,2026-02-28T21:59:38,0
01ddd268-a237-4038-a515-5165fe6574d5,36d8ea61-0ffc-4f9f-a14f-e03d47bed2ef,2026-04-27T03:22:58,6200
66af95f2-964e-415d-9daa-5cc5a231e2e9,de2e9418-47f9-40e3-8b68-65da1b7b3797,2026-05-08T16:26:36,3000
f6840cbc-28ca-413e-a240-7ca620e6b429,f67fd614-28b8-4a79-a9a4-a96e3a8063e7,2026-04-30T09:23:19,3800
19f6fbb0-767e-40aa-a77a-0abb646ccf2a,c3b7fad6-ccb2-4748-8f81-8c6986febb2e,2026-04-01T15:46:21,3500
f38a650c-3117-4f6d-9b51-be99ccbddc9e,262f3064-8b3d-4922-8dd1-4a461365db1d,2026-08-09T09:59:47,1100
42eb63c0-b939-46e7-a166-65b23f98b6d8,bdf90e6e-28de-45d0-bec2-3066fba57bfb,2026-06-20T14:35:12,3800
77f35e99-a1e3-4f3e-b3aa-528573c7e9e3,314f29c6-527d-4fbb-b6f0-b24858a977a8,2026-07-19T15:27:29,2800
1be45f37-e056-48bb-ad63-37bb9456dda2,3e6b6e80-849b-4234-a01f-161a79756539,2026-02-21T23:17:15,2900
2ff4ff7c-36ed-4856-9b4c-8f5ec1dc85b7,540aedb3-55a3-4ad9-ae6a-3d897cc36026,2026-07-18T10:30:05,5100
4e4cb647-9034-4f37-868b-d55d9d39f54d,9ffa1001-0a58-4a20-9267-244823c80b28,2026-08-16T10:32:33,4600
555002f3-cdbe-491c-b841-48eb0b233104,9bae5e73-6ea7-4733-8dd8-2a948c71ba4c,2026-05-28T07:35:00,1700
c270c686-d4f6-4908-8a6b-60874467516c,47af262b-06a9-4ee1-b31b-f40369bc657c,2026-04-22T06:51:11,3400
b4c6f302-e901-4d01-875d-7b88be728c90,7dc9e970-1b44-4152-85df-eba6f407416d,2026-06-12T16:34:54,1300
3e4e3cfd-e2f2-49d6-8655-de8c3b190e3c,c76ba563-687b-4fae-8a22-ee684067e0dc,2026-07-15T21:33:57,1100
d6b67522-98f6-4e4c-b49c-8cbc326ac69e,4f2ec00e-df8c-4be2-84bb-af472ef9c456,2026-05-24T12:41:29,900
8c3799ea-fc88-4f3f-ae0c-f31870d54cb7,6d020418-f649-4cc3-b75f-a187025be8b3,2026-05-04T07:08:53,400
37c595f7-d409-4fad-89e0-4c73d160d3e6,df50e810-b5e9-457a-8b19-af48fac744dd,2026-07-01T00:31:35,1800
a50465cf-c04a-4dbc-bd73-6270b8f4fdb5,feab5aba-5887-49ee-86bc-537f2c0b8c5f,2026-05-31T15:27:21,2400
aa190ac3-08bc-4537-a6c3-6c61aaf35d76,f74f0acf-b14b-456b-9082-e436f877e7ec,2026-04-16T19:04:22,0
bbc47fa4-4bc1-4e1d-be6c-f59617ca6559,cb0eabeb-a05f-4f76-9c72-59d512158733,2026-04-12T09:55:56,500
2887803b-92ef-4cd8-b09d-618322b7354e,8b159872-ab6b-4dd0-941a-2b8ed7ae33c6,2026-07-14T23:28:50,2200
6192006c-bbc8-4b8c-9cb7-f82b4dca1242,3f8eaad5-89d7-4f1c-b63c-563b07ca2966,2026-04-02T20:10:06,1800
ed5596cd-2406-4f1f-9585-85f1f60ef6c7,1a38dae0-f8fd-4539-b28a-c84a1858a61a,2026-04-08T02:58:18,4100
18a198f6-425d-4766-82d6-177cdba07563,75822ddd-a49b-4aa0-9f53-3e0f8e315434,2026-02-21T04:13:05,3059
8362d66c-05de-492f-bb5e-04b830c46c7f,d6a197e3-10ab-4dd1-8a9c-1b9464a83c16,2026-07-12T01:42:39,3400
173d0610-4b61-4ddd-85ea-1dac9e5d3be7,66405a5a-04b8-49bc-9529-be8f6a0c70db,2026-06-15T17:12:35,1200
6d2edc77-8e9f-4f4f-96b8-230e7e572795,55547601-4464-4961-bb0e-efd7f68f358e,2026-07-15T13:13:19,4000
07ace472-dd2a-4d93-a6f9-516c0aaae9ab,276b50d0-7987-4dc7-951d-94377dfa90c1,2026-04-02T20:54:39,9700
cb53fbe1-c624-4c39-aa86-9e340c58e438,4df2ee39-1807-4502-abd6-4f1c7c5afdd0,2026-05-11T13:09:47,0
7d9ce66f-9e52-4712-8ea9-e6e5f518b50e,4b70dbeb-529c-42e7-a9c2-393e80f463ab,2026-03-28T19:13:33,1500
eca6ee07-b18b-4ea8-b0c1-9d8b0d829e44,6b7fdeab-2906-4253-a925-3ee4b63385c3,2026-06-29T11:16:01,3000
569a6f1d-2f89-4906-88c4-58ab82a41065,02944625-9f7d-4e70-9dc6-be5bcde6f320,2026-03-24T20:40:12,3300
49aceb8e-cbe1-42c6-9fa4-435c95e4bd24,be6c46c0-db41-4f7f-bec3-e9cc7b7272ed,2026-04-29T11:44:33,1114
afc8118f-af53-474c-94ee-0ed9f5962345,a2d61213-0a28-4610-ada1-7ef7ddd55fe3,2026-08-08T22:09:18,1700
a086f99d-5bdd-468f-b826-79832297a038,faa10178-6b7d-4705-bc82-b79acf2c0102,2026-06-13T11:47:51,600
b895ba77-ad7f-49b4-b1a1-f0713b26a0a9,a016c72b-f80e-41ea-aad0-bfbce67491b8,2026-08-01T09:30:54,0
f6bb07f7-caff-4c36-bffa-a50a4f95fc45,1eed93f2-a522-4034-aa3e-cfa3545142df,2026-07-07T21:46:12,0
0300fc15-1bda-4a45-8548-a60b00bbf72d,44e30ed0-3494-40d5-be5c-753fbf98be44,2026-07-16T20:56:52,3900
f7b95729-7489-46ea-af83-a994028a0406,09e706ae-03cc-491b-bb4e-185a63e50713,2026-06-10T00:14:47,600
a97fa891-72de-4540-8014-08b3c77fa9dc,c542ed39-8ccd-4184-bd96-f2186fc577cd,2026-03-19T23:50:23,2900
5063482b-34ee-48cd-8057-f16b712c9c6e,05dfd0bb-57e2-46ac-8d5f-b1f944ac1fe2,2026-03-31T19:23:00,3600
e5884bda-0865-4943-9235-2fd269272453,8df21ea8-db23-4b25-8b9f-3fd4ed4443df,2026-07-25T04:04:31,3400
d97762cc-b307-4207-864c-4640650f9af8,a9a95ccd-bedc-450f-8beb-652f0dbe0959,2026-03-14T12:36:24,1400
5d2f4907-eaf7-4161-b689-2ce3173b2c20,09b7ae82-a3f9-4a9a-9717-655193feee2f,2026-03-21T12:03:37,2400
2201f26b-9a4e-4b3a-9310-dd9bbfdc0e48,29e252cd-01b1-4884-865b-8301fd74fcc3,2026-04-21T07:18:32,600
1f36846f-cb38-4667-bf4f-8097b699dce0,11527c2c-ef0b-498c-b7a5-f7b61e3872ce,2026-05-05T20:14:09,2800
876f77fd-de5a-4113-bafc-cba6349f0937,90a6fd53-9d14-4512-a52b-aa29debe16af,2026-02-19T19:20:20,3700
cca5e760-cd84-4509-9ee4-67e041e2662a,cb3e8b43-24ce-4bb4-b1ad-cc9018fb5ab6,2026-04-20T12:59:52,0
ed3eab70-a5d3-429e-b443-d4305bf91662,8134a0d6-7105-4b5f-b74a-1ffa382cbd0e,2026-08-02T07:06:17,600
a300a737-9854-4adc-b490-1df3eb91a702,ea6941d1-7c8b-4fe8-a0ea-d5f11366ab14,2026-08-09T06:14:01,6100
d8c73442-482f-4494-ae97-4b76afa03a89,4c3edc1f-7134-47a4-9a22-128dcfc25e3e,2026-03-28T00:23:52,1700
5ead49a6-55a4-45b0-9466-c782a0f7670a,fe7ac5e5-ccca-4ab8-899c-7948b8ef94e0,2026-06-18T09:50:19,0
09f5d0ff-1c6e-41f8-ad36-9aa826d24dfc,1c3b0e79-ce0c-4f00-a093-fac97551b6d3,2026-06-26T13:03:34,2900
bddc320d-c389-4569-8a51-6f1aaf1cadfa,dd29bb5f-7590-4d62-8fbb-7358e8b3d8f8,2026-05-23T16:04:40,5700
43e782a5-3b07-4c1e-b437-4d8ce8853d57,5250cf8f-a8c9-4a03-b4f2-745c7f677ff4,2026-07-15T06:34:20,4300
0f30c675-a0e9-43e7-a671-0355a080d8f2,cc949593-a0c3-4deb-853d-47c365652625,2026-06-04T11:33:47,1700
9b437753-bda4-4e1b-b306-42f4a88865b3,7032d732-a736-4655-b3e3-4402ce3ba230,2026-03-19T15:50:41,1200
6a266aaf-76fa-4472-a896-bf1181279b96,022fef80-85ee-4017-be12-be0e40b730b2,2026-04-13T20:23:19,600
740aba02-a2b1-4fc7-9584-87944b99d7c9,77ae31d9-6a18-4ec5-aab0-1f26dcf4eeef,2026-02-24T22:43:37,1700
a706887e-08b0-4a42-9722-477e87c04c61,e387bc57-a032-48f7-9c69-3aa5775b13a5,2026-08-12T23:47:17,2100
d83c03b1-33aa-4b54-a3f2-90797653da31,a2f6e2be-51c8-4c6a-9bca-5a9b17dc32b3,2026-05-31T23:37:35,1200
f417b047-112d-4809-828f-0671d663bb71,bb3d94e6-eba2-4e2a-b6e9-708e14b8fa38,2026-03-02T17:38:16,1000
dec563f5-1c1a-4e2f-92f5-f3ed7bf29a45,99699aaf-c5c2-49e1-a909-439cdb85415c,2026-07-07T21:23:13,3600
8b47b519-be46-4049-a9c9-0332596404bb,97bb8a28-5a26-468b-a371-619614d08a97,2026-06-22T08:39:51,1800
92207245-6163-4c7e-b05a-1eafabddd594,5789fb5d-a11b-4d1d-82ef-f3778f9c731e,2026-05-17T04:14:02,2600
9452836a-acb2-4434-ad94-0297fe60622f,081f9004-01b4-489d-a6c0-1da6681f43dd,2026-04-24T14:50:04,1900
0d7c2d74-42e7-4753-841a-8a5a459b9983,fe0f76d3-2f97-42fe-a88c-e92355e53dc7,2026-06-17T15:07:43,4100
96b698d0-cf7c-4e19-9e46-6e8263adeb48,ab40078b-12e4-48fd-8643-2cf7d9851a2d,2026-05-22T02:13:42,6200
c72e9fcc-b74e-453d-85ae-12b35979b6dc,bbdeab69-c086-44c4-a5f1-8ae10195be97,2026-03-31T13:06:52,1500
d419d9b7-ee69-4b3d-ad9a-4dec303419e8,b396b294-9d5d-4285-86ad-86f992bbf8a2,2026-03-22T23:27:46,1200
fb25b1bf-129d-470c-b215-88d15762f20d,f8101ce5-5b57-4133-ab02-546e2c5331ad,2026-03-28T00:35:23,2400
b0425c83-2e07-472d-baa2-6b191f4c92bc,710210b7-485e-4e85-b033-89c69786a65a,2026-02-19T15:35:54,600
a6f42208-f4e0-4cb9-bf19-6e8fb85604c2,275b31f4-3ad8-41ad-a554-48c49a665c6d,2026-07-31T21:24:21,4500
1d999a0a-2d36-4e0e-abb7-c5be17dee6f9,39444b51-97c3-453e-91bb-3f96dd0b5dec,2026-06-15T22:40:13,2300
3e0e1a71-8948-482e-8c82-8f0005a04e4b,8f4de602-ef01-4623-a42b-4a1ef283d949,2026-08-10T22:05:46,600
79051254-00cf-4f2f-9667-7a1bc336bd8e,c93a6df1-537e-400c-bb6c-d018e9f2f300,2026-06-22T13:46:53,325
5f7aa135-f422-48f3-8374-6319ffc8b8da,142ec62e-fb1a-43d9-8042-ce7c7e8b7f9c,2026-02-24T00:37:08,0
33837fcf-d718-4b74-bb70-bdd73203927c,23a0bddb-195f-4e69-a45b-efdd1ab63016,2026-05-26T23:07:17,1100
274c0c12-a594-419f-9f10-e86393423328,afa32adf-2960-4afe-9e5f-0c61df0919b2,2026-03-26T10:25:07,600
9e87c401-4cc3-4428-9c52-95dd65094caa,1494b963-4548-47a0-bcd4-b3ff8e6538b5,2026-04-28T09:56:03,1200
2da65594-2625-48f5-9fbd-6f69872dd3bc,075bb398-f7c9-4d25-8ed2-48d5d5b8c268,2026-08-01T21:50:00,3200
b035f55e-a41a-434e-ad5f-a4b66fe5295a,50aa893c-b774-4ed7-a955-a1bc126e65d2,2026-06-11T08:30:27,1200
da52b5aa-442f-45c5-adf3-fd9b6280220d,215e5d2f-20dc-48a2-a9c3-4042037bd932,2026-05-01T07:37:36,2800
68b4d301-7887-47c0-bb19-325f9b69efa5,3030c6b8-5495-4a5a-aa85-58302d2e7ef8,2026-02-25T18:13:34,2100
bcfd7d04-6248-4630-80ee-cf3c7cab180d,f3c106a4-96d9-4937-be16-00bd66bef692,2026-07-28T02:07:01,2700
304c4f96-9904-4f40-bb95-9ff112782f5f,b9fae8e1-d3c8-405a-bd6e-00e07a9b7f71,2026-03-23T03:39:26,3400
c5507423-135f-4d37-a254-5adf3f67331e,c840eff3-d98e-48a9-817c-e6b534280b5c,2026-08-02T08:11:28,1200
92f1c643-fab6-4af8-9e12-1501ba70a56e,71963935-acf9-4d36-b8ec-220c65e07d16,2026-08-15T07:21:26,3900
123d0f7d-b3b4-47cb-b61c-b87997bff8b1,3fefde24-bd94-45ad-b7c3-1f1013580c0b,2026-04-21T21:01:53,4800
47d7dfc8-e04c-4130-b5fb-f5785a95818c,0235a617-ccce-4fa8-850f-3165f29b78ae,2026-05-13T10:59:01,1100
72ca2411-e05f-4022-a16a-8b1a7436d9e0,03933e2a-0a82-41e2-afe4-2d75a318e146,2026-02-25T11:39:59,1200
255dc7cb-bb47-46e3-810a-a93c549699a4,43a43bf6-0e54-4e68-beba-9dcf96308623,2026-07-15T11:43:51,5800
37d5eb47-8ea5-41b0-92d7-019c7a94e7a7,74ffc0a1-5a2c-473b-92b0-1c6d132fb53e,2026-07-18T12:14:15,800
1cd03cd6-2693-47b4-9920-fa2666b63a29,390701b6-e30c-4e4b-bf62-bc066fc4be90,2026-04-17T11:04:43,2400
be6c4f5b-62f0-4b79-8f40-d6703dfa1dd1,c0edea91-5c9b-4e80-91fc-e8d9e9054202,2026-04-23T09:25:48,4100
dfe74636-c4a7-4bdb-948c-6f3781697896,59734b15-344e-4cc5-96e5-b61d0ba7130b,2026-05-09T20:35:00,2400
a0887fa4-9854-4476-ad23-7b51c62bf9b4,c427edce-9795-4ebe-94c0-adb9d88c6880,2026-04-05T18:18:20,700
2e1fd51a-330c-4643-935d-b6e423970366,4b0073c5-23d9-4dbf-8402-4e45374e7ed0,2026-05-20T16:38:56,800
a940c810-ce80-47c4-bc83-ffb5014ce668,4f50838c-4544-403c-ba77-7502e2cb6c06,2026-03-15T20:28:27,2100
95935de2-677e-408b-ae3b-d713fb2a08d9,6b5f2c97-f6aa-4c58-8321-fd33e076c629,2026-06-11T20:30:17,7500
4f402763-d518-44e4-ba53-e886789c2e8c,557dc3a9-fba3-49ef-a0eb-d692268e8e78,2026-06-06T09:09:43,600
381bbdae-3fd4-4633-8d78-a64c499b700b,14030569-cd28-4cf1-ba03-b1de73351833,2026-04-07T12:45:57,342
133d7034-b2a6-4401-bf05-a5c6154f4c70,2c603f21-e5a3-40ca-b5af-c776ce8055c2,2026-04-01T20:01:41,2400
80705695-57b0-4ad5-bc9c-4c89db6863a1,676d1226-6562-4779-878b-93bebf81fec4,2026-05-08T21:02:44,2500
b0be5c36-f3a5-47a1-ba5f-301c2c37b508,a2cc1d23-acd5-4cbd-bab5-7ed98fd27c3a,2026-06-01T18:50:56,2600
8f9cf462-6ac8-498d-b416-cd1889709389,5a442f37-f44b-4708-aeeb-72f96e1c5f64,2026-07-22T08:55:37,447
d9bfdaa4-0de4-409d-94d2-b6361abff1a1,b2b923ea-8fb6-4c2c-b5d1-df77eb353149,2026-05-01T11:22:05,2500
0348ba3e-0842-42dd-8ed4-2d954f1f7531,15543400-de10-4fba-863f-594d9e84df63,2026-05-30T16:58:36,2600
43eeec64-cc50-49f0-8b55-94fb19e47f35,85988123-fa8d-4c33-b5d7-7f69a0396e54,2026-07-05T18:36:17,4600
3ab43c55-e121-4f11-85d0-7e3bba120ac4,8a0f7357-a129-4bc8-88e3-84e8ead8e0fa,2026-02-22T08:52:15,3300
5d035918-e1be-4613-8108-141502f94fde,3eeb8aee-5c35-4df5-a507-5760ef7130fe,2026-05-20T10:50:47,1800
8a6cbeb6-6280-4ffd-8f73-add3babe1cd5,a6328a33-5a10-45a7-afdc-e24eaa5d7a7b,2026-07-12T15:57:26,2300
737d5a90-d2f9-4ab6-8aa4-f9ddaca3f5f2,ffc37e4b-751e-49c3-8da8-5b30a0a34e4a,2026-08-02T19:38:54,600
731e3602-b309-4c64-886a-c62a39ec975b,27cbabf6-f670-438c-a381-e6f4fcdbcae2,2026-03-15T18:59:08,4200
9fbd8bb0-0413-47eb-a87c-bf06ff0610d2,6431bf9a-ceac-48ba-82ae-453f6d34e72e,2026-08-12T17:39:24,4100
8659699f-45ed-452a-9197-d65b284f5811,2df84550-6c7f-4610-91ac-da1cee46c2bf,2026-04-09T16:15:11,2900
959ed563-cd57-4311-8008-dc58eadd6645,1b190706-a92d-4869-9e10-47f5e07d158c,2026-05-26T06:51:39,1500
fc3c3845-324d-4d9a-bfad-ebac55e532b4,829982cc-ef78-4b1d-bebb-b7343ff7d931,2026-06-20T03:27:07,600
b74b91ac-4096-4428-80fb-7579a0a90d3b,ddd2bd4a-82ef-4103-b203-219448bde464,2026-02-22T16:07:19,1100
f63a64c1-c79b-4f55-98e1-c65254b9f81d,0cc91aa5-f164-4592-a5e3-fc1ce1dc435f,2026-05-17T21:18:17,2800
aeabf191-f9e4-4989-a523-3a974a95fec4,fd261d1b-b905-4982-a420-2cc98d206262,2026-03-09T23:11:01,600
d4197299-f7a6-4b2d-a274-d5fd64eeaa81,db97ac4c-9ca5-4360-b632-8aa5c584c0b6,2026-03-01T11:49:24,4500
b85e2f70-cdb4-4c52-b956-f5cab370137a,5442c42a-1089-48b8-bff7-689821da6164,2026-07-08T19:19:38,1100
b82acd94-636e-4449-ad85-02ff488ff87d,59f0966a-01b8-42c0-80fb-6aa89508288b,2026-04-24T00:12:09,1800
00c13f3a-5b8b-4211-afe5-ea609a49ceed,3e5ba511-a197-4113-a93b-8bb81cb866ad,2026-02-20T07:43:29,3300
8253bb59-cf81-4811-bc8d-d68c6fdc0007,7a56b96a-1890-47d3-867e-d3d9fd327e57,2026-04-20T11:02:14,850
20d47087-8d43-40c8-bf64-eb601e6468f7,ee59999e-31ad-4aaa-acb0-ea2b50775d33,2026-03-06T14:37:50,2400
5fb2c67c-3a66-44e0-9441-89b0f33f1ea9,8065374a-6b2a-416c-9d9b-36d140122274,2026-08-08T14:07:43,1800
240a8a53-7257-478c-8175-3114d49fac94,db078968-eda0-48ab-9be4-c7d7ef588e95,2026-07-17T21:57:14,2200
f6914d34-a569-49a3-b9e1-490d09158bb9,8e4ab18c-d963-467a-9c62-5d67922b9933,2026-07-11T23:03:22,1200
e98e1b77-35d9-46bb-b68d-165ea42c7c34,c87713c2-24a5-4b6e-abda-5977770fe9ca,2026-06-27T20:49:14,6500
470d98e3-7543-4a8d-8d96-fef780518e54,a9a0ece9-c5bf-4f35-b058-417d081643f5,2026-07-12T12:56:16,2200
1464da8f-7def-4f75-a486-17427f41faea,b59bc8bf-8900-4569-82f0-092c776f6054,2026-05-16T01:28:55,5100
d8f897e5-53e7-4d01-837c-7dfd57564ff4,f1cb366a-fe86-4f5e-b90f-aa129f43a040,2026-05-17T22:03:02,3100
0af99c4a-a834-4539-8ea9-b9dcb6945f45,6cfa9d65-395c-4c6d-a842-3ae59fc3db20,2026-04-26T10:45:47,500
4e3bced2-bafe-4b32-96af-267268fc2f80,ff85db24-4c93-4017-b200-6dd4907d88d7,2026-08-15T22:09:16,1400
9f8bc938-cd59-4785-8d4d-b6ddd3b12b99,6cf7fa94-e4f6-431b-a219-631f8ce7e11c,2026-05-10T03:03:49,1500
cfb61da6-802b-4f20-8f5e-e3bed09851cc,5354379a-4bd1-4949-9b57-7adf517a696e,2026-05-02T03:18:46,2700
3d880126-6583-47fc-878d-52372702abae,426016ec-2974-4542-8e79-a14c7209e53a,2026-04-03T03:20:51,4100
1c78ec6c-ac34-467b-bebc-96f78ff92025,49f3b909-d8e4-4d56-a8a7-6a1a695edda3,2026-08-14T18:16:31,2800
fb906c4d-44ed-4ed6-bf22-f2605b1ab2bf,9d9397ef-f2b9-49a8-86b1-9cb9f7c498b5,2026-05-08T19:53:33,4600
f1d438a9-a61f-41b4-9d7f-4a6ee4dfd013,80ece13b-965e-47d4-9bed-e4c17eb06b3e,2026-08-07T07:34:05,2300
1631dae2-c94e-41e7-875b-ae92ff3be44f,cac608ae-a1a3-42b4-9c24-9ee696981f66,2026-05-28T03:19:39,3400
1d83fc97-3c57-44ad-9caf-9dc2e3a108dc,b054587b-2151-4cbf-9566-452ecd485c1f,2026-07-23T11:40:37,1200
9f02686c-69c8-4828-a4cc-deda271b5f13,28a2de01-9786-4d21-a87e-f1b07d08d37b,2026-04-01T04:53:15,2200
b411be20-008d-4dd2-92b5-02af96e1367f,6c530b40-1764-4cef-b486-55b2047f86e3,2026-07-02T14:32:06,4800
a7172e7a-0ad1-4444-a638-de1583a86628,dc3e420f-c0dc-40fe-855e-bb46be5b2332,2026-07-08T23:57:08,1100
96a9fa65-6001-48c6-b9c0-150c12073cf9,0da8a5bd-1847-49de-8a86-17a7e2de7a3d,2026-04-07T19:06:51,7800
330fab37-8eda-42e1-bb62-0820110f2d7f,b5f25b80-f606-4c8d-9e3a-fd8aa60ee89e,2026-04-01T19:09:13,1500
4bf4e460-5bd2-41b8-b37b-ed76e2f3afef,30b670a8-f8a7-4e23-81c5-96b7bb4eba32,2026-04-06T09:34:03,1800
5140ac8c-733b-4af1-b279-7deeb82fec37,5b694fa6-0365-4e1e-8585-2900f70c15c7,2026-05-30T10:47:49,2600
89b9e7b0-d566-4725-902c-24902fd40d4f,f17698f5-a091-414a-88d5-b5dcd3a5e16b,2026-04-14T20:18:35,1100
86c310bf-ee0b-4090-a1c6-cf983fdd0184,626bbe6a-cf9d-4ef7-a6c6-764ebda5ca76,2026-06-20T15:53:55,700
f2a00e5c-b680-4dfd-84be-c91af39ae44e,7913193b-21bc-4a11-9040-9b6349b085e3,2026-02-18T23:18:13,5100
f5b217c1-d9a2-437a-9354-baa0991a46bb,81c539c9-113e-4505-b8d0-775b1f61d2c1,2026-08-04T04:56:14,1800
d1369f36-45a0-4608-ade9-48319446aeb3,ae0aa0a5-2968-40c5-ae62-f8dac30f09a9,2026-04-13T21:16:10,3400
6e4b2ede-8099-4a9c-ac80-bb671c9f6cd3,f59f4235-e067-41da-ba00-c4cf5507b9e7,2026-05-25T08:26:09,2600
738eacb6-48e2-4b80-b24a-f726f0416d8a,a2beb99a-2d1b-4518-a51b-01375ebec6d2,2026-08-01T11:08:22,4500
4d2f6fda-8610-49a3-9d69-c52a499726e7,4a2d1557-2dd6-498a-87ee-5ea7c54747d9,2026-03-14T11:07:47,3500
43d74968-8021-480b-ab93-6377e8bb4186,e1d6219a-e882-475d-a81b-7b22a4e0eb4b,2026-05-11T04:17:32,3900
2307786a-99be-421f-b9e8-98b181ddb8a3,f80ba777-7e11-4981-8202-d62bd7713612,2026-07-25T11:10:35,1800
e8f42f29-4dd9-4415-85ae-5ee5b6712cc6,aceea9d6-b519-4c18-ae5f-8e2a7ef8b302,2026-04-27T21:43:14,4500
6952ebd1-cca5-4d2a-8960-af4b73ee43bf,ae7b5281-1cb7-4b28-b063-681cdcc0e669,2026-04-15T21:48:21,3400
fe41074c-722d-4dd7-b3dc-2e51a6f94470,dc5d12ca-dea9-44cf-bc5a-6f17330eed1f,2026-02-20T03:53:16,3600
3586bf80-abeb-43cb-8765-b1c5c5f44133,2a7e7ea1-be64-4169-a5d8-7439cf6a433e,2026-06-26T03:27:04,4200
ee988ff8-6623-42f6-be90-e41661bdd502,351147fe-4126-4aa5-b5aa-d2eae1817270,2026-05-06T00:22:30,4100
92a323a0-c693-4ca2-b604-757b6a8fea7a,49e9f61f-f11d-4e70-9c80-38de00d1448e,2026-05-20T18:32:40,2400
22323597-9b2b-4d5e-be31-b5bc163d69f5,d72c5143-d78c-4441-b091-15c90e777a3d,2026-04-16T19:23:25,3800
e5989b60-ec2a-4859-ab8b-91255012bea0,1ae2533e-d9cd-4294-95d4-44f557bacf90,2026-07-20T19:35:32,3600
22000841-d7ac-4695-8aee-11d6d159dd4e,daccca55-a3e4-4b24-80bd-da18a796d9c9,2026-05-12T20:14:57,6200
ce6cb643-38f8-4b38-8410-2e1925227682,135d413d-54d3-42a5-8658-82270017f35c,2026-06-25T04:03:01,1200
2095369b-4402-41a2-8cb5-235f3edb83e2,952e40ba-2421-46dd-b7b5-408e395604e7,2026-07-01T22:51:10,1700
470e9c15-029e-4688-b787-6aba74c0909f,2443fb68-1765-43a0-9f93-29f1d75b9984,2026-07-17T12:04:24,1400
69a33536-1777-4d3c-8b83-331181bc7496,5b2cf798-63a7-46ad-a08b-96421915b744,2026-06-17T14:51:53,400
21e0968b-a1a1-48a2-ad49-73a5259d7f66,2a6d1669-a42e-44d5-9010-38a2a8dda2c2,2026-06-06T14:06:26,1900
6520a050-7942-46de-a099-e1d4531ee354,10deefa0-132b-450b-aaa0-dedc3085b358,2026-06-21T16:13:21,1800
9709cc3c-02ea-4653-bbc1-a1e27dd25888,03c9bae9-b44c-4970-896f-13da120b6d62,2026-04-13T05:58:38,4500
1063ce7f-6caa-402c-98e1-bf5e0b8b27e4,0f2a2185-cf96-490f-b7b5-9fe3e912c937,2026-06-05T17:40:32,1400
e3b3265b-1e10-4a09-87a1-01c11703b94c,51e8966b-5ec4-4fe2-bb5e-acd049053900,2026-06-19T21:43:06,2300
6d22fbc2-4e15-49fc-b982-0b8f0ba1a7c5,a97ab69c-71a1-4264-86ea-9505fd87b597,2026-07-02T04:56:49,1800
fa6d1c93-f728-46b9-aeb6-25ecf25e93ed,7f09a6d2-07e8-4ffb-be52-a4ae3ddf5d73,2026-03-20T12:03:50,1815
6971c9ab-be3a-44e0-9139-c2595932600b,cc2a1cf9-f3e0-408d-868e-daad6ec9861d,2026-04-28T19:18:33,5300
668a85b0-ce29-403c-8a92-d1339d56765c,34e26c25-dc20-4e9f-84dd-809e35abc8c3,2026-06-29T20:04:47,2800
2c94768d-4ea9-4fcf-9f65-db081fdbcd14,b021d83e-ef15-4da7-ab77-b57a10c09310,2026-06-14T07:08:16,2100
3e853f21-db9f-4e2f-8662-d504e9d41cb9,b2332ea4-b4b8-4e50-9ee2-80aa37b0f3b9,2026-05-15T18:31:32,4100
9286510c-d2de-458d-9560-309c9110edb0,3daf7cc8-da6b-478e-808a-7a0d603e86a2,2026-07-07T22:48:39,1600
6170e4b4-62a3-4cb9-a28b-92d09216e678,9125ab04-c59f-4dae-8686-64b100595b34,2026-05-11T17:11:41,1400
616cc3ce-2793-466f-b1c1-ed5c0cb71b2d,a011f35c-d7c5-4bc7-8f12-97eb97617ae3,2026-04-13T01:29:03,3600
7288d3f7-7beb-4030-87bc-b5fe5c961b8d,bc1d9a02-304a-40fd-ab1c-3b8057f77e30,2026-06-19T14:50:20,1800
2e53010b-9a52-4f3b-b20f-a765269734fa,3e190b95-6a7a-4cfe-9074-36d638878800,2026-03-18T13:43:05,2900
e8d5eaa1-f4b9-4572-85a6-08a01918d74c,a4aff14c-eea9-4478-91b9-6d906b5baa76,2026-03-03T03:04:55,1200
4243e5c2-4ce8-4703-9823-39541461d1b0,940a4615-ca45-48ae-bbfb-197a2e6ebc34,2026-08-03T23:56:15,5400
4a3b414f-f045-4fab-9755-4a21b438bb7c,d68a4a0f-cff4-464c-a39b-150733581955,2026-06-11T07:31:48,0
61ac9d1a-c478-4f4d-b993-ab082c07c254,bfe7811c-acf1-4a09-b10e-6e6e24d8471a,2026-06-30T21:13:08,2200
